<?xml version="1.0" encoding="UTF-8" standalone="no" ?>
<gpx xmlns="http://www.topografix.com/GPX/1/1" creator="calimoto gpx export (https://calimoto.com)" version="1.1">
  <metadata>
    <name>Trau → Općina Baška Voda</name>
    <desc></desc>
    <author>
      <name>tigerrider91</name>
    </author>
    <link href="https://calimoto.com">
      <text>calimoto</text>
      <type>text/html</type>
    </link>
    <time>2026-08-26T18:56:20+02:00</time>
  </metadata>
  <trk>
    <name>Trau → Općina Baška Voda</name>
    <desc></desc>
    <trkseg>
      <trkpt lon="16.246126" lat="43.513132">
        <ele>43.0</ele>
        <time>2026-08-26T15:49:42+02:00</time>
      </trkpt>
      <trkpt lon="16.246137" lat="43.513072">
        <ele>43.0</ele>
        <time>2026-08-26T15:49:45+02:00</time>
      </trkpt>
      <trkpt lon="16.246158" lat="43.513021">
        <ele>43.0</ele>
        <time>2026-08-26T15:49:47+02:00</time>
      </trkpt>
      <trkpt lon="16.246174" lat="43.512972">
        <ele>43.0</ele>
        <time>2026-08-26T15:49:48+02:00</time>
      </trkpt>
      <trkpt lon="16.246198" lat="43.51291">
        <ele>43.0</ele>
        <time>2026-08-26T15:49:49+02:00</time>
      </trkpt>
      <trkpt lon="16.246222" lat="43.512864">
        <ele>43.0</ele>
        <time>2026-08-26T15:49:50+02:00</time>
      </trkpt>
      <trkpt lon="16.246289" lat="43.512829">
        <ele>44.0</ele>
        <time>2026-08-26T15:49:52+02:00</time>
      </trkpt>
      <trkpt lon="16.246357" lat="43.512828">
        <ele>43.0</ele>
        <time>2026-08-26T15:49:53+02:00</time>
      </trkpt>
      <trkpt lon="16.246438" lat="43.512832">
        <ele>43.0</ele>
        <time>2026-08-26T15:49:54+02:00</time>
      </trkpt>
      <trkpt lon="16.246518" lat="43.512836">
        <ele>43.0</ele>
        <time>2026-08-26T15:49:55+02:00</time>
      </trkpt>
      <trkpt lon="16.246599" lat="43.512851">
        <ele>43.0</ele>
        <time>2026-08-26T15:49:56+02:00</time>
      </trkpt>
      <trkpt lon="16.246672" lat="43.512863">
        <ele>43.0</ele>
        <time>2026-08-26T15:49:57+02:00</time>
      </trkpt>
      <trkpt lon="16.246743" lat="43.512876">
        <ele>43.0</ele>
        <time>2026-08-26T15:49:58+02:00</time>
      </trkpt>
      <trkpt lon="16.246818" lat="43.512888">
        <ele>43.0</ele>
        <time>2026-08-26T15:49:59+02:00</time>
      </trkpt>
      <trkpt lon="16.246947" lat="43.512909">
        <ele>43.0</ele>
        <time>2026-08-26T15:50:01+02:00</time>
      </trkpt>
      <trkpt lon="16.247023" lat="43.512928">
        <ele>43.0</ele>
        <time>2026-08-26T15:50:02+02:00</time>
      </trkpt>
      <trkpt lon="16.247113" lat="43.512935">
        <ele>43.0</ele>
        <time>2026-08-26T15:50:03+02:00</time>
      </trkpt>
      <trkpt lon="16.247237" lat="43.512931">
        <ele>43.0</ele>
        <time>2026-08-26T15:50:05+02:00</time>
      </trkpt>
      <trkpt lon="16.247348" lat="43.51294">
        <ele>44.0</ele>
        <time>2026-08-26T15:50:07+02:00</time>
      </trkpt>
      <trkpt lon="16.247419" lat="43.51294">
        <ele>44.0</ele>
        <time>2026-08-26T15:50:09+02:00</time>
      </trkpt>
      <trkpt lon="16.247457" lat="43.512984">
        <ele>44.0</ele>
        <time>2026-08-26T15:50:12+02:00</time>
      </trkpt>
      <trkpt lon="16.247387" lat="43.512994">
        <ele>44.0</ele>
        <time>2026-08-26T15:50:14+02:00</time>
      </trkpt>
      <trkpt lon="16.247327" lat="43.512976">
        <ele>44.0</ele>
        <time>2026-08-26T15:50:15+02:00</time>
      </trkpt>
      <trkpt lon="16.247253" lat="43.51296">
        <ele>44.0</ele>
        <time>2026-08-26T15:50:16+02:00</time>
      </trkpt>
      <trkpt lon="16.247159" lat="43.512937">
        <ele>44.0</ele>
        <time>2026-08-26T15:50:17+02:00</time>
      </trkpt>
      <trkpt lon="16.247066" lat="43.512928">
        <ele>44.0</ele>
        <time>2026-08-26T15:50:18+02:00</time>
      </trkpt>
      <trkpt lon="16.246941" lat="43.512911">
        <ele>44.0</ele>
        <time>2026-08-26T15:50:19+02:00</time>
      </trkpt>
      <trkpt lon="16.246819" lat="43.512899">
        <ele>45.0</ele>
        <time>2026-08-26T15:50:20+02:00</time>
      </trkpt>
      <trkpt lon="16.246701" lat="43.512881">
        <ele>45.0</ele>
        <time>2026-08-26T15:50:21+02:00</time>
      </trkpt>
      <trkpt lon="16.246612" lat="43.512869">
        <ele>46.0</ele>
        <time>2026-08-26T15:50:22+02:00</time>
      </trkpt>
      <trkpt lon="16.246513" lat="43.512856">
        <ele>46.0</ele>
        <time>2026-08-26T15:50:23+02:00</time>
      </trkpt>
      <trkpt lon="16.24643" lat="43.512845">
        <ele>46.0</ele>
        <time>2026-08-26T15:50:24+02:00</time>
      </trkpt>
      <trkpt lon="16.246356" lat="43.512841">
        <ele>46.0</ele>
        <time>2026-08-26T15:50:25+02:00</time>
      </trkpt>
      <trkpt lon="16.246263" lat="43.512841">
        <ele>46.0</ele>
        <time>2026-08-26T15:50:27+02:00</time>
      </trkpt>
      <trkpt lon="16.246202" lat="43.512861">
        <ele>44.0</ele>
        <time>2026-08-26T15:50:29+02:00</time>
      </trkpt>
      <trkpt lon="16.246175" lat="43.512923">
        <ele>44.0</ele>
        <time>2026-08-26T15:50:31+02:00</time>
      </trkpt>
      <trkpt lon="16.246163" lat="43.512993">
        <ele>44.0</ele>
        <time>2026-08-26T15:50:33+02:00</time>
      </trkpt>
      <trkpt lon="16.246126" lat="43.513064">
        <ele>44.0</ele>
        <time>2026-08-26T15:50:35+02:00</time>
      </trkpt>
      <trkpt lon="16.246128" lat="43.513119">
        <ele>44.0</ele>
        <time>2026-08-26T15:50:37+02:00</time>
      </trkpt>
      <trkpt lon="16.246174" lat="43.51318">
        <ele>44.0</ele>
        <time>2026-08-26T15:50:39+02:00</time>
      </trkpt>
      <trkpt lon="16.246279" lat="43.513214">
        <ele>44.0</ele>
        <time>2026-08-26T15:50:41+02:00</time>
      </trkpt>
      <trkpt lon="16.246339" lat="43.513227">
        <ele>44.0</ele>
        <time>2026-08-26T15:50:42+02:00</time>
      </trkpt>
      <trkpt lon="16.246416" lat="43.513235">
        <ele>44.0</ele>
        <time>2026-08-26T15:50:43+02:00</time>
      </trkpt>
      <trkpt lon="16.246493" lat="43.513242">
        <ele>44.0</ele>
        <time>2026-08-26T15:50:44+02:00</time>
      </trkpt>
      <trkpt lon="16.246575" lat="43.513241">
        <ele>44.0</ele>
        <time>2026-08-26T15:50:45+02:00</time>
      </trkpt>
      <trkpt lon="16.246653" lat="43.513241">
        <ele>44.0</ele>
        <time>2026-08-26T15:50:46+02:00</time>
      </trkpt>
      <trkpt lon="16.246748" lat="43.513242">
        <ele>44.0</ele>
        <time>2026-08-26T15:50:47+02:00</time>
      </trkpt>
      <trkpt lon="16.246829" lat="43.513244">
        <ele>44.0</ele>
        <time>2026-08-26T15:50:48+02:00</time>
      </trkpt>
      <trkpt lon="16.246907" lat="43.513252">
        <ele>44.0</ele>
        <time>2026-08-26T15:50:49+02:00</time>
      </trkpt>
      <trkpt lon="16.246984" lat="43.513262">
        <ele>44.0</ele>
        <time>2026-08-26T15:50:50+02:00</time>
      </trkpt>
      <trkpt lon="16.247068" lat="43.513269">
        <ele>44.0</ele>
        <time>2026-08-26T15:50:51+02:00</time>
      </trkpt>
      <trkpt lon="16.247155" lat="43.513275">
        <ele>44.0</ele>
        <time>2026-08-26T15:50:52+02:00</time>
      </trkpt>
      <trkpt lon="16.247241" lat="43.513282">
        <ele>44.0</ele>
        <time>2026-08-26T15:50:53+02:00</time>
      </trkpt>
      <trkpt lon="16.247321" lat="43.513289">
        <ele>44.0</ele>
        <time>2026-08-26T15:50:54+02:00</time>
      </trkpt>
      <trkpt lon="16.247404" lat="43.513298">
        <ele>44.0</ele>
        <time>2026-08-26T15:50:55+02:00</time>
      </trkpt>
      <trkpt lon="16.247479" lat="43.513309">
        <ele>44.0</ele>
        <time>2026-08-26T15:50:56+02:00</time>
      </trkpt>
      <trkpt lon="16.247546" lat="43.513318">
        <ele>44.0</ele>
        <time>2026-08-26T15:50:57+02:00</time>
      </trkpt>
      <trkpt lon="16.247645" lat="43.513328">
        <ele>44.0</ele>
        <time>2026-08-26T15:50:59+02:00</time>
      </trkpt>
      <trkpt lon="16.247724" lat="43.513329">
        <ele>44.0</ele>
        <time>2026-08-26T15:51:01+02:00</time>
      </trkpt>
      <trkpt lon="16.247806" lat="43.513306">
        <ele>44.0</ele>
        <time>2026-08-26T15:51:03+02:00</time>
      </trkpt>
      <trkpt lon="16.247849" lat="43.513273">
        <ele>44.0</ele>
        <time>2026-08-26T15:51:04+02:00</time>
      </trkpt>
      <trkpt lon="16.247883" lat="43.513185">
        <ele>44.0</ele>
        <time>2026-08-26T15:51:06+02:00</time>
      </trkpt>
      <trkpt lon="16.247886" lat="43.513137">
        <ele>44.0</ele>
        <time>2026-08-26T15:51:07+02:00</time>
      </trkpt>
      <trkpt lon="16.247904" lat="43.513074">
        <ele>44.0</ele>
        <time>2026-08-26T15:51:09+02:00</time>
      </trkpt>
      <trkpt lon="16.247955" lat="43.513034">
        <ele>44.0</ele>
        <time>2026-08-26T15:51:12+02:00</time>
      </trkpt>
      <trkpt lon="16.248096" lat="43.513029">
        <ele>44.0</ele>
        <time>2026-08-26T15:51:14+02:00</time>
      </trkpt>
      <trkpt lon="16.248183" lat="43.513057">
        <ele>44.0</ele>
        <time>2026-08-26T15:51:15+02:00</time>
      </trkpt>
      <trkpt lon="16.248267" lat="43.513093">
        <ele>44.0</ele>
        <time>2026-08-26T15:51:16+02:00</time>
      </trkpt>
      <trkpt lon="16.248354" lat="43.513131">
        <ele>44.0</ele>
        <time>2026-08-26T15:51:17+02:00</time>
      </trkpt>
      <trkpt lon="16.248451" lat="43.513167">
        <ele>44.0</ele>
        <time>2026-08-26T15:51:18+02:00</time>
      </trkpt>
      <trkpt lon="16.24854" lat="43.513194">
        <ele>44.0</ele>
        <time>2026-08-26T15:51:19+02:00</time>
      </trkpt>
      <trkpt lon="16.248625" lat="43.513218">
        <ele>44.0</ele>
        <time>2026-08-26T15:51:20+02:00</time>
      </trkpt>
      <trkpt lon="16.248732" lat="43.51325">
        <ele>44.0</ele>
        <time>2026-08-26T15:51:21+02:00</time>
      </trkpt>
      <trkpt lon="16.248826" lat="43.513279">
        <ele>44.0</ele>
        <time>2026-08-26T15:51:22+02:00</time>
      </trkpt>
      <trkpt lon="16.248933" lat="43.513307">
        <ele>44.0</ele>
        <time>2026-08-26T15:51:23+02:00</time>
      </trkpt>
      <trkpt lon="16.249039" lat="43.513338">
        <ele>44.0</ele>
        <time>2026-08-26T15:51:24+02:00</time>
      </trkpt>
      <trkpt lon="16.249145" lat="43.513369">
        <ele>44.0</ele>
        <time>2026-08-26T15:51:25+02:00</time>
      </trkpt>
      <trkpt lon="16.249249" lat="43.513393">
        <ele>44.0</ele>
        <time>2026-08-26T15:51:26+02:00</time>
      </trkpt>
      <trkpt lon="16.249354" lat="43.513423">
        <ele>44.0</ele>
        <time>2026-08-26T15:51:27+02:00</time>
      </trkpt>
      <trkpt lon="16.249442" lat="43.513452">
        <ele>44.0</ele>
        <time>2026-08-26T15:51:28+02:00</time>
      </trkpt>
      <trkpt lon="16.249516" lat="43.513475">
        <ele>44.0</ele>
        <time>2026-08-26T15:51:29+02:00</time>
      </trkpt>
      <trkpt lon="16.249576" lat="43.513493">
        <ele>44.0</ele>
        <time>2026-08-26T15:51:30+02:00</time>
      </trkpt>
      <trkpt lon="16.249666" lat="43.513501">
        <ele>44.0</ele>
        <time>2026-08-26T15:51:32+02:00</time>
      </trkpt>
      <trkpt lon="16.249725" lat="43.513484">
        <ele>44.0</ele>
        <time>2026-08-26T15:51:35+02:00</time>
      </trkpt>
      <trkpt lon="16.249781" lat="43.513475">
        <ele>46.0</ele>
        <time>2026-08-26T15:51:40+02:00</time>
      </trkpt>
      <trkpt lon="16.249852" lat="43.513489">
        <ele>46.0</ele>
        <time>2026-08-26T15:51:41+02:00</time>
      </trkpt>
      <trkpt lon="16.249918" lat="43.513516">
        <ele>46.0</ele>
        <time>2026-08-26T15:51:42+02:00</time>
      </trkpt>
      <trkpt lon="16.249974" lat="43.513549">
        <ele>46.0</ele>
        <time>2026-08-26T15:51:43+02:00</time>
      </trkpt>
      <trkpt lon="16.250028" lat="43.513578">
        <ele>46.0</ele>
        <time>2026-08-26T15:51:44+02:00</time>
      </trkpt>
      <trkpt lon="16.250083" lat="43.513607">
        <ele>46.0</ele>
        <time>2026-08-26T15:51:45+02:00</time>
      </trkpt>
      <trkpt lon="16.250142" lat="43.513632">
        <ele>46.0</ele>
        <time>2026-08-26T15:51:46+02:00</time>
      </trkpt>
      <trkpt lon="16.250243" lat="43.513678">
        <ele>46.0</ele>
        <time>2026-08-26T15:51:48+02:00</time>
      </trkpt>
      <trkpt lon="16.250338" lat="43.513733">
        <ele>44.0</ele>
        <time>2026-08-26T15:51:50+02:00</time>
      </trkpt>
      <trkpt lon="16.25039" lat="43.513767">
        <ele>44.0</ele>
        <time>2026-08-26T15:51:51+02:00</time>
      </trkpt>
      <trkpt lon="16.250429" lat="43.513807">
        <ele>44.0</ele>
        <time>2026-08-26T15:51:52+02:00</time>
      </trkpt>
      <trkpt lon="16.250466" lat="43.513856">
        <ele>44.0</ele>
        <time>2026-08-26T15:51:53+02:00</time>
      </trkpt>
      <trkpt lon="16.250506" lat="43.513937">
        <ele>44.0</ele>
        <time>2026-08-26T15:51:55+02:00</time>
      </trkpt>
      <trkpt lon="16.250541" lat="43.514002">
        <ele>44.0</ele>
        <time>2026-08-26T15:51:57+02:00</time>
      </trkpt>
      <trkpt lon="16.250567" lat="43.514059">
        <ele>44.0</ele>
        <time>2026-08-26T15:51:59+02:00</time>
      </trkpt>
      <trkpt lon="16.250596" lat="43.514138">
        <ele>44.0</ele>
        <time>2026-08-26T15:52:01+02:00</time>
      </trkpt>
      <trkpt lon="16.250607" lat="43.514183">
        <ele>44.0</ele>
        <time>2026-08-26T15:52:02+02:00</time>
      </trkpt>
      <trkpt lon="16.250631" lat="43.514237">
        <ele>44.0</ele>
        <time>2026-08-26T15:52:03+02:00</time>
      </trkpt>
      <trkpt lon="16.250653" lat="43.514284">
        <ele>44.0</ele>
        <time>2026-08-26T15:52:04+02:00</time>
      </trkpt>
      <trkpt lon="16.250679" lat="43.514327">
        <ele>44.0</ele>
        <time>2026-08-26T15:52:05+02:00</time>
      </trkpt>
      <trkpt lon="16.250705" lat="43.514378">
        <ele>44.0</ele>
        <time>2026-08-26T15:52:06+02:00</time>
      </trkpt>
      <trkpt lon="16.250763" lat="43.51445">
        <ele>44.0</ele>
        <time>2026-08-26T15:52:08+02:00</time>
      </trkpt>
      <trkpt lon="16.250842" lat="43.514518">
        <ele>44.0</ele>
        <time>2026-08-26T15:52:10+02:00</time>
      </trkpt>
      <trkpt lon="16.250893" lat="43.514549">
        <ele>44.0</ele>
        <time>2026-08-26T15:52:11+02:00</time>
      </trkpt>
      <trkpt lon="16.250941" lat="43.51458">
        <ele>44.0</ele>
        <time>2026-08-26T15:52:12+02:00</time>
      </trkpt>
      <trkpt lon="16.250992" lat="43.514606">
        <ele>44.0</ele>
        <time>2026-08-26T15:52:13+02:00</time>
      </trkpt>
      <trkpt lon="16.251081" lat="43.514652">
        <ele>44.0</ele>
        <time>2026-08-26T15:52:15+02:00</time>
      </trkpt>
      <trkpt lon="16.251162" lat="43.514692">
        <ele>44.0</ele>
        <time>2026-08-26T15:52:17+02:00</time>
      </trkpt>
      <trkpt lon="16.251218" lat="43.514719">
        <ele>44.0</ele>
        <time>2026-08-26T15:52:18+02:00</time>
      </trkpt>
      <trkpt lon="16.251285" lat="43.514747">
        <ele>44.0</ele>
        <time>2026-08-26T15:52:19+02:00</time>
      </trkpt>
      <trkpt lon="16.251349" lat="43.514774">
        <ele>44.0</ele>
        <time>2026-08-26T15:52:20+02:00</time>
      </trkpt>
      <trkpt lon="16.251416" lat="43.514797">
        <ele>44.0</ele>
        <time>2026-08-26T15:52:21+02:00</time>
      </trkpt>
      <trkpt lon="16.251518" lat="43.514824">
        <ele>44.0</ele>
        <time>2026-08-26T15:52:23+02:00</time>
      </trkpt>
      <trkpt lon="16.251602" lat="43.514845">
        <ele>44.0</ele>
        <time>2026-08-26T15:52:25+02:00</time>
      </trkpt>
      <trkpt lon="16.251686" lat="43.514883">
        <ele>44.0</ele>
        <time>2026-08-26T15:52:27+02:00</time>
      </trkpt>
      <trkpt lon="16.251747" lat="43.514903">
        <ele>44.0</ele>
        <time>2026-08-26T15:52:28+02:00</time>
      </trkpt>
      <trkpt lon="16.251828" lat="43.51493">
        <ele>44.0</ele>
        <time>2026-08-26T15:52:29+02:00</time>
      </trkpt>
      <trkpt lon="16.251922" lat="43.514955">
        <ele>44.0</ele>
        <time>2026-08-26T15:52:30+02:00</time>
      </trkpt>
      <trkpt lon="16.25202" lat="43.514983">
        <ele>44.0</ele>
        <time>2026-08-26T15:52:31+02:00</time>
      </trkpt>
      <trkpt lon="16.252116" lat="43.515018">
        <ele>44.0</ele>
        <time>2026-08-26T15:52:32+02:00</time>
      </trkpt>
      <trkpt lon="16.25222" lat="43.515048">
        <ele>44.0</ele>
        <time>2026-08-26T15:52:33+02:00</time>
      </trkpt>
      <trkpt lon="16.252311" lat="43.515068">
        <ele>44.0</ele>
        <time>2026-08-26T15:52:34+02:00</time>
      </trkpt>
      <trkpt lon="16.252401" lat="43.515088">
        <ele>44.0</ele>
        <time>2026-08-26T15:52:35+02:00</time>
      </trkpt>
      <trkpt lon="16.252483" lat="43.515094">
        <ele>44.0</ele>
        <time>2026-08-26T15:52:36+02:00</time>
      </trkpt>
      <trkpt lon="16.252584" lat="43.515096">
        <ele>44.0</ele>
        <time>2026-08-26T15:52:37+02:00</time>
      </trkpt>
      <trkpt lon="16.252691" lat="43.515104">
        <ele>44.0</ele>
        <time>2026-08-26T15:52:38+02:00</time>
      </trkpt>
      <trkpt lon="16.252813" lat="43.515113">
        <ele>44.0</ele>
        <time>2026-08-26T15:52:39+02:00</time>
      </trkpt>
      <trkpt lon="16.253053" lat="43.515129">
        <ele>44.0</ele>
        <time>2026-08-26T15:52:41+02:00</time>
      </trkpt>
      <trkpt lon="16.253277" lat="43.515136">
        <ele>44.0</ele>
        <time>2026-08-26T15:52:43+02:00</time>
      </trkpt>
      <trkpt lon="16.253398" lat="43.51514">
        <ele>44.0</ele>
        <time>2026-08-26T15:52:44+02:00</time>
      </trkpt>
      <trkpt lon="16.253522" lat="43.515143">
        <ele>44.0</ele>
        <time>2026-08-26T15:52:45+02:00</time>
      </trkpt>
      <trkpt lon="16.253653" lat="43.515142">
        <ele>44.0</ele>
        <time>2026-08-26T15:52:46+02:00</time>
      </trkpt>
      <trkpt lon="16.253777" lat="43.515136">
        <ele>44.0</ele>
        <time>2026-08-26T15:52:47+02:00</time>
      </trkpt>
      <trkpt lon="16.253918" lat="43.51513">
        <ele>44.0</ele>
        <time>2026-08-26T15:52:48+02:00</time>
      </trkpt>
      <trkpt lon="16.254052" lat="43.515128">
        <ele>44.0</ele>
        <time>2026-08-26T15:52:49+02:00</time>
      </trkpt>
      <trkpt lon="16.254198" lat="43.515118">
        <ele>44.0</ele>
        <time>2026-08-26T15:52:50+02:00</time>
      </trkpt>
      <trkpt lon="16.254329" lat="43.515112">
        <ele>44.0</ele>
        <time>2026-08-26T15:52:51+02:00</time>
      </trkpt>
      <trkpt lon="16.254467" lat="43.515105">
        <ele>44.0</ele>
        <time>2026-08-26T15:52:52+02:00</time>
      </trkpt>
      <trkpt lon="16.25461" lat="43.515104">
        <ele>44.0</ele>
        <time>2026-08-26T15:52:53+02:00</time>
      </trkpt>
      <trkpt lon="16.254745" lat="43.515105">
        <ele>44.0</ele>
        <time>2026-08-26T15:52:54+02:00</time>
      </trkpt>
      <trkpt lon="16.254875" lat="43.515112">
        <ele>44.0</ele>
        <time>2026-08-26T15:52:55+02:00</time>
      </trkpt>
      <trkpt lon="16.255003" lat="43.515124">
        <ele>44.0</ele>
        <time>2026-08-26T15:52:56+02:00</time>
      </trkpt>
      <trkpt lon="16.255144" lat="43.515145">
        <ele>44.0</ele>
        <time>2026-08-26T15:52:57+02:00</time>
      </trkpt>
      <trkpt lon="16.255267" lat="43.515173">
        <ele>44.0</ele>
        <time>2026-08-26T15:52:58+02:00</time>
      </trkpt>
      <trkpt lon="16.255394" lat="43.515216">
        <ele>44.0</ele>
        <time>2026-08-26T15:52:59+02:00</time>
      </trkpt>
      <trkpt lon="16.255592" lat="43.515328">
        <ele>44.0</ele>
        <time>2026-08-26T15:53:01+02:00</time>
      </trkpt>
      <trkpt lon="16.255682" lat="43.515395">
        <ele>44.0</ele>
        <time>2026-08-26T15:53:02+02:00</time>
      </trkpt>
      <trkpt lon="16.25578" lat="43.51547">
        <ele>44.0</ele>
        <time>2026-08-26T15:53:03+02:00</time>
      </trkpt>
      <trkpt lon="16.255868" lat="43.515535">
        <ele>44.0</ele>
        <time>2026-08-26T15:53:04+02:00</time>
      </trkpt>
      <trkpt lon="16.25596" lat="43.515597">
        <ele>44.0</ele>
        <time>2026-08-26T15:53:05+02:00</time>
      </trkpt>
      <trkpt lon="16.256164" lat="43.515725">
        <ele>44.0</ele>
        <time>2026-08-26T15:53:07+02:00</time>
      </trkpt>
      <trkpt lon="16.256247" lat="43.515766">
        <ele>44.0</ele>
        <time>2026-08-26T15:53:08+02:00</time>
      </trkpt>
      <trkpt lon="16.256371" lat="43.515813">
        <ele>44.0</ele>
        <time>2026-08-26T15:53:09+02:00</time>
      </trkpt>
      <trkpt lon="16.256496" lat="43.515849">
        <ele>44.0</ele>
        <time>2026-08-26T15:53:10+02:00</time>
      </trkpt>
      <trkpt lon="16.256616" lat="43.515883">
        <ele>44.0</ele>
        <time>2026-08-26T15:53:11+02:00</time>
      </trkpt>
      <trkpt lon="16.256756" lat="43.51593">
        <ele>44.0</ele>
        <time>2026-08-26T15:53:12+02:00</time>
      </trkpt>
      <trkpt lon="16.256877" lat="43.515967">
        <ele>44.0</ele>
        <time>2026-08-26T15:53:13+02:00</time>
      </trkpt>
      <trkpt lon="16.257019" lat="43.51601">
        <ele>44.0</ele>
        <time>2026-08-26T15:53:14+02:00</time>
      </trkpt>
      <trkpt lon="16.257156" lat="43.516042">
        <ele>44.0</ele>
        <time>2026-08-26T15:53:15+02:00</time>
      </trkpt>
      <trkpt lon="16.25728" lat="43.516067">
        <ele>44.0</ele>
        <time>2026-08-26T15:53:16+02:00</time>
      </trkpt>
      <trkpt lon="16.257407" lat="43.516087">
        <ele>44.0</ele>
        <time>2026-08-26T15:53:17+02:00</time>
      </trkpt>
      <trkpt lon="16.257539" lat="43.516106">
        <ele>44.0</ele>
        <time>2026-08-26T15:53:18+02:00</time>
      </trkpt>
      <trkpt lon="16.257668" lat="43.516123">
        <ele>44.0</ele>
        <time>2026-08-26T15:53:19+02:00</time>
      </trkpt>
      <trkpt lon="16.257879" lat="43.516147">
        <ele>44.0</ele>
        <time>2026-08-26T15:53:21+02:00</time>
      </trkpt>
      <trkpt lon="16.257967" lat="43.516156">
        <ele>44.0</ele>
        <time>2026-08-26T15:53:22+02:00</time>
      </trkpt>
      <trkpt lon="16.258041" lat="43.516164">
        <ele>44.0</ele>
        <time>2026-08-26T15:53:23+02:00</time>
      </trkpt>
      <trkpt lon="16.258106" lat="43.516171">
        <ele>44.0</ele>
        <time>2026-08-26T15:53:24+02:00</time>
      </trkpt>
      <trkpt lon="16.258181" lat="43.516174">
        <ele>44.0</ele>
        <time>2026-08-26T15:53:25+02:00</time>
      </trkpt>
      <trkpt lon="16.258252" lat="43.516176">
        <ele>44.0</ele>
        <time>2026-08-26T15:53:26+02:00</time>
      </trkpt>
      <trkpt lon="16.258326" lat="43.516178">
        <ele>44.0</ele>
        <time>2026-08-26T15:53:27+02:00</time>
      </trkpt>
      <trkpt lon="16.258412" lat="43.516179">
        <ele>44.0</ele>
        <time>2026-08-26T15:53:28+02:00</time>
      </trkpt>
      <trkpt lon="16.258495" lat="43.516178">
        <ele>44.0</ele>
        <time>2026-08-26T15:53:29+02:00</time>
      </trkpt>
      <trkpt lon="16.258585" lat="43.516176">
        <ele>44.0</ele>
        <time>2026-08-26T15:53:30+02:00</time>
      </trkpt>
      <trkpt lon="16.258688" lat="43.516176">
        <ele>44.0</ele>
        <time>2026-08-26T15:53:31+02:00</time>
      </trkpt>
      <trkpt lon="16.25878" lat="43.516175">
        <ele>44.0</ele>
        <time>2026-08-26T15:53:32+02:00</time>
      </trkpt>
      <trkpt lon="16.258884" lat="43.516178">
        <ele>44.0</ele>
        <time>2026-08-26T15:53:33+02:00</time>
      </trkpt>
      <trkpt lon="16.258975" lat="43.516183">
        <ele>44.0</ele>
        <time>2026-08-26T15:53:34+02:00</time>
      </trkpt>
      <trkpt lon="16.259058" lat="43.516192">
        <ele>44.0</ele>
        <time>2026-08-26T15:53:35+02:00</time>
      </trkpt>
      <trkpt lon="16.259154" lat="43.516206">
        <ele>44.0</ele>
        <time>2026-08-26T15:53:36+02:00</time>
      </trkpt>
      <trkpt lon="16.259274" lat="43.516223">
        <ele>44.0</ele>
        <time>2026-08-26T15:53:37+02:00</time>
      </trkpt>
      <trkpt lon="16.259386" lat="43.516243">
        <ele>44.0</ele>
        <time>2026-08-26T15:53:38+02:00</time>
      </trkpt>
      <trkpt lon="16.259495" lat="43.516262">
        <ele>44.0</ele>
        <time>2026-08-26T15:53:39+02:00</time>
      </trkpt>
      <trkpt lon="16.259614" lat="43.516281">
        <ele>44.0</ele>
        <time>2026-08-26T15:53:40+02:00</time>
      </trkpt>
      <trkpt lon="16.259739" lat="43.5163">
        <ele>44.0</ele>
        <time>2026-08-26T15:53:41+02:00</time>
      </trkpt>
      <trkpt lon="16.259862" lat="43.51632">
        <ele>44.0</ele>
        <time>2026-08-26T15:53:42+02:00</time>
      </trkpt>
      <trkpt lon="16.260005" lat="43.516339">
        <ele>44.0</ele>
        <time>2026-08-26T15:53:43+02:00</time>
      </trkpt>
      <trkpt lon="16.260269" lat="43.516367">
        <ele>44.0</ele>
        <time>2026-08-26T15:53:45+02:00</time>
      </trkpt>
      <trkpt lon="16.260418" lat="43.516383">
        <ele>46.0</ele>
        <time>2026-08-26T15:53:46+02:00</time>
      </trkpt>
      <trkpt lon="16.260566" lat="43.516403">
        <ele>46.0</ele>
        <time>2026-08-26T15:53:47+02:00</time>
      </trkpt>
      <trkpt lon="16.260711" lat="43.516419">
        <ele>46.0</ele>
        <time>2026-08-26T15:53:48+02:00</time>
      </trkpt>
      <trkpt lon="16.260879" lat="43.516439">
        <ele>46.0</ele>
        <time>2026-08-26T15:53:49+02:00</time>
      </trkpt>
      <trkpt lon="16.261029" lat="43.516455">
        <ele>46.0</ele>
        <time>2026-08-26T15:53:50+02:00</time>
      </trkpt>
      <trkpt lon="16.261177" lat="43.516473">
        <ele>46.0</ele>
        <time>2026-08-26T15:53:51+02:00</time>
      </trkpt>
      <trkpt lon="16.261323" lat="43.516498">
        <ele>46.0</ele>
        <time>2026-08-26T15:53:52+02:00</time>
      </trkpt>
      <trkpt lon="16.261469" lat="43.516521">
        <ele>46.0</ele>
        <time>2026-08-26T15:53:53+02:00</time>
      </trkpt>
      <trkpt lon="16.261624" lat="43.516545">
        <ele>46.0</ele>
        <time>2026-08-26T15:53:54+02:00</time>
      </trkpt>
      <trkpt lon="16.261783" lat="43.516565">
        <ele>46.0</ele>
        <time>2026-08-26T15:53:55+02:00</time>
      </trkpt>
      <trkpt lon="16.261945" lat="43.51658">
        <ele>46.0</ele>
        <time>2026-08-26T15:53:56+02:00</time>
      </trkpt>
      <trkpt lon="16.262098" lat="43.516587">
        <ele>46.0</ele>
        <time>2026-08-26T15:53:57+02:00</time>
      </trkpt>
      <trkpt lon="16.262273" lat="43.516587">
        <ele>46.0</ele>
        <time>2026-08-26T15:53:58+02:00</time>
      </trkpt>
      <trkpt lon="16.262456" lat="43.516585">
        <ele>46.0</ele>
        <time>2026-08-26T15:53:59+02:00</time>
      </trkpt>
      <trkpt lon="16.262645" lat="43.516575">
        <ele>46.0</ele>
        <time>2026-08-26T15:54:00+02:00</time>
      </trkpt>
      <trkpt lon="16.262841" lat="43.516563">
        <ele>46.0</ele>
        <time>2026-08-26T15:54:01+02:00</time>
      </trkpt>
      <trkpt lon="16.263011" lat="43.51655">
        <ele>46.0</ele>
        <time>2026-08-26T15:54:02+02:00</time>
      </trkpt>
      <trkpt lon="16.263194" lat="43.516538">
        <ele>46.0</ele>
        <time>2026-08-26T15:54:03+02:00</time>
      </trkpt>
      <trkpt lon="16.263349" lat="43.516524">
        <ele>46.0</ele>
        <time>2026-08-26T15:54:04+02:00</time>
      </trkpt>
      <trkpt lon="16.263529" lat="43.51651">
        <ele>46.0</ele>
        <time>2026-08-26T15:54:05+02:00</time>
      </trkpt>
      <trkpt lon="16.263682" lat="43.516497">
        <ele>46.0</ele>
        <time>2026-08-26T15:54:06+02:00</time>
      </trkpt>
      <trkpt lon="16.263823" lat="43.516485">
        <ele>48.0</ele>
        <time>2026-08-26T15:54:07+02:00</time>
      </trkpt>
      <trkpt lon="16.264048" lat="43.516471">
        <ele>48.0</ele>
        <time>2026-08-26T15:54:09+02:00</time>
      </trkpt>
      <trkpt lon="16.264153" lat="43.516465">
        <ele>48.0</ele>
        <time>2026-08-26T15:54:10+02:00</time>
      </trkpt>
      <trkpt lon="16.26426" lat="43.516455">
        <ele>48.0</ele>
        <time>2026-08-26T15:54:11+02:00</time>
      </trkpt>
      <trkpt lon="16.264369" lat="43.516446">
        <ele>48.0</ele>
        <time>2026-08-26T15:54:12+02:00</time>
      </trkpt>
      <trkpt lon="16.264473" lat="43.516437">
        <ele>48.0</ele>
        <time>2026-08-26T15:54:13+02:00</time>
      </trkpt>
      <trkpt lon="16.264576" lat="43.516429">
        <ele>48.0</ele>
        <time>2026-08-26T15:54:14+02:00</time>
      </trkpt>
      <trkpt lon="16.264657" lat="43.516422">
        <ele>48.0</ele>
        <time>2026-08-26T15:54:15+02:00</time>
      </trkpt>
      <trkpt lon="16.264732" lat="43.516412">
        <ele>48.0</ele>
        <time>2026-08-26T15:54:16+02:00</time>
      </trkpt>
      <trkpt lon="16.26482" lat="43.516398">
        <ele>48.0</ele>
        <time>2026-08-26T15:54:18+02:00</time>
      </trkpt>
      <trkpt lon="16.264904" lat="43.516359">
        <ele>48.0</ele>
        <time>2026-08-26T15:54:19+02:00</time>
      </trkpt>
      <trkpt lon="16.264972" lat="43.51633">
        <ele>49.0</ele>
        <time>2026-08-26T15:54:20+02:00</time>
      </trkpt>
      <trkpt lon="16.265055" lat="43.516313">
        <ele>49.0</ele>
        <time>2026-08-26T15:54:21+02:00</time>
      </trkpt>
      <trkpt lon="16.265142" lat="43.51632">
        <ele>49.0</ele>
        <time>2026-08-26T15:54:22+02:00</time>
      </trkpt>
      <trkpt lon="16.265198" lat="43.516355">
        <ele>49.0</ele>
        <time>2026-08-26T15:54:23+02:00</time>
      </trkpt>
      <trkpt lon="16.26521" lat="43.516405">
        <ele>49.0</ele>
        <time>2026-08-26T15:54:24+02:00</time>
      </trkpt>
      <trkpt lon="16.265184" lat="43.516457">
        <ele>49.0</ele>
        <time>2026-08-26T15:54:25+02:00</time>
      </trkpt>
      <trkpt lon="16.26514" lat="43.516511">
        <ele>49.0</ele>
        <time>2026-08-26T15:54:26+02:00</time>
      </trkpt>
      <trkpt lon="16.265098" lat="43.516579">
        <ele>49.0</ele>
        <time>2026-08-26T15:54:27+02:00</time>
      </trkpt>
      <trkpt lon="16.265073" lat="43.516665">
        <ele>49.0</ele>
        <time>2026-08-26T15:54:28+02:00</time>
      </trkpt>
      <trkpt lon="16.265065" lat="43.516766">
        <ele>50.0</ele>
        <time>2026-08-26T15:54:29+02:00</time>
      </trkpt>
      <trkpt lon="16.26506" lat="43.51687">
        <ele>50.0</ele>
        <time>2026-08-26T15:54:30+02:00</time>
      </trkpt>
      <trkpt lon="16.265056" lat="43.516988">
        <ele>50.0</ele>
        <time>2026-08-26T15:54:31+02:00</time>
      </trkpt>
      <trkpt lon="16.265055" lat="43.517101">
        <ele>50.0</ele>
        <time>2026-08-26T15:54:32+02:00</time>
      </trkpt>
      <trkpt lon="16.265048" lat="43.517212">
        <ele>51.0</ele>
        <time>2026-08-26T15:54:33+02:00</time>
      </trkpt>
      <trkpt lon="16.265041" lat="43.517341">
        <ele>52.0</ele>
        <time>2026-08-26T15:54:34+02:00</time>
      </trkpt>
      <trkpt lon="16.265036" lat="43.517479">
        <ele>52.0</ele>
        <time>2026-08-26T15:54:35+02:00</time>
      </trkpt>
      <trkpt lon="16.265037" lat="43.517618">
        <ele>52.0</ele>
        <time>2026-08-26T15:54:36+02:00</time>
      </trkpt>
      <trkpt lon="16.265037" lat="43.517751">
        <ele>53.0</ele>
        <time>2026-08-26T15:54:37+02:00</time>
      </trkpt>
      <trkpt lon="16.26503" lat="43.517904">
        <ele>53.0</ele>
        <time>2026-08-26T15:54:38+02:00</time>
      </trkpt>
      <trkpt lon="16.265021" lat="43.518041">
        <ele>53.0</ele>
        <time>2026-08-26T15:54:39+02:00</time>
      </trkpt>
      <trkpt lon="16.265013" lat="43.518192">
        <ele>54.0</ele>
        <time>2026-08-26T15:54:40+02:00</time>
      </trkpt>
      <trkpt lon="16.265005" lat="43.51833">
        <ele>55.0</ele>
        <time>2026-08-26T15:54:41+02:00</time>
      </trkpt>
      <trkpt lon="16.264998" lat="43.518467">
        <ele>55.0</ele>
        <time>2026-08-26T15:54:42+02:00</time>
      </trkpt>
      <trkpt lon="16.264992" lat="43.518614">
        <ele>55.0</ele>
        <time>2026-08-26T15:54:43+02:00</time>
      </trkpt>
      <trkpt lon="16.264992" lat="43.518756">
        <ele>55.0</ele>
        <time>2026-08-26T15:54:44+02:00</time>
      </trkpt>
      <trkpt lon="16.264986" lat="43.518901">
        <ele>55.0</ele>
        <time>2026-08-26T15:54:45+02:00</time>
      </trkpt>
      <trkpt lon="16.264983" lat="43.519057">
        <ele>55.0</ele>
        <time>2026-08-26T15:54:46+02:00</time>
      </trkpt>
      <trkpt lon="16.264976" lat="43.519202">
        <ele>55.0</ele>
        <time>2026-08-26T15:54:47+02:00</time>
      </trkpt>
      <trkpt lon="16.264968" lat="43.519359">
        <ele>55.0</ele>
        <time>2026-08-26T15:54:48+02:00</time>
      </trkpt>
      <trkpt lon="16.264963" lat="43.519528">
        <ele>55.0</ele>
        <time>2026-08-26T15:54:49+02:00</time>
      </trkpt>
      <trkpt lon="16.264959" lat="43.519685">
        <ele>55.0</ele>
        <time>2026-08-26T15:54:50+02:00</time>
      </trkpt>
      <trkpt lon="16.264953" lat="43.519864">
        <ele>55.0</ele>
        <time>2026-08-26T15:54:51+02:00</time>
      </trkpt>
      <trkpt lon="16.26495" lat="43.520035">
        <ele>55.0</ele>
        <time>2026-08-26T15:54:52+02:00</time>
      </trkpt>
      <trkpt lon="16.264946" lat="43.520203">
        <ele>54.0</ele>
        <time>2026-08-26T15:54:53+02:00</time>
      </trkpt>
      <trkpt lon="16.264937" lat="43.520356">
        <ele>54.0</ele>
        <time>2026-08-26T15:54:54+02:00</time>
      </trkpt>
      <trkpt lon="16.26493" lat="43.520516">
        <ele>54.0</ele>
        <time>2026-08-26T15:54:55+02:00</time>
      </trkpt>
      <trkpt lon="16.264925" lat="43.520677">
        <ele>54.0</ele>
        <time>2026-08-26T15:54:56+02:00</time>
      </trkpt>
      <trkpt lon="16.264923" lat="43.520803">
        <ele>54.0</ele>
        <time>2026-08-26T15:54:57+02:00</time>
      </trkpt>
      <trkpt lon="16.264922" lat="43.520931">
        <ele>53.0</ele>
        <time>2026-08-26T15:54:58+02:00</time>
      </trkpt>
      <trkpt lon="16.264917" lat="43.521061">
        <ele>52.0</ele>
        <time>2026-08-26T15:54:59+02:00</time>
      </trkpt>
      <trkpt lon="16.264915" lat="43.52118">
        <ele>52.0</ele>
        <time>2026-08-26T15:55:00+02:00</time>
      </trkpt>
      <trkpt lon="16.264915" lat="43.521288">
        <ele>51.0</ele>
        <time>2026-08-26T15:55:01+02:00</time>
      </trkpt>
      <trkpt lon="16.264913" lat="43.521386">
        <ele>50.0</ele>
        <time>2026-08-26T15:55:02+02:00</time>
      </trkpt>
      <trkpt lon="16.264906" lat="43.521495">
        <ele>50.0</ele>
        <time>2026-08-26T15:55:03+02:00</time>
      </trkpt>
      <trkpt lon="16.264897" lat="43.521656">
        <ele>50.0</ele>
        <time>2026-08-26T15:55:05+02:00</time>
      </trkpt>
      <trkpt lon="16.264883" lat="43.521865">
        <ele>49.0</ele>
        <time>2026-08-26T15:55:06+02:00</time>
      </trkpt>
      <trkpt lon="16.264859" lat="43.521983">
        <ele>49.0</ele>
        <time>2026-08-26T15:55:07+02:00</time>
      </trkpt>
      <trkpt lon="16.264813" lat="43.522086">
        <ele>49.0</ele>
        <time>2026-08-26T15:55:08+02:00</time>
      </trkpt>
      <trkpt lon="16.264761" lat="43.522175">
        <ele>48.0</ele>
        <time>2026-08-26T15:55:09+02:00</time>
      </trkpt>
      <trkpt lon="16.264648" lat="43.522326">
        <ele>48.0</ele>
        <time>2026-08-26T15:55:11+02:00</time>
      </trkpt>
      <trkpt lon="16.264595" lat="43.522377">
        <ele>47.0</ele>
        <time>2026-08-26T15:55:12+02:00</time>
      </trkpt>
      <trkpt lon="16.264544" lat="43.522424">
        <ele>47.0</ele>
        <time>2026-08-26T15:55:13+02:00</time>
      </trkpt>
      <trkpt lon="16.264503" lat="43.522465">
        <ele>47.0</ele>
        <time>2026-08-26T15:55:14+02:00</time>
      </trkpt>
      <trkpt lon="16.264466" lat="43.522517">
        <ele>46.0</ele>
        <time>2026-08-26T15:55:16+02:00</time>
      </trkpt>
      <trkpt lon="16.264432" lat="43.522556">
        <ele>45.0</ele>
        <time>2026-08-26T15:55:19+02:00</time>
      </trkpt>
      <trkpt lon="16.264423" lat="43.522635">
        <ele>45.0</ele>
        <time>2026-08-26T15:55:21+02:00</time>
      </trkpt>
      <trkpt lon="16.264437" lat="43.522693">
        <ele>45.0</ele>
        <time>2026-08-26T15:55:22+02:00</time>
      </trkpt>
      <trkpt lon="16.26448" lat="43.522751">
        <ele>45.0</ele>
        <time>2026-08-26T15:55:23+02:00</time>
      </trkpt>
      <trkpt lon="16.264558" lat="43.522813">
        <ele>45.0</ele>
        <time>2026-08-26T15:55:24+02:00</time>
      </trkpt>
      <trkpt lon="16.264671" lat="43.522879">
        <ele>45.0</ele>
        <time>2026-08-26T15:55:25+02:00</time>
      </trkpt>
      <trkpt lon="16.264776" lat="43.522942">
        <ele>45.0</ele>
        <time>2026-08-26T15:55:26+02:00</time>
      </trkpt>
      <trkpt lon="16.264882" lat="43.523005">
        <ele>45.0</ele>
        <time>2026-08-26T15:55:27+02:00</time>
      </trkpt>
      <trkpt lon="16.264991" lat="43.523073">
        <ele>45.0</ele>
        <time>2026-08-26T15:55:28+02:00</time>
      </trkpt>
      <trkpt lon="16.265098" lat="43.523141">
        <ele>45.0</ele>
        <time>2026-08-26T15:55:29+02:00</time>
      </trkpt>
      <trkpt lon="16.265208" lat="43.523213">
        <ele>45.0</ele>
        <time>2026-08-26T15:55:30+02:00</time>
      </trkpt>
      <trkpt lon="16.265333" lat="43.523287">
        <ele>45.0</ele>
        <time>2026-08-26T15:55:31+02:00</time>
      </trkpt>
      <trkpt lon="16.265454" lat="43.523354">
        <ele>46.0</ele>
        <time>2026-08-26T15:55:32+02:00</time>
      </trkpt>
      <trkpt lon="16.265578" lat="43.523427">
        <ele>46.0</ele>
        <time>2026-08-26T15:55:33+02:00</time>
      </trkpt>
      <trkpt lon="16.265687" lat="43.523497">
        <ele>46.0</ele>
        <time>2026-08-26T15:55:34+02:00</time>
      </trkpt>
      <trkpt lon="16.265808" lat="43.523571">
        <ele>46.0</ele>
        <time>2026-08-26T15:55:35+02:00</time>
      </trkpt>
      <trkpt lon="16.26594" lat="43.523648">
        <ele>46.0</ele>
        <time>2026-08-26T15:55:36+02:00</time>
      </trkpt>
      <trkpt lon="16.266061" lat="43.523715">
        <ele>47.0</ele>
        <time>2026-08-26T15:55:37+02:00</time>
      </trkpt>
      <trkpt lon="16.266186" lat="43.523789">
        <ele>47.0</ele>
        <time>2026-08-26T15:55:38+02:00</time>
      </trkpt>
      <trkpt lon="16.266318" lat="43.523871">
        <ele>47.0</ele>
        <time>2026-08-26T15:55:39+02:00</time>
      </trkpt>
      <trkpt lon="16.266451" lat="43.523952">
        <ele>47.0</ele>
        <time>2026-08-26T15:55:40+02:00</time>
      </trkpt>
      <trkpt lon="16.266574" lat="43.52402">
        <ele>48.0</ele>
        <time>2026-08-26T15:55:41+02:00</time>
      </trkpt>
      <trkpt lon="16.266708" lat="43.524098">
        <ele>48.0</ele>
        <time>2026-08-26T15:55:42+02:00</time>
      </trkpt>
      <trkpt lon="16.266822" lat="43.524171">
        <ele>48.0</ele>
        <time>2026-08-26T15:55:43+02:00</time>
      </trkpt>
      <trkpt lon="16.266943" lat="43.524246">
        <ele>48.0</ele>
        <time>2026-08-26T15:55:44+02:00</time>
      </trkpt>
      <trkpt lon="16.267049" lat="43.524309">
        <ele>48.0</ele>
        <time>2026-08-26T15:55:45+02:00</time>
      </trkpt>
      <trkpt lon="16.267178" lat="43.524382">
        <ele>48.0</ele>
        <time>2026-08-26T15:55:46+02:00</time>
      </trkpt>
      <trkpt lon="16.267292" lat="43.52445">
        <ele>48.0</ele>
        <time>2026-08-26T15:55:47+02:00</time>
      </trkpt>
      <trkpt lon="16.267408" lat="43.52452">
        <ele>48.0</ele>
        <time>2026-08-26T15:55:48+02:00</time>
      </trkpt>
      <trkpt lon="16.267519" lat="43.524586">
        <ele>47.0</ele>
        <time>2026-08-26T15:55:49+02:00</time>
      </trkpt>
      <trkpt lon="16.267642" lat="43.524662">
        <ele>47.0</ele>
        <time>2026-08-26T15:55:50+02:00</time>
      </trkpt>
      <trkpt lon="16.267757" lat="43.524734">
        <ele>47.0</ele>
        <time>2026-08-26T15:55:51+02:00</time>
      </trkpt>
      <trkpt lon="16.267879" lat="43.524806">
        <ele>47.0</ele>
        <time>2026-08-26T15:55:52+02:00</time>
      </trkpt>
      <trkpt lon="16.268005" lat="43.524881">
        <ele>47.0</ele>
        <time>2026-08-26T15:55:53+02:00</time>
      </trkpt>
      <trkpt lon="16.268119" lat="43.524955">
        <ele>47.0</ele>
        <time>2026-08-26T15:55:54+02:00</time>
      </trkpt>
      <trkpt lon="16.268243" lat="43.525027">
        <ele>47.0</ele>
        <time>2026-08-26T15:55:55+02:00</time>
      </trkpt>
      <trkpt lon="16.268365" lat="43.525101">
        <ele>47.0</ele>
        <time>2026-08-26T15:55:56+02:00</time>
      </trkpt>
      <trkpt lon="16.268481" lat="43.525169">
        <ele>47.0</ele>
        <time>2026-08-26T15:55:57+02:00</time>
      </trkpt>
      <trkpt lon="16.268603" lat="43.52524">
        <ele>47.0</ele>
        <time>2026-08-26T15:55:58+02:00</time>
      </trkpt>
      <trkpt lon="16.268748" lat="43.525325">
        <ele>47.0</ele>
        <time>2026-08-26T15:55:59+02:00</time>
      </trkpt>
      <trkpt lon="16.268879" lat="43.525405">
        <ele>47.0</ele>
        <time>2026-08-26T15:56:00+02:00</time>
      </trkpt>
      <trkpt lon="16.269029" lat="43.525496">
        <ele>48.0</ele>
        <time>2026-08-26T15:56:01+02:00</time>
      </trkpt>
      <trkpt lon="16.269192" lat="43.525592">
        <ele>48.0</ele>
        <time>2026-08-26T15:56:02+02:00</time>
      </trkpt>
      <trkpt lon="16.269351" lat="43.525687">
        <ele>48.0</ele>
        <time>2026-08-26T15:56:03+02:00</time>
      </trkpt>
      <trkpt lon="16.269485" lat="43.525771">
        <ele>48.0</ele>
        <time>2026-08-26T15:56:04+02:00</time>
      </trkpt>
      <trkpt lon="16.269644" lat="43.525865">
        <ele>48.0</ele>
        <time>2026-08-26T15:56:05+02:00</time>
      </trkpt>
      <trkpt lon="16.269777" lat="43.525947">
        <ele>48.0</ele>
        <time>2026-08-26T15:56:06+02:00</time>
      </trkpt>
      <trkpt lon="16.269934" lat="43.526043">
        <ele>48.0</ele>
        <time>2026-08-26T15:56:07+02:00</time>
      </trkpt>
      <trkpt lon="16.270064" lat="43.52612">
        <ele>48.0</ele>
        <time>2026-08-26T15:56:08+02:00</time>
      </trkpt>
      <trkpt lon="16.270222" lat="43.526213">
        <ele>48.0</ele>
        <time>2026-08-26T15:56:09+02:00</time>
      </trkpt>
      <trkpt lon="16.270353" lat="43.526288">
        <ele>48.0</ele>
        <time>2026-08-26T15:56:10+02:00</time>
      </trkpt>
      <trkpt lon="16.270493" lat="43.526371">
        <ele>49.0</ele>
        <time>2026-08-26T15:56:11+02:00</time>
      </trkpt>
      <trkpt lon="16.270635" lat="43.526453">
        <ele>49.0</ele>
        <time>2026-08-26T15:56:12+02:00</time>
      </trkpt>
      <trkpt lon="16.270771" lat="43.526538">
        <ele>49.0</ele>
        <time>2026-08-26T15:56:13+02:00</time>
      </trkpt>
      <trkpt lon="16.270924" lat="43.526633">
        <ele>49.0</ele>
        <time>2026-08-26T15:56:14+02:00</time>
      </trkpt>
      <trkpt lon="16.271071" lat="43.52672">
        <ele>50.0</ele>
        <time>2026-08-26T15:56:15+02:00</time>
      </trkpt>
      <trkpt lon="16.27121" lat="43.526802">
        <ele>50.0</ele>
        <time>2026-08-26T15:56:16+02:00</time>
      </trkpt>
      <trkpt lon="16.271355" lat="43.526883">
        <ele>51.0</ele>
        <time>2026-08-26T15:56:17+02:00</time>
      </trkpt>
      <trkpt lon="16.271498" lat="43.526971">
        <ele>51.0</ele>
        <time>2026-08-26T15:56:18+02:00</time>
      </trkpt>
      <trkpt lon="16.271636" lat="43.52706">
        <ele>51.0</ele>
        <time>2026-08-26T15:56:19+02:00</time>
      </trkpt>
      <trkpt lon="16.271791" lat="43.527152">
        <ele>52.0</ele>
        <time>2026-08-26T15:56:20+02:00</time>
      </trkpt>
      <trkpt lon="16.271944" lat="43.52724">
        <ele>52.0</ele>
        <time>2026-08-26T15:56:21+02:00</time>
      </trkpt>
      <trkpt lon="16.272089" lat="43.527324">
        <ele>52.0</ele>
        <time>2026-08-26T15:56:22+02:00</time>
      </trkpt>
      <trkpt lon="16.272235" lat="43.527409">
        <ele>53.0</ele>
        <time>2026-08-26T15:56:23+02:00</time>
      </trkpt>
      <trkpt lon="16.272379" lat="43.527495">
        <ele>53.0</ele>
        <time>2026-08-26T15:56:24+02:00</time>
      </trkpt>
      <trkpt lon="16.272533" lat="43.527592">
        <ele>53.0</ele>
        <time>2026-08-26T15:56:25+02:00</time>
      </trkpt>
      <trkpt lon="16.272673" lat="43.527682">
        <ele>53.0</ele>
        <time>2026-08-26T15:56:26+02:00</time>
      </trkpt>
      <trkpt lon="16.272815" lat="43.527761">
        <ele>53.0</ele>
        <time>2026-08-26T15:56:27+02:00</time>
      </trkpt>
      <trkpt lon="16.272966" lat="43.527849">
        <ele>53.0</ele>
        <time>2026-08-26T15:56:28+02:00</time>
      </trkpt>
      <trkpt lon="16.273116" lat="43.527933">
        <ele>53.0</ele>
        <time>2026-08-26T15:56:29+02:00</time>
      </trkpt>
      <trkpt lon="16.273265" lat="43.528026">
        <ele>54.0</ele>
        <time>2026-08-26T15:56:30+02:00</time>
      </trkpt>
      <trkpt lon="16.273419" lat="43.528118">
        <ele>54.0</ele>
        <time>2026-08-26T15:56:31+02:00</time>
      </trkpt>
      <trkpt lon="16.273583" lat="43.52822">
        <ele>54.0</ele>
        <time>2026-08-26T15:56:32+02:00</time>
      </trkpt>
      <trkpt lon="16.273742" lat="43.528316">
        <ele>54.0</ele>
        <time>2026-08-26T15:56:33+02:00</time>
      </trkpt>
      <trkpt lon="16.2739" lat="43.528407">
        <ele>54.0</ele>
        <time>2026-08-26T15:56:34+02:00</time>
      </trkpt>
      <trkpt lon="16.274061" lat="43.528502">
        <ele>54.0</ele>
        <time>2026-08-26T15:56:35+02:00</time>
      </trkpt>
      <trkpt lon="16.274233" lat="43.528603">
        <ele>55.0</ele>
        <time>2026-08-26T15:56:36+02:00</time>
      </trkpt>
      <trkpt lon="16.274395" lat="43.528703">
        <ele>55.0</ele>
        <time>2026-08-26T15:56:37+02:00</time>
      </trkpt>
      <trkpt lon="16.274554" lat="43.528798">
        <ele>55.0</ele>
        <time>2026-08-26T15:56:38+02:00</time>
      </trkpt>
      <trkpt lon="16.274711" lat="43.52889">
        <ele>55.0</ele>
        <time>2026-08-26T15:56:39+02:00</time>
      </trkpt>
      <trkpt lon="16.274878" lat="43.528987">
        <ele>55.0</ele>
        <time>2026-08-26T15:56:40+02:00</time>
      </trkpt>
      <trkpt lon="16.275047" lat="43.529089">
        <ele>55.0</ele>
        <time>2026-08-26T15:56:41+02:00</time>
      </trkpt>
      <trkpt lon="16.275218" lat="43.529193">
        <ele>55.0</ele>
        <time>2026-08-26T15:56:42+02:00</time>
      </trkpt>
      <trkpt lon="16.275381" lat="43.529296">
        <ele>54.0</ele>
        <time>2026-08-26T15:56:43+02:00</time>
      </trkpt>
      <trkpt lon="16.275544" lat="43.529395">
        <ele>54.0</ele>
        <time>2026-08-26T15:56:44+02:00</time>
      </trkpt>
      <trkpt lon="16.275721" lat="43.529499">
        <ele>54.0</ele>
        <time>2026-08-26T15:56:45+02:00</time>
      </trkpt>
      <trkpt lon="16.275879" lat="43.529598">
        <ele>54.0</ele>
        <time>2026-08-26T15:56:46+02:00</time>
      </trkpt>
      <trkpt lon="16.276042" lat="43.529694">
        <ele>54.0</ele>
        <time>2026-08-26T15:56:47+02:00</time>
      </trkpt>
      <trkpt lon="16.276192" lat="43.529782">
        <ele>54.0</ele>
        <time>2026-08-26T15:56:48+02:00</time>
      </trkpt>
      <trkpt lon="16.276347" lat="43.529871">
        <ele>54.0</ele>
        <time>2026-08-26T15:56:49+02:00</time>
      </trkpt>
      <trkpt lon="16.276498" lat="43.529962">
        <ele>54.0</ele>
        <time>2026-08-26T15:56:50+02:00</time>
      </trkpt>
      <trkpt lon="16.276637" lat="43.530051">
        <ele>53.0</ele>
        <time>2026-08-26T15:56:51+02:00</time>
      </trkpt>
      <trkpt lon="16.276782" lat="43.530142">
        <ele>53.0</ele>
        <time>2026-08-26T15:56:52+02:00</time>
      </trkpt>
      <trkpt lon="16.276919" lat="43.530223">
        <ele>53.0</ele>
        <time>2026-08-26T15:56:53+02:00</time>
      </trkpt>
      <trkpt lon="16.277052" lat="43.530305">
        <ele>53.0</ele>
        <time>2026-08-26T15:56:54+02:00</time>
      </trkpt>
      <trkpt lon="16.277186" lat="43.530383">
        <ele>53.0</ele>
        <time>2026-08-26T15:56:55+02:00</time>
      </trkpt>
      <trkpt lon="16.27731" lat="43.530454">
        <ele>53.0</ele>
        <time>2026-08-26T15:56:56+02:00</time>
      </trkpt>
      <trkpt lon="16.277432" lat="43.530527">
        <ele>53.0</ele>
        <time>2026-08-26T15:56:57+02:00</time>
      </trkpt>
      <trkpt lon="16.277548" lat="43.530596">
        <ele>53.0</ele>
        <time>2026-08-26T15:56:58+02:00</time>
      </trkpt>
      <trkpt lon="16.277688" lat="43.530674">
        <ele>53.0</ele>
        <time>2026-08-26T15:56:59+02:00</time>
      </trkpt>
      <trkpt lon="16.277815" lat="43.530742">
        <ele>53.0</ele>
        <time>2026-08-26T15:57:00+02:00</time>
      </trkpt>
      <trkpt lon="16.277935" lat="43.530808">
        <ele>52.0</ele>
        <time>2026-08-26T15:57:01+02:00</time>
      </trkpt>
      <trkpt lon="16.27812" lat="43.530905">
        <ele>52.0</ele>
        <time>2026-08-26T15:57:03+02:00</time>
      </trkpt>
      <trkpt lon="16.278202" lat="43.530939">
        <ele>52.0</ele>
        <time>2026-08-26T15:57:04+02:00</time>
      </trkpt>
      <trkpt lon="16.278298" lat="43.530971">
        <ele>51.0</ele>
        <time>2026-08-26T15:57:05+02:00</time>
      </trkpt>
      <trkpt lon="16.278382" lat="43.530986">
        <ele>51.0</ele>
        <time>2026-08-26T15:57:06+02:00</time>
      </trkpt>
      <trkpt lon="16.278475" lat="43.530989">
        <ele>51.0</ele>
        <time>2026-08-26T15:57:07+02:00</time>
      </trkpt>
      <trkpt lon="16.278572" lat="43.530971">
        <ele>51.0</ele>
        <time>2026-08-26T15:57:08+02:00</time>
      </trkpt>
      <trkpt lon="16.278677" lat="43.530962">
        <ele>50.0</ele>
        <time>2026-08-26T15:57:09+02:00</time>
      </trkpt>
      <trkpt lon="16.278772" lat="43.530982">
        <ele>50.0</ele>
        <time>2026-08-26T15:57:10+02:00</time>
      </trkpt>
      <trkpt lon="16.278835" lat="43.531033">
        <ele>50.0</ele>
        <time>2026-08-26T15:57:11+02:00</time>
      </trkpt>
      <trkpt lon="16.278865" lat="43.531105">
        <ele>50.0</ele>
        <time>2026-08-26T15:57:12+02:00</time>
      </trkpt>
      <trkpt lon="16.27887" lat="43.531196">
        <ele>50.0</ele>
        <time>2026-08-26T15:57:13+02:00</time>
      </trkpt>
      <trkpt lon="16.278876" lat="43.531284">
        <ele>50.0</ele>
        <time>2026-08-26T15:57:14+02:00</time>
      </trkpt>
      <trkpt lon="16.278922" lat="43.531379">
        <ele>50.0</ele>
        <time>2026-08-26T15:57:15+02:00</time>
      </trkpt>
      <trkpt lon="16.279019" lat="43.531479">
        <ele>50.0</ele>
        <time>2026-08-26T15:57:16+02:00</time>
      </trkpt>
      <trkpt lon="16.279152" lat="43.53158">
        <ele>50.0</ele>
        <time>2026-08-26T15:57:17+02:00</time>
      </trkpt>
      <trkpt lon="16.279301" lat="43.531675">
        <ele>51.0</ele>
        <time>2026-08-26T15:57:18+02:00</time>
      </trkpt>
      <trkpt lon="16.279477" lat="43.531779">
        <ele>51.0</ele>
        <time>2026-08-26T15:57:19+02:00</time>
      </trkpt>
      <trkpt lon="16.27963" lat="43.531877">
        <ele>51.0</ele>
        <time>2026-08-26T15:57:20+02:00</time>
      </trkpt>
      <trkpt lon="16.279775" lat="43.53197">
        <ele>52.0</ele>
        <time>2026-08-26T15:57:21+02:00</time>
      </trkpt>
      <trkpt lon="16.279918" lat="43.532066">
        <ele>53.0</ele>
        <time>2026-08-26T15:57:22+02:00</time>
      </trkpt>
      <trkpt lon="16.280052" lat="43.532157">
        <ele>53.0</ele>
        <time>2026-08-26T15:57:23+02:00</time>
      </trkpt>
      <trkpt lon="16.280186" lat="43.532244">
        <ele>54.0</ele>
        <time>2026-08-26T15:57:24+02:00</time>
      </trkpt>
      <trkpt lon="16.280335" lat="43.532343">
        <ele>54.0</ele>
        <time>2026-08-26T15:57:25+02:00</time>
      </trkpt>
      <trkpt lon="16.280472" lat="43.532431">
        <ele>55.0</ele>
        <time>2026-08-26T15:57:26+02:00</time>
      </trkpt>
      <trkpt lon="16.280586" lat="43.532509">
        <ele>55.0</ele>
        <time>2026-08-26T15:57:27+02:00</time>
      </trkpt>
      <trkpt lon="16.280706" lat="43.532587">
        <ele>56.0</ele>
        <time>2026-08-26T15:57:28+02:00</time>
      </trkpt>
      <trkpt lon="16.280834" lat="43.532667">
        <ele>56.0</ele>
        <time>2026-08-26T15:57:29+02:00</time>
      </trkpt>
      <trkpt lon="16.280957" lat="43.532745">
        <ele>57.0</ele>
        <time>2026-08-26T15:57:30+02:00</time>
      </trkpt>
      <trkpt lon="16.281091" lat="43.532831">
        <ele>57.0</ele>
        <time>2026-08-26T15:57:31+02:00</time>
      </trkpt>
      <trkpt lon="16.281211" lat="43.532911">
        <ele>58.0</ele>
        <time>2026-08-26T15:57:32+02:00</time>
      </trkpt>
      <trkpt lon="16.281332" lat="43.532989">
        <ele>59.0</ele>
        <time>2026-08-26T15:57:33+02:00</time>
      </trkpt>
      <trkpt lon="16.281451" lat="43.533067">
        <ele>59.0</ele>
        <time>2026-08-26T15:57:34+02:00</time>
      </trkpt>
      <trkpt lon="16.281553" lat="43.533141">
        <ele>59.0</ele>
        <time>2026-08-26T15:57:35+02:00</time>
      </trkpt>
      <trkpt lon="16.281648" lat="43.533209">
        <ele>60.0</ele>
        <time>2026-08-26T15:57:36+02:00</time>
      </trkpt>
      <trkpt lon="16.281745" lat="43.533278">
        <ele>60.0</ele>
        <time>2026-08-26T15:57:37+02:00</time>
      </trkpt>
      <trkpt lon="16.281856" lat="43.53335">
        <ele>61.0</ele>
        <time>2026-08-26T15:57:38+02:00</time>
      </trkpt>
      <trkpt lon="16.281982" lat="43.533437">
        <ele>61.0</ele>
        <time>2026-08-26T15:57:39+02:00</time>
      </trkpt>
      <trkpt lon="16.282081" lat="43.533504">
        <ele>62.0</ele>
        <time>2026-08-26T15:57:40+02:00</time>
      </trkpt>
      <trkpt lon="16.282212" lat="43.53359">
        <ele>63.0</ele>
        <time>2026-08-26T15:57:41+02:00</time>
      </trkpt>
      <trkpt lon="16.282329" lat="43.533673">
        <ele>63.0</ele>
        <time>2026-08-26T15:57:42+02:00</time>
      </trkpt>
      <trkpt lon="16.282454" lat="43.533766">
        <ele>64.0</ele>
        <time>2026-08-26T15:57:43+02:00</time>
      </trkpt>
      <trkpt lon="16.282577" lat="43.533872">
        <ele>64.0</ele>
        <time>2026-08-26T15:57:44+02:00</time>
      </trkpt>
      <trkpt lon="16.282701" lat="43.533984">
        <ele>65.0</ele>
        <time>2026-08-26T15:57:45+02:00</time>
      </trkpt>
      <trkpt lon="16.282825" lat="43.534088">
        <ele>66.0</ele>
        <time>2026-08-26T15:57:46+02:00</time>
      </trkpt>
      <trkpt lon="16.282942" lat="43.534179">
        <ele>68.0</ele>
        <time>2026-08-26T15:57:47+02:00</time>
      </trkpt>
      <trkpt lon="16.283061" lat="43.534264">
        <ele>68.0</ele>
        <time>2026-08-26T15:57:48+02:00</time>
      </trkpt>
      <trkpt lon="16.283168" lat="43.534338">
        <ele>69.0</ele>
        <time>2026-08-26T15:57:49+02:00</time>
      </trkpt>
      <trkpt lon="16.283291" lat="43.534426">
        <ele>70.0</ele>
        <time>2026-08-26T15:57:50+02:00</time>
      </trkpt>
      <trkpt lon="16.283401" lat="43.534515">
        <ele>71.0</ele>
        <time>2026-08-26T15:57:51+02:00</time>
      </trkpt>
      <trkpt lon="16.283505" lat="43.5346">
        <ele>71.0</ele>
        <time>2026-08-26T15:57:52+02:00</time>
      </trkpt>
      <trkpt lon="16.283613" lat="43.534685">
        <ele>72.0</ele>
        <time>2026-08-26T15:57:53+02:00</time>
      </trkpt>
      <trkpt lon="16.283727" lat="43.534767">
        <ele>72.0</ele>
        <time>2026-08-26T15:57:54+02:00</time>
      </trkpt>
      <trkpt lon="16.283833" lat="43.534841">
        <ele>73.0</ele>
        <time>2026-08-26T15:57:55+02:00</time>
      </trkpt>
      <trkpt lon="16.283963" lat="43.534923">
        <ele>74.0</ele>
        <time>2026-08-26T15:57:56+02:00</time>
      </trkpt>
      <trkpt lon="16.284099" lat="43.535002">
        <ele>74.0</ele>
        <time>2026-08-26T15:57:57+02:00</time>
      </trkpt>
      <trkpt lon="16.284236" lat="43.535067">
        <ele>74.0</ele>
        <time>2026-08-26T15:57:58+02:00</time>
      </trkpt>
      <trkpt lon="16.284403" lat="43.535143">
        <ele>75.0</ele>
        <time>2026-08-26T15:57:59+02:00</time>
      </trkpt>
      <trkpt lon="16.284552" lat="43.535204">
        <ele>75.0</ele>
        <time>2026-08-26T15:58:00+02:00</time>
      </trkpt>
      <trkpt lon="16.284718" lat="43.535269">
        <ele>75.0</ele>
        <time>2026-08-26T15:58:01+02:00</time>
      </trkpt>
      <trkpt lon="16.284869" lat="43.535324">
        <ele>76.0</ele>
        <time>2026-08-26T15:58:02+02:00</time>
      </trkpt>
      <trkpt lon="16.285018" lat="43.535368">
        <ele>76.0</ele>
        <time>2026-08-26T15:58:03+02:00</time>
      </trkpt>
      <trkpt lon="16.285186" lat="43.535414">
        <ele>76.0</ele>
        <time>2026-08-26T15:58:04+02:00</time>
      </trkpt>
      <trkpt lon="16.285352" lat="43.535449">
        <ele>76.0</ele>
        <time>2026-08-26T15:58:05+02:00</time>
      </trkpt>
      <trkpt lon="16.28554" lat="43.535479">
        <ele>76.0</ele>
        <time>2026-08-26T15:58:06+02:00</time>
      </trkpt>
      <trkpt lon="16.285726" lat="43.535504">
        <ele>76.0</ele>
        <time>2026-08-26T15:58:07+02:00</time>
      </trkpt>
      <trkpt lon="16.28591" lat="43.535537">
        <ele>76.0</ele>
        <time>2026-08-26T15:58:08+02:00</time>
      </trkpt>
      <trkpt lon="16.286079" lat="43.535568">
        <ele>76.0</ele>
        <time>2026-08-26T15:58:09+02:00</time>
      </trkpt>
      <trkpt lon="16.28625" lat="43.535601">
        <ele>76.0</ele>
        <time>2026-08-26T15:58:10+02:00</time>
      </trkpt>
      <trkpt lon="16.286404" lat="43.535641">
        <ele>76.0</ele>
        <time>2026-08-26T15:58:11+02:00</time>
      </trkpt>
      <trkpt lon="16.286548" lat="43.535698">
        <ele>76.0</ele>
        <time>2026-08-26T15:58:12+02:00</time>
      </trkpt>
      <trkpt lon="16.286682" lat="43.535774">
        <ele>76.0</ele>
        <time>2026-08-26T15:58:13+02:00</time>
      </trkpt>
      <trkpt lon="16.286785" lat="43.535864">
        <ele>76.0</ele>
        <time>2026-08-26T15:58:14+02:00</time>
      </trkpt>
      <trkpt lon="16.28686" lat="43.535965">
        <ele>76.0</ele>
        <time>2026-08-26T15:58:15+02:00</time>
      </trkpt>
      <trkpt lon="16.286913" lat="43.536082">
        <ele>77.0</ele>
        <time>2026-08-26T15:58:16+02:00</time>
      </trkpt>
      <trkpt lon="16.286919" lat="43.536178">
        <ele>77.0</ele>
        <time>2026-08-26T15:58:17+02:00</time>
      </trkpt>
      <trkpt lon="16.286904" lat="43.536285">
        <ele>77.0</ele>
        <time>2026-08-26T15:58:18+02:00</time>
      </trkpt>
      <trkpt lon="16.286867" lat="43.536373">
        <ele>77.0</ele>
        <time>2026-08-26T15:58:19+02:00</time>
      </trkpt>
      <trkpt lon="16.28682" lat="43.536457">
        <ele>77.0</ele>
        <time>2026-08-26T15:58:20+02:00</time>
      </trkpt>
      <trkpt lon="16.286708" lat="43.536604">
        <ele>77.0</ele>
        <time>2026-08-26T15:58:22+02:00</time>
      </trkpt>
      <trkpt lon="16.286656" lat="43.536657">
        <ele>78.0</ele>
        <time>2026-08-26T15:58:23+02:00</time>
      </trkpt>
      <trkpt lon="16.28661" lat="43.536701">
        <ele>78.0</ele>
        <time>2026-08-26T15:58:24+02:00</time>
      </trkpt>
      <trkpt lon="16.286542" lat="43.536744">
        <ele>78.0</ele>
        <time>2026-08-26T15:58:26+02:00</time>
      </trkpt>
      <trkpt lon="16.28653" lat="43.536748">
        <ele>78.0</ele>
        <time>2026-08-26T15:58:28+02:00</time>
      </trkpt>
      <trkpt lon="16.286541" lat="43.536735">
        <ele>78.0</ele>
        <time>2026-08-26T15:58:47+02:00</time>
      </trkpt>
      <trkpt lon="16.286481" lat="43.53679">
        <ele>78.0</ele>
        <time>2026-08-26T15:59:04+02:00</time>
      </trkpt>
      <trkpt lon="16.286414" lat="43.536832">
        <ele>78.0</ele>
        <time>2026-08-26T15:59:05+02:00</time>
      </trkpt>
      <trkpt lon="16.286356" lat="43.53689">
        <ele>78.0</ele>
        <time>2026-08-26T15:59:06+02:00</time>
      </trkpt>
      <trkpt lon="16.286331" lat="43.53694">
        <ele>78.0</ele>
        <time>2026-08-26T15:59:07+02:00</time>
      </trkpt>
      <trkpt lon="16.286371" lat="43.537012">
        <ele>78.0</ele>
        <time>2026-08-26T15:59:09+02:00</time>
      </trkpt>
      <trkpt lon="16.286414" lat="43.537053">
        <ele>78.0</ele>
        <time>2026-08-26T15:59:10+02:00</time>
      </trkpt>
      <trkpt lon="16.286469" lat="43.537102">
        <ele>79.0</ele>
        <time>2026-08-26T15:59:11+02:00</time>
      </trkpt>
      <trkpt lon="16.286535" lat="43.537172">
        <ele>79.0</ele>
        <time>2026-08-26T15:59:12+02:00</time>
      </trkpt>
      <trkpt lon="16.286614" lat="43.537248">
        <ele>79.0</ele>
        <time>2026-08-26T15:59:13+02:00</time>
      </trkpt>
      <trkpt lon="16.286699" lat="43.537328">
        <ele>78.0</ele>
        <time>2026-08-26T15:59:14+02:00</time>
      </trkpt>
      <trkpt lon="16.286782" lat="43.537403">
        <ele>78.0</ele>
        <time>2026-08-26T15:59:15+02:00</time>
      </trkpt>
      <trkpt lon="16.286859" lat="43.537475">
        <ele>79.0</ele>
        <time>2026-08-26T15:59:16+02:00</time>
      </trkpt>
      <trkpt lon="16.287015" lat="43.537621">
        <ele>79.0</ele>
        <time>2026-08-26T15:59:18+02:00</time>
      </trkpt>
      <trkpt lon="16.287096" lat="43.537697">
        <ele>79.0</ele>
        <time>2026-08-26T15:59:19+02:00</time>
      </trkpt>
      <trkpt lon="16.287251" lat="43.537868">
        <ele>79.0</ele>
        <time>2026-08-26T15:59:21+02:00</time>
      </trkpt>
      <trkpt lon="16.287348" lat="43.537964">
        <ele>79.0</ele>
        <time>2026-08-26T15:59:22+02:00</time>
      </trkpt>
      <trkpt lon="16.28745" lat="43.538065">
        <ele>79.0</ele>
        <time>2026-08-26T15:59:23+02:00</time>
      </trkpt>
      <trkpt lon="16.28756" lat="43.538179">
        <ele>79.0</ele>
        <time>2026-08-26T15:59:24+02:00</time>
      </trkpt>
      <trkpt lon="16.287656" lat="43.538277">
        <ele>79.0</ele>
        <time>2026-08-26T15:59:25+02:00</time>
      </trkpt>
      <trkpt lon="16.287768" lat="43.538396">
        <ele>79.0</ele>
        <time>2026-08-26T15:59:26+02:00</time>
      </trkpt>
      <trkpt lon="16.287889" lat="43.538521">
        <ele>79.0</ele>
        <time>2026-08-26T15:59:27+02:00</time>
      </trkpt>
      <trkpt lon="16.287983" lat="43.53863">
        <ele>79.0</ele>
        <time>2026-08-26T15:59:28+02:00</time>
      </trkpt>
      <trkpt lon="16.288098" lat="43.538757">
        <ele>81.0</ele>
        <time>2026-08-26T15:59:29+02:00</time>
      </trkpt>
      <trkpt lon="16.288214" lat="43.538886">
        <ele>81.0</ele>
        <time>2026-08-26T15:59:30+02:00</time>
      </trkpt>
      <trkpt lon="16.288327" lat="43.539009">
        <ele>82.0</ele>
        <time>2026-08-26T15:59:31+02:00</time>
      </trkpt>
      <trkpt lon="16.288447" lat="43.539143">
        <ele>82.0</ele>
        <time>2026-08-26T15:59:32+02:00</time>
      </trkpt>
      <trkpt lon="16.288567" lat="43.539275">
        <ele>82.0</ele>
        <time>2026-08-26T15:59:33+02:00</time>
      </trkpt>
      <trkpt lon="16.288682" lat="43.539409">
        <ele>82.0</ele>
        <time>2026-08-26T15:59:34+02:00</time>
      </trkpt>
      <trkpt lon="16.288811" lat="43.539556">
        <ele>82.0</ele>
        <time>2026-08-26T15:59:35+02:00</time>
      </trkpt>
      <trkpt lon="16.288946" lat="43.53971">
        <ele>83.0</ele>
        <time>2026-08-26T15:59:36+02:00</time>
      </trkpt>
      <trkpt lon="16.28907" lat="43.53985">
        <ele>83.0</ele>
        <time>2026-08-26T15:59:37+02:00</time>
      </trkpt>
      <trkpt lon="16.28921" lat="43.54">
        <ele>83.0</ele>
        <time>2026-08-26T15:59:38+02:00</time>
      </trkpt>
      <trkpt lon="16.289354" lat="43.540159">
        <ele>83.0</ele>
        <time>2026-08-26T15:59:39+02:00</time>
      </trkpt>
      <trkpt lon="16.289491" lat="43.540316">
        <ele>83.0</ele>
        <time>2026-08-26T15:59:40+02:00</time>
      </trkpt>
      <trkpt lon="16.289633" lat="43.540475">
        <ele>84.0</ele>
        <time>2026-08-26T15:59:41+02:00</time>
      </trkpt>
      <trkpt lon="16.289768" lat="43.540635">
        <ele>84.0</ele>
        <time>2026-08-26T15:59:42+02:00</time>
      </trkpt>
      <trkpt lon="16.289903" lat="43.54079">
        <ele>84.0</ele>
        <time>2026-08-26T15:59:43+02:00</time>
      </trkpt>
      <trkpt lon="16.290036" lat="43.540944">
        <ele>84.0</ele>
        <time>2026-08-26T15:59:44+02:00</time>
      </trkpt>
      <trkpt lon="16.290168" lat="43.541094">
        <ele>84.0</ele>
        <time>2026-08-26T15:59:45+02:00</time>
      </trkpt>
      <trkpt lon="16.290308" lat="43.541253">
        <ele>84.0</ele>
        <time>2026-08-26T15:59:46+02:00</time>
      </trkpt>
      <trkpt lon="16.29044" lat="43.541403">
        <ele>85.0</ele>
        <time>2026-08-26T15:59:47+02:00</time>
      </trkpt>
      <trkpt lon="16.290591" lat="43.541575">
        <ele>85.0</ele>
        <time>2026-08-26T15:59:48+02:00</time>
      </trkpt>
      <trkpt lon="16.290721" lat="43.541724">
        <ele>85.0</ele>
        <time>2026-08-26T15:59:49+02:00</time>
      </trkpt>
      <trkpt lon="16.290862" lat="43.541883">
        <ele>85.0</ele>
        <time>2026-08-26T15:59:50+02:00</time>
      </trkpt>
      <trkpt lon="16.291" lat="43.542039">
        <ele>84.0</ele>
        <time>2026-08-26T15:59:51+02:00</time>
      </trkpt>
      <trkpt lon="16.291136" lat="43.5422">
        <ele>84.0</ele>
        <time>2026-08-26T15:59:52+02:00</time>
      </trkpt>
      <trkpt lon="16.291267" lat="43.542354">
        <ele>84.0</ele>
        <time>2026-08-26T15:59:53+02:00</time>
      </trkpt>
      <trkpt lon="16.291401" lat="43.542505">
        <ele>84.0</ele>
        <time>2026-08-26T15:59:54+02:00</time>
      </trkpt>
      <trkpt lon="16.291549" lat="43.542674">
        <ele>84.0</ele>
        <time>2026-08-26T15:59:55+02:00</time>
      </trkpt>
      <trkpt lon="16.291686" lat="43.542826">
        <ele>84.0</ele>
        <time>2026-08-26T15:59:56+02:00</time>
      </trkpt>
      <trkpt lon="16.291817" lat="43.542971">
        <ele>84.0</ele>
        <time>2026-08-26T15:59:57+02:00</time>
      </trkpt>
      <trkpt lon="16.291949" lat="43.543114">
        <ele>84.0</ele>
        <time>2026-08-26T15:59:58+02:00</time>
      </trkpt>
      <trkpt lon="16.292079" lat="43.543263">
        <ele>83.0</ele>
        <time>2026-08-26T15:59:59+02:00</time>
      </trkpt>
      <trkpt lon="16.292204" lat="43.543398">
        <ele>83.0</ele>
        <time>2026-08-26T16:00:00+02:00</time>
      </trkpt>
      <trkpt lon="16.292315" lat="43.543518">
        <ele>83.0</ele>
        <time>2026-08-26T16:00:01+02:00</time>
      </trkpt>
      <trkpt lon="16.292437" lat="43.54365">
        <ele>83.0</ele>
        <time>2026-08-26T16:00:02+02:00</time>
      </trkpt>
      <trkpt lon="16.292562" lat="43.543788">
        <ele>83.0</ele>
        <time>2026-08-26T16:00:03+02:00</time>
      </trkpt>
      <trkpt lon="16.292697" lat="43.54393">
        <ele>82.0</ele>
        <time>2026-08-26T16:00:04+02:00</time>
      </trkpt>
      <trkpt lon="16.29281" lat="43.544053">
        <ele>82.0</ele>
        <time>2026-08-26T16:00:05+02:00</time>
      </trkpt>
      <trkpt lon="16.292931" lat="43.54418">
        <ele>82.0</ele>
        <time>2026-08-26T16:00:06+02:00</time>
      </trkpt>
      <trkpt lon="16.293063" lat="43.544313">
        <ele>82.0</ele>
        <time>2026-08-26T16:00:07+02:00</time>
      </trkpt>
      <trkpt lon="16.293196" lat="43.544446">
        <ele>81.0</ele>
        <time>2026-08-26T16:00:08+02:00</time>
      </trkpt>
      <trkpt lon="16.293331" lat="43.544577">
        <ele>82.0</ele>
        <time>2026-08-26T16:00:09+02:00</time>
      </trkpt>
      <trkpt lon="16.293481" lat="43.544718">
        <ele>82.0</ele>
        <time>2026-08-26T16:00:10+02:00</time>
      </trkpt>
      <trkpt lon="16.293608" lat="43.54483">
        <ele>82.0</ele>
        <time>2026-08-26T16:00:11+02:00</time>
      </trkpt>
      <trkpt lon="16.29377" lat="43.544971">
        <ele>82.0</ele>
        <time>2026-08-26T16:00:12+02:00</time>
      </trkpt>
      <trkpt lon="16.293917" lat="43.545095">
        <ele>81.0</ele>
        <time>2026-08-26T16:00:13+02:00</time>
      </trkpt>
      <trkpt lon="16.294077" lat="43.54523">
        <ele>81.0</ele>
        <time>2026-08-26T16:00:14+02:00</time>
      </trkpt>
      <trkpt lon="16.294223" lat="43.54535">
        <ele>82.0</ele>
        <time>2026-08-26T16:00:15+02:00</time>
      </trkpt>
      <trkpt lon="16.294383" lat="43.545483">
        <ele>82.0</ele>
        <time>2026-08-26T16:00:16+02:00</time>
      </trkpt>
      <trkpt lon="16.294543" lat="43.545606">
        <ele>82.0</ele>
        <time>2026-08-26T16:00:17+02:00</time>
      </trkpt>
      <trkpt lon="16.294696" lat="43.545721">
        <ele>81.0</ele>
        <time>2026-08-26T16:00:18+02:00</time>
      </trkpt>
      <trkpt lon="16.294861" lat="43.545843">
        <ele>81.0</ele>
        <time>2026-08-26T16:00:19+02:00</time>
      </trkpt>
      <trkpt lon="16.295017" lat="43.545952">
        <ele>81.0</ele>
        <time>2026-08-26T16:00:20+02:00</time>
      </trkpt>
      <trkpt lon="16.295201" lat="43.546078">
        <ele>81.0</ele>
        <time>2026-08-26T16:00:21+02:00</time>
      </trkpt>
      <trkpt lon="16.295359" lat="43.546189">
        <ele>81.0</ele>
        <time>2026-08-26T16:00:22+02:00</time>
      </trkpt>
      <trkpt lon="16.295513" lat="43.546298">
        <ele>81.0</ele>
        <time>2026-08-26T16:00:23+02:00</time>
      </trkpt>
      <trkpt lon="16.295679" lat="43.546413">
        <ele>79.0</ele>
        <time>2026-08-26T16:00:24+02:00</time>
      </trkpt>
      <trkpt lon="16.295845" lat="43.546534">
        <ele>79.0</ele>
        <time>2026-08-26T16:00:25+02:00</time>
      </trkpt>
      <trkpt lon="16.29602" lat="43.54665">
        <ele>79.0</ele>
        <time>2026-08-26T16:00:26+02:00</time>
      </trkpt>
      <trkpt lon="16.296225" lat="43.546777">
        <ele>79.0</ele>
        <time>2026-08-26T16:00:27+02:00</time>
      </trkpt>
      <trkpt lon="16.296421" lat="43.546893">
        <ele>79.0</ele>
        <time>2026-08-26T16:00:28+02:00</time>
      </trkpt>
      <trkpt lon="16.296628" lat="43.547013">
        <ele>79.0</ele>
        <time>2026-08-26T16:00:29+02:00</time>
      </trkpt>
      <trkpt lon="16.296854" lat="43.547134">
        <ele>81.0</ele>
        <time>2026-08-26T16:00:30+02:00</time>
      </trkpt>
      <trkpt lon="16.297099" lat="43.547257">
        <ele>81.0</ele>
        <time>2026-08-26T16:00:31+02:00</time>
      </trkpt>
      <trkpt lon="16.297338" lat="43.547371">
        <ele>81.0</ele>
        <time>2026-08-26T16:00:32+02:00</time>
      </trkpt>
      <trkpt lon="16.297576" lat="43.547484">
        <ele>81.0</ele>
        <time>2026-08-26T16:00:33+02:00</time>
      </trkpt>
      <trkpt lon="16.297806" lat="43.547588">
        <ele>81.0</ele>
        <time>2026-08-26T16:00:34+02:00</time>
      </trkpt>
      <trkpt lon="16.298028" lat="43.547692">
        <ele>81.0</ele>
        <time>2026-08-26T16:00:35+02:00</time>
      </trkpt>
      <trkpt lon="16.298253" lat="43.547795">
        <ele>81.0</ele>
        <time>2026-08-26T16:00:36+02:00</time>
      </trkpt>
      <trkpt lon="16.298486" lat="43.547898">
        <ele>81.0</ele>
        <time>2026-08-26T16:00:37+02:00</time>
      </trkpt>
      <trkpt lon="16.298743" lat="43.548006">
        <ele>81.0</ele>
        <time>2026-08-26T16:00:38+02:00</time>
      </trkpt>
      <trkpt lon="16.298982" lat="43.548104">
        <ele>81.0</ele>
        <time>2026-08-26T16:00:39+02:00</time>
      </trkpt>
      <trkpt lon="16.299237" lat="43.548205">
        <ele>81.0</ele>
        <time>2026-08-26T16:00:40+02:00</time>
      </trkpt>
      <trkpt lon="16.299506" lat="43.548309">
        <ele>81.0</ele>
        <time>2026-08-26T16:00:41+02:00</time>
      </trkpt>
      <trkpt lon="16.299754" lat="43.548399">
        <ele>79.0</ele>
        <time>2026-08-26T16:00:42+02:00</time>
      </trkpt>
      <trkpt lon="16.300022" lat="43.548496">
        <ele>79.0</ele>
        <time>2026-08-26T16:00:43+02:00</time>
      </trkpt>
      <trkpt lon="16.300313" lat="43.548595">
        <ele>81.0</ele>
        <time>2026-08-26T16:00:44+02:00</time>
      </trkpt>
      <trkpt lon="16.300599" lat="43.548689">
        <ele>82.0</ele>
        <time>2026-08-26T16:00:45+02:00</time>
      </trkpt>
      <trkpt lon="16.300882" lat="43.548775">
        <ele>81.0</ele>
        <time>2026-08-26T16:00:46+02:00</time>
      </trkpt>
      <trkpt lon="16.301159" lat="43.548858">
        <ele>82.0</ele>
        <time>2026-08-26T16:00:47+02:00</time>
      </trkpt>
      <trkpt lon="16.301459" lat="43.548942">
        <ele>82.0</ele>
        <time>2026-08-26T16:00:48+02:00</time>
      </trkpt>
      <trkpt lon="16.301743" lat="43.549015">
        <ele>82.0</ele>
        <time>2026-08-26T16:00:49+02:00</time>
      </trkpt>
      <trkpt lon="16.302029" lat="43.549087">
        <ele>82.0</ele>
        <time>2026-08-26T16:00:50+02:00</time>
      </trkpt>
      <trkpt lon="16.302327" lat="43.549163">
        <ele>82.0</ele>
        <time>2026-08-26T16:00:51+02:00</time>
      </trkpt>
      <trkpt lon="16.302596" lat="43.549226">
        <ele>82.0</ele>
        <time>2026-08-26T16:00:52+02:00</time>
      </trkpt>
      <trkpt lon="16.302892" lat="43.549295">
        <ele>81.0</ele>
        <time>2026-08-26T16:00:53+02:00</time>
      </trkpt>
      <trkpt lon="16.303179" lat="43.549354">
        <ele>81.0</ele>
        <time>2026-08-26T16:00:54+02:00</time>
      </trkpt>
      <trkpt lon="16.303465" lat="43.549409">
        <ele>81.0</ele>
        <time>2026-08-26T16:00:55+02:00</time>
      </trkpt>
      <trkpt lon="16.303718" lat="43.549455">
        <ele>81.0</ele>
        <time>2026-08-26T16:00:56+02:00</time>
      </trkpt>
      <trkpt lon="16.304" lat="43.549505">
        <ele>79.0</ele>
        <time>2026-08-26T16:00:57+02:00</time>
      </trkpt>
      <trkpt lon="16.30428" lat="43.549552">
        <ele>79.0</ele>
        <time>2026-08-26T16:00:58+02:00</time>
      </trkpt>
      <trkpt lon="16.304535" lat="43.549593">
        <ele>79.0</ele>
        <time>2026-08-26T16:00:59+02:00</time>
      </trkpt>
      <trkpt lon="16.304815" lat="43.54964">
        <ele>79.0</ele>
        <time>2026-08-26T16:01:00+02:00</time>
      </trkpt>
      <trkpt lon="16.305075" lat="43.549684">
        <ele>79.0</ele>
        <time>2026-08-26T16:01:01+02:00</time>
      </trkpt>
      <trkpt lon="16.305359" lat="43.549732">
        <ele>79.0</ele>
        <time>2026-08-26T16:01:02+02:00</time>
      </trkpt>
      <trkpt lon="16.305615" lat="43.549774">
        <ele>79.0</ele>
        <time>2026-08-26T16:01:03+02:00</time>
      </trkpt>
      <trkpt lon="16.305865" lat="43.549816">
        <ele>79.0</ele>
        <time>2026-08-26T16:01:04+02:00</time>
      </trkpt>
      <trkpt lon="16.306165" lat="43.549864">
        <ele>78.0</ele>
        <time>2026-08-26T16:01:05+02:00</time>
      </trkpt>
      <trkpt lon="16.306436" lat="43.549907">
        <ele>78.0</ele>
        <time>2026-08-26T16:01:06+02:00</time>
      </trkpt>
      <trkpt lon="16.306704" lat="43.549944">
        <ele>78.0</ele>
        <time>2026-08-26T16:01:07+02:00</time>
      </trkpt>
      <trkpt lon="16.306973" lat="43.549988">
        <ele>78.0</ele>
        <time>2026-08-26T16:01:08+02:00</time>
      </trkpt>
      <trkpt lon="16.307249" lat="43.550033">
        <ele>78.0</ele>
        <time>2026-08-26T16:01:09+02:00</time>
      </trkpt>
      <trkpt lon="16.307531" lat="43.550079">
        <ele>78.0</ele>
        <time>2026-08-26T16:01:10+02:00</time>
      </trkpt>
      <trkpt lon="16.307798" lat="43.550121">
        <ele>77.0</ele>
        <time>2026-08-26T16:01:11+02:00</time>
      </trkpt>
      <trkpt lon="16.308073" lat="43.550165">
        <ele>77.0</ele>
        <time>2026-08-26T16:01:12+02:00</time>
      </trkpt>
      <trkpt lon="16.308346" lat="43.55021">
        <ele>79.0</ele>
        <time>2026-08-26T16:01:13+02:00</time>
      </trkpt>
      <trkpt lon="16.308627" lat="43.550256">
        <ele>79.0</ele>
        <time>2026-08-26T16:01:14+02:00</time>
      </trkpt>
      <trkpt lon="16.308894" lat="43.5503">
        <ele>79.0</ele>
        <time>2026-08-26T16:01:15+02:00</time>
      </trkpt>
      <trkpt lon="16.309184" lat="43.550348">
        <ele>79.0</ele>
        <time>2026-08-26T16:01:16+02:00</time>
      </trkpt>
      <trkpt lon="16.30946" lat="43.550393">
        <ele>79.0</ele>
        <time>2026-08-26T16:01:17+02:00</time>
      </trkpt>
      <trkpt lon="16.309743" lat="43.550444">
        <ele>79.0</ele>
        <time>2026-08-26T16:01:18+02:00</time>
      </trkpt>
      <trkpt lon="16.310024" lat="43.550491">
        <ele>79.0</ele>
        <time>2026-08-26T16:01:19+02:00</time>
      </trkpt>
      <trkpt lon="16.310299" lat="43.550539">
        <ele>81.0</ele>
        <time>2026-08-26T16:01:20+02:00</time>
      </trkpt>
      <trkpt lon="16.310603" lat="43.550593">
        <ele>81.0</ele>
        <time>2026-08-26T16:01:21+02:00</time>
      </trkpt>
      <trkpt lon="16.310869" lat="43.550646">
        <ele>82.0</ele>
        <time>2026-08-26T16:01:22+02:00</time>
      </trkpt>
      <trkpt lon="16.31115" lat="43.5507">
        <ele>82.0</ele>
        <time>2026-08-26T16:01:23+02:00</time>
      </trkpt>
      <trkpt lon="16.311444" lat="43.550758">
        <ele>83.0</ele>
        <time>2026-08-26T16:01:24+02:00</time>
      </trkpt>
      <trkpt lon="16.311736" lat="43.550818">
        <ele>84.0</ele>
        <time>2026-08-26T16:01:25+02:00</time>
      </trkpt>
      <trkpt lon="16.312018" lat="43.550878">
        <ele>84.0</ele>
        <time>2026-08-26T16:01:26+02:00</time>
      </trkpt>
      <trkpt lon="16.312314" lat="43.550942">
        <ele>85.0</ele>
        <time>2026-08-26T16:01:27+02:00</time>
      </trkpt>
      <trkpt lon="16.312573" lat="43.551003">
        <ele>85.0</ele>
        <time>2026-08-26T16:01:28+02:00</time>
      </trkpt>
      <trkpt lon="16.312854" lat="43.551073">
        <ele>85.0</ele>
        <time>2026-08-26T16:01:29+02:00</time>
      </trkpt>
      <trkpt lon="16.313121" lat="43.551138">
        <ele>85.0</ele>
        <time>2026-08-26T16:01:30+02:00</time>
      </trkpt>
      <trkpt lon="16.313386" lat="43.551208">
        <ele>85.0</ele>
        <time>2026-08-26T16:01:31+02:00</time>
      </trkpt>
      <trkpt lon="16.313669" lat="43.551292">
        <ele>85.0</ele>
        <time>2026-08-26T16:01:32+02:00</time>
      </trkpt>
      <trkpt lon="16.313963" lat="43.55138">
        <ele>86.0</ele>
        <time>2026-08-26T16:01:33+02:00</time>
      </trkpt>
      <trkpt lon="16.314248" lat="43.551467">
        <ele>86.0</ele>
        <time>2026-08-26T16:01:34+02:00</time>
      </trkpt>
      <trkpt lon="16.314531" lat="43.551551">
        <ele>87.0</ele>
        <time>2026-08-26T16:01:35+02:00</time>
      </trkpt>
      <trkpt lon="16.314798" lat="43.551632">
        <ele>87.0</ele>
        <time>2026-08-26T16:01:36+02:00</time>
      </trkpt>
      <trkpt lon="16.315065" lat="43.551712">
        <ele>89.0</ele>
        <time>2026-08-26T16:01:37+02:00</time>
      </trkpt>
      <trkpt lon="16.315321" lat="43.551789">
        <ele>90.0</ele>
        <time>2026-08-26T16:01:38+02:00</time>
      </trkpt>
      <trkpt lon="16.3156" lat="43.551872">
        <ele>90.0</ele>
        <time>2026-08-26T16:01:39+02:00</time>
      </trkpt>
      <trkpt lon="16.315872" lat="43.551961">
        <ele>90.0</ele>
        <time>2026-08-26T16:01:40+02:00</time>
      </trkpt>
      <trkpt lon="16.31612" lat="43.552036">
        <ele>90.0</ele>
        <time>2026-08-26T16:01:41+02:00</time>
      </trkpt>
      <trkpt lon="16.316396" lat="43.552119">
        <ele>91.0</ele>
        <time>2026-08-26T16:01:42+02:00</time>
      </trkpt>
      <trkpt lon="16.316678" lat="43.552206">
        <ele>91.0</ele>
        <time>2026-08-26T16:01:43+02:00</time>
      </trkpt>
      <trkpt lon="16.316947" lat="43.552295">
        <ele>91.0</ele>
        <time>2026-08-26T16:01:44+02:00</time>
      </trkpt>
      <trkpt lon="16.317208" lat="43.552388">
        <ele>91.0</ele>
        <time>2026-08-26T16:01:45+02:00</time>
      </trkpt>
      <trkpt lon="16.317467" lat="43.552484">
        <ele>91.0</ele>
        <time>2026-08-26T16:01:46+02:00</time>
      </trkpt>
      <trkpt lon="16.317742" lat="43.55259">
        <ele>91.0</ele>
        <time>2026-08-26T16:01:47+02:00</time>
      </trkpt>
      <trkpt lon="16.317986" lat="43.552686">
        <ele>91.0</ele>
        <time>2026-08-26T16:01:48+02:00</time>
      </trkpt>
      <trkpt lon="16.31825" lat="43.552789">
        <ele>91.0</ele>
        <time>2026-08-26T16:01:49+02:00</time>
      </trkpt>
      <trkpt lon="16.318497" lat="43.552884">
        <ele>91.0</ele>
        <time>2026-08-26T16:01:50+02:00</time>
      </trkpt>
      <trkpt lon="16.318774" lat="43.552994">
        <ele>91.0</ele>
        <time>2026-08-26T16:01:51+02:00</time>
      </trkpt>
      <trkpt lon="16.319027" lat="43.553095">
        <ele>90.0</ele>
        <time>2026-08-26T16:01:52+02:00</time>
      </trkpt>
      <trkpt lon="16.319284" lat="43.553202">
        <ele>90.0</ele>
        <time>2026-08-26T16:01:53+02:00</time>
      </trkpt>
      <trkpt lon="16.319556" lat="43.553311">
        <ele>90.0</ele>
        <time>2026-08-26T16:01:54+02:00</time>
      </trkpt>
      <trkpt lon="16.319802" lat="43.553412">
        <ele>89.0</ele>
        <time>2026-08-26T16:01:55+02:00</time>
      </trkpt>
      <trkpt lon="16.320049" lat="43.553519">
        <ele>89.0</ele>
        <time>2026-08-26T16:01:56+02:00</time>
      </trkpt>
      <trkpt lon="16.320294" lat="43.553635">
        <ele>88.0</ele>
        <time>2026-08-26T16:01:57+02:00</time>
      </trkpt>
      <trkpt lon="16.320557" lat="43.55376">
        <ele>89.0</ele>
        <time>2026-08-26T16:01:58+02:00</time>
      </trkpt>
      <trkpt lon="16.320813" lat="43.553877">
        <ele>88.0</ele>
        <time>2026-08-26T16:01:59+02:00</time>
      </trkpt>
      <trkpt lon="16.321061" lat="43.553977">
        <ele>88.0</ele>
        <time>2026-08-26T16:02:00+02:00</time>
      </trkpt>
      <trkpt lon="16.321355" lat="43.554085">
        <ele>87.0</ele>
        <time>2026-08-26T16:02:01+02:00</time>
      </trkpt>
      <trkpt lon="16.321614" lat="43.55418">
        <ele>87.0</ele>
        <time>2026-08-26T16:02:02+02:00</time>
      </trkpt>
      <trkpt lon="16.321873" lat="43.554282">
        <ele>87.0</ele>
        <time>2026-08-26T16:02:03+02:00</time>
      </trkpt>
      <trkpt lon="16.322158" lat="43.554399">
        <ele>86.0</ele>
        <time>2026-08-26T16:02:04+02:00</time>
      </trkpt>
      <trkpt lon="16.322423" lat="43.554515">
        <ele>86.0</ele>
        <time>2026-08-26T16:02:05+02:00</time>
      </trkpt>
      <trkpt lon="16.322692" lat="43.55463">
        <ele>86.0</ele>
        <time>2026-08-26T16:02:06+02:00</time>
      </trkpt>
      <trkpt lon="16.32296" lat="43.554746">
        <ele>85.0</ele>
        <time>2026-08-26T16:02:07+02:00</time>
      </trkpt>
      <trkpt lon="16.323197" lat="43.554853">
        <ele>85.0</ele>
        <time>2026-08-26T16:02:08+02:00</time>
      </trkpt>
      <trkpt lon="16.323472" lat="43.554973">
        <ele>85.0</ele>
        <time>2026-08-26T16:02:09+02:00</time>
      </trkpt>
      <trkpt lon="16.32375" lat="43.555088">
        <ele>84.0</ele>
        <time>2026-08-26T16:02:10+02:00</time>
      </trkpt>
      <trkpt lon="16.324031" lat="43.555199">
        <ele>84.0</ele>
        <time>2026-08-26T16:02:11+02:00</time>
      </trkpt>
      <trkpt lon="16.324306" lat="43.555302">
        <ele>84.0</ele>
        <time>2026-08-26T16:02:12+02:00</time>
      </trkpt>
      <trkpt lon="16.324571" lat="43.555388">
        <ele>83.0</ele>
        <time>2026-08-26T16:02:13+02:00</time>
      </trkpt>
      <trkpt lon="16.324864" lat="43.555476">
        <ele>83.0</ele>
        <time>2026-08-26T16:02:14+02:00</time>
      </trkpt>
      <trkpt lon="16.325367" lat="43.55561">
        <ele>83.0</ele>
        <time>2026-08-26T16:02:16+02:00</time>
      </trkpt>
      <trkpt lon="16.325649" lat="43.55568">
        <ele>82.0</ele>
        <time>2026-08-26T16:02:17+02:00</time>
      </trkpt>
      <trkpt lon="16.325928" lat="43.555748">
        <ele>82.0</ele>
        <time>2026-08-26T16:02:18+02:00</time>
      </trkpt>
      <trkpt lon="16.326211" lat="43.555809">
        <ele>82.0</ele>
        <time>2026-08-26T16:02:19+02:00</time>
      </trkpt>
      <trkpt lon="16.326487" lat="43.555864">
        <ele>81.0</ele>
        <time>2026-08-26T16:02:20+02:00</time>
      </trkpt>
      <trkpt lon="16.326804" lat="43.555918">
        <ele>81.0</ele>
        <time>2026-08-26T16:02:21+02:00</time>
      </trkpt>
      <trkpt lon="16.327065" lat="43.555959">
        <ele>80.0</ele>
        <time>2026-08-26T16:02:22+02:00</time>
      </trkpt>
      <trkpt lon="16.327346" lat="43.556001">
        <ele>80.0</ele>
        <time>2026-08-26T16:02:23+02:00</time>
      </trkpt>
      <trkpt lon="16.327634" lat="43.556041">
        <ele>80.0</ele>
        <time>2026-08-26T16:02:24+02:00</time>
      </trkpt>
      <trkpt lon="16.327922" lat="43.556075">
        <ele>81.0</ele>
        <time>2026-08-26T16:02:25+02:00</time>
      </trkpt>
      <trkpt lon="16.32818" lat="43.556105">
        <ele>80.0</ele>
        <time>2026-08-26T16:02:26+02:00</time>
      </trkpt>
      <trkpt lon="16.328477" lat="43.556142">
        <ele>80.0</ele>
        <time>2026-08-26T16:02:27+02:00</time>
      </trkpt>
      <trkpt lon="16.328788" lat="43.556182">
        <ele>81.0</ele>
        <time>2026-08-26T16:02:28+02:00</time>
      </trkpt>
      <trkpt lon="16.329066" lat="43.556218">
        <ele>80.0</ele>
        <time>2026-08-26T16:02:29+02:00</time>
      </trkpt>
      <trkpt lon="16.32934" lat="43.556252">
        <ele>80.0</ele>
        <time>2026-08-26T16:02:30+02:00</time>
      </trkpt>
      <trkpt lon="16.329657" lat="43.556292">
        <ele>80.0</ele>
        <time>2026-08-26T16:02:31+02:00</time>
      </trkpt>
      <trkpt lon="16.329969" lat="43.556329">
        <ele>80.0</ele>
        <time>2026-08-26T16:02:32+02:00</time>
      </trkpt>
      <trkpt lon="16.330276" lat="43.556373">
        <ele>80.0</ele>
        <time>2026-08-26T16:02:33+02:00</time>
      </trkpt>
      <trkpt lon="16.330574" lat="43.556421">
        <ele>80.0</ele>
        <time>2026-08-26T16:02:34+02:00</time>
      </trkpt>
      <trkpt lon="16.330877" lat="43.556471">
        <ele>80.0</ele>
        <time>2026-08-26T16:02:35+02:00</time>
      </trkpt>
      <trkpt lon="16.331181" lat="43.556534">
        <ele>80.0</ele>
        <time>2026-08-26T16:02:36+02:00</time>
      </trkpt>
      <trkpt lon="16.331459" lat="43.556596">
        <ele>80.0</ele>
        <time>2026-08-26T16:02:37+02:00</time>
      </trkpt>
      <trkpt lon="16.331742" lat="43.55666">
        <ele>80.0</ele>
        <time>2026-08-26T16:02:38+02:00</time>
      </trkpt>
      <trkpt lon="16.332053" lat="43.556737">
        <ele>80.0</ele>
        <time>2026-08-26T16:02:39+02:00</time>
      </trkpt>
      <trkpt lon="16.332318" lat="43.556805">
        <ele>80.0</ele>
        <time>2026-08-26T16:02:40+02:00</time>
      </trkpt>
      <trkpt lon="16.332616" lat="43.556883">
        <ele>80.0</ele>
        <time>2026-08-26T16:02:41+02:00</time>
      </trkpt>
      <trkpt lon="16.332902" lat="43.556964">
        <ele>80.0</ele>
        <time>2026-08-26T16:02:42+02:00</time>
      </trkpt>
      <trkpt lon="16.333161" lat="43.557044">
        <ele>80.0</ele>
        <time>2026-08-26T16:02:43+02:00</time>
      </trkpt>
      <trkpt lon="16.333423" lat="43.557132">
        <ele>80.0</ele>
        <time>2026-08-26T16:02:44+02:00</time>
      </trkpt>
      <trkpt lon="16.333648" lat="43.557212">
        <ele>80.0</ele>
        <time>2026-08-26T16:02:45+02:00</time>
      </trkpt>
      <trkpt lon="16.333902" lat="43.557306">
        <ele>80.0</ele>
        <time>2026-08-26T16:02:46+02:00</time>
      </trkpt>
      <trkpt lon="16.33411" lat="43.557385">
        <ele>80.0</ele>
        <time>2026-08-26T16:02:47+02:00</time>
      </trkpt>
      <trkpt lon="16.334331" lat="43.557468">
        <ele>80.0</ele>
        <time>2026-08-26T16:02:48+02:00</time>
      </trkpt>
      <trkpt lon="16.334576" lat="43.55756">
        <ele>79.0</ele>
        <time>2026-08-26T16:02:49+02:00</time>
      </trkpt>
      <trkpt lon="16.334813" lat="43.55765">
        <ele>79.0</ele>
        <time>2026-08-26T16:02:50+02:00</time>
      </trkpt>
      <trkpt lon="16.335054" lat="43.557748">
        <ele>79.0</ele>
        <time>2026-08-26T16:02:51+02:00</time>
      </trkpt>
      <trkpt lon="16.33529" lat="43.557833">
        <ele>79.0</ele>
        <time>2026-08-26T16:02:52+02:00</time>
      </trkpt>
      <trkpt lon="16.335545" lat="43.55793">
        <ele>79.0</ele>
        <time>2026-08-26T16:02:53+02:00</time>
      </trkpt>
      <trkpt lon="16.335807" lat="43.558031">
        <ele>79.0</ele>
        <time>2026-08-26T16:02:54+02:00</time>
      </trkpt>
      <trkpt lon="16.336063" lat="43.558127">
        <ele>79.0</ele>
        <time>2026-08-26T16:02:55+02:00</time>
      </trkpt>
      <trkpt lon="16.336308" lat="43.558215">
        <ele>79.0</ele>
        <time>2026-08-26T16:02:56+02:00</time>
      </trkpt>
      <trkpt lon="16.336584" lat="43.558312">
        <ele>80.0</ele>
        <time>2026-08-26T16:02:57+02:00</time>
      </trkpt>
      <trkpt lon="16.336842" lat="43.558399">
        <ele>80.0</ele>
        <time>2026-08-26T16:02:58+02:00</time>
      </trkpt>
      <trkpt lon="16.337103" lat="43.558484">
        <ele>80.0</ele>
        <time>2026-08-26T16:02:59+02:00</time>
      </trkpt>
      <trkpt lon="16.33738" lat="43.558576">
        <ele>80.0</ele>
        <time>2026-08-26T16:03:00+02:00</time>
      </trkpt>
      <trkpt lon="16.337644" lat="43.558658">
        <ele>81.0</ele>
        <time>2026-08-26T16:03:01+02:00</time>
      </trkpt>
      <trkpt lon="16.337919" lat="43.558734">
        <ele>81.0</ele>
        <time>2026-08-26T16:03:02+02:00</time>
      </trkpt>
      <trkpt lon="16.338188" lat="43.558801">
        <ele>81.0</ele>
        <time>2026-08-26T16:03:03+02:00</time>
      </trkpt>
      <trkpt lon="16.33845" lat="43.558859">
        <ele>81.0</ele>
        <time>2026-08-26T16:03:04+02:00</time>
      </trkpt>
      <trkpt lon="16.338731" lat="43.558919">
        <ele>81.0</ele>
        <time>2026-08-26T16:03:05+02:00</time>
      </trkpt>
      <trkpt lon="16.339019" lat="43.558973">
        <ele>81.0</ele>
        <time>2026-08-26T16:03:06+02:00</time>
      </trkpt>
      <trkpt lon="16.339299" lat="43.559018">
        <ele>81.0</ele>
        <time>2026-08-26T16:03:07+02:00</time>
      </trkpt>
      <trkpt lon="16.339598" lat="43.559057">
        <ele>80.0</ele>
        <time>2026-08-26T16:03:08+02:00</time>
      </trkpt>
      <trkpt lon="16.339894" lat="43.559087">
        <ele>80.0</ele>
        <time>2026-08-26T16:03:09+02:00</time>
      </trkpt>
      <trkpt lon="16.340182" lat="43.559114">
        <ele>80.0</ele>
        <time>2026-08-26T16:03:10+02:00</time>
      </trkpt>
      <trkpt lon="16.340472" lat="43.559139">
        <ele>80.0</ele>
        <time>2026-08-26T16:03:11+02:00</time>
      </trkpt>
      <trkpt lon="16.340762" lat="43.559161">
        <ele>80.0</ele>
        <time>2026-08-26T16:03:12+02:00</time>
      </trkpt>
      <trkpt lon="16.341066" lat="43.559177">
        <ele>80.0</ele>
        <time>2026-08-26T16:03:13+02:00</time>
      </trkpt>
      <trkpt lon="16.341368" lat="43.559184">
        <ele>80.0</ele>
        <time>2026-08-26T16:03:14+02:00</time>
      </trkpt>
      <trkpt lon="16.341638" lat="43.559184">
        <ele>80.0</ele>
        <time>2026-08-26T16:03:15+02:00</time>
      </trkpt>
      <trkpt lon="16.341949" lat="43.559182">
        <ele>80.0</ele>
        <time>2026-08-26T16:03:16+02:00</time>
      </trkpt>
      <trkpt lon="16.342242" lat="43.559171">
        <ele>79.0</ele>
        <time>2026-08-26T16:03:17+02:00</time>
      </trkpt>
      <trkpt lon="16.34254" lat="43.559157">
        <ele>79.0</ele>
        <time>2026-08-26T16:03:18+02:00</time>
      </trkpt>
      <trkpt lon="16.342821" lat="43.559137">
        <ele>79.0</ele>
        <time>2026-08-26T16:03:19+02:00</time>
      </trkpt>
      <trkpt lon="16.343132" lat="43.559112">
        <ele>79.0</ele>
        <time>2026-08-26T16:03:20+02:00</time>
      </trkpt>
      <trkpt lon="16.34342" lat="43.559082">
        <ele>79.0</ele>
        <time>2026-08-26T16:03:21+02:00</time>
      </trkpt>
      <trkpt lon="16.343744" lat="43.559049">
        <ele>79.0</ele>
        <time>2026-08-26T16:03:22+02:00</time>
      </trkpt>
      <trkpt lon="16.344015" lat="43.559011">
        <ele>79.0</ele>
        <time>2026-08-26T16:03:23+02:00</time>
      </trkpt>
      <trkpt lon="16.344305" lat="43.558967">
        <ele>79.0</ele>
        <time>2026-08-26T16:03:24+02:00</time>
      </trkpt>
      <trkpt lon="16.344583" lat="43.558919">
        <ele>79.0</ele>
        <time>2026-08-26T16:03:25+02:00</time>
      </trkpt>
      <trkpt lon="16.344842" lat="43.558874">
        <ele>79.0</ele>
        <time>2026-08-26T16:03:26+02:00</time>
      </trkpt>
      <trkpt lon="16.345102" lat="43.558832">
        <ele>79.0</ele>
        <time>2026-08-26T16:03:27+02:00</time>
      </trkpt>
      <trkpt lon="16.345349" lat="43.558793">
        <ele>79.0</ele>
        <time>2026-08-26T16:03:28+02:00</time>
      </trkpt>
      <trkpt lon="16.345565" lat="43.558763">
        <ele>78.0</ele>
        <time>2026-08-26T16:03:29+02:00</time>
      </trkpt>
      <trkpt lon="16.345819" lat="43.558732">
        <ele>77.0</ele>
        <time>2026-08-26T16:03:30+02:00</time>
      </trkpt>
      <trkpt lon="16.346089" lat="43.558695">
        <ele>77.0</ele>
        <time>2026-08-26T16:03:31+02:00</time>
      </trkpt>
      <trkpt lon="16.34639" lat="43.558647">
        <ele>77.0</ele>
        <time>2026-08-26T16:03:32+02:00</time>
      </trkpt>
      <trkpt lon="16.34665" lat="43.558601">
        <ele>77.0</ele>
        <time>2026-08-26T16:03:33+02:00</time>
      </trkpt>
      <trkpt lon="16.346922" lat="43.558553">
        <ele>77.0</ele>
        <time>2026-08-26T16:03:34+02:00</time>
      </trkpt>
      <trkpt lon="16.347219" lat="43.558504">
        <ele>77.0</ele>
        <time>2026-08-26T16:03:35+02:00</time>
      </trkpt>
      <trkpt lon="16.347504" lat="43.558458">
        <ele>77.0</ele>
        <time>2026-08-26T16:03:36+02:00</time>
      </trkpt>
      <trkpt lon="16.34779" lat="43.558417">
        <ele>78.0</ele>
        <time>2026-08-26T16:03:37+02:00</time>
      </trkpt>
      <trkpt lon="16.34809" lat="43.558379">
        <ele>78.0</ele>
        <time>2026-08-26T16:03:38+02:00</time>
      </trkpt>
      <trkpt lon="16.348383" lat="43.55834">
        <ele>79.0</ele>
        <time>2026-08-26T16:03:39+02:00</time>
      </trkpt>
      <trkpt lon="16.348672" lat="43.558306">
        <ele>79.0</ele>
        <time>2026-08-26T16:03:40+02:00</time>
      </trkpt>
      <trkpt lon="16.348959" lat="43.558277">
        <ele>79.0</ele>
        <time>2026-08-26T16:03:41+02:00</time>
      </trkpt>
      <trkpt lon="16.349257" lat="43.558246">
        <ele>80.0</ele>
        <time>2026-08-26T16:03:42+02:00</time>
      </trkpt>
      <trkpt lon="16.349549" lat="43.558209">
        <ele>80.0</ele>
        <time>2026-08-26T16:03:43+02:00</time>
      </trkpt>
      <trkpt lon="16.349826" lat="43.558182">
        <ele>80.0</ele>
        <time>2026-08-26T16:03:44+02:00</time>
      </trkpt>
      <trkpt lon="16.350131" lat="43.558158">
        <ele>80.0</ele>
        <time>2026-08-26T16:03:45+02:00</time>
      </trkpt>
      <trkpt lon="16.350425" lat="43.558142">
        <ele>80.0</ele>
        <time>2026-08-26T16:03:46+02:00</time>
      </trkpt>
      <trkpt lon="16.35078" lat="43.558127">
        <ele>80.0</ele>
        <time>2026-08-26T16:03:47+02:00</time>
      </trkpt>
      <trkpt lon="16.351047" lat="43.558121">
        <ele>80.0</ele>
        <time>2026-08-26T16:03:48+02:00</time>
      </trkpt>
      <trkpt lon="16.351367" lat="43.558115">
        <ele>80.0</ele>
        <time>2026-08-26T16:03:49+02:00</time>
      </trkpt>
      <trkpt lon="16.351653" lat="43.558114">
        <ele>81.0</ele>
        <time>2026-08-26T16:03:50+02:00</time>
      </trkpt>
      <trkpt lon="16.35194" lat="43.558115">
        <ele>81.0</ele>
        <time>2026-08-26T16:03:51+02:00</time>
      </trkpt>
      <trkpt lon="16.352231" lat="43.55812">
        <ele>81.0</ele>
        <time>2026-08-26T16:03:52+02:00</time>
      </trkpt>
      <trkpt lon="16.352506" lat="43.558128">
        <ele>81.0</ele>
        <time>2026-08-26T16:03:53+02:00</time>
      </trkpt>
      <trkpt lon="16.352757" lat="43.558138">
        <ele>81.0</ele>
        <time>2026-08-26T16:03:54+02:00</time>
      </trkpt>
      <trkpt lon="16.352995" lat="43.558147">
        <ele>81.0</ele>
        <time>2026-08-26T16:03:55+02:00</time>
      </trkpt>
      <trkpt lon="16.353249" lat="43.558165">
        <ele>81.0</ele>
        <time>2026-08-26T16:03:56+02:00</time>
      </trkpt>
      <trkpt lon="16.353471" lat="43.558184">
        <ele>81.0</ele>
        <time>2026-08-26T16:03:57+02:00</time>
      </trkpt>
      <trkpt lon="16.353726" lat="43.558204">
        <ele>80.0</ele>
        <time>2026-08-26T16:03:58+02:00</time>
      </trkpt>
      <trkpt lon="16.353963" lat="43.55822">
        <ele>79.0</ele>
        <time>2026-08-26T16:03:59+02:00</time>
      </trkpt>
      <trkpt lon="16.354187" lat="43.558238">
        <ele>79.0</ele>
        <time>2026-08-26T16:04:00+02:00</time>
      </trkpt>
      <trkpt lon="16.354442" lat="43.558252">
        <ele>79.0</ele>
        <time>2026-08-26T16:04:01+02:00</time>
      </trkpt>
      <trkpt lon="16.354676" lat="43.558268">
        <ele>79.0</ele>
        <time>2026-08-26T16:04:02+02:00</time>
      </trkpt>
      <trkpt lon="16.354907" lat="43.558286">
        <ele>79.0</ele>
        <time>2026-08-26T16:04:03+02:00</time>
      </trkpt>
      <trkpt lon="16.355135" lat="43.558306">
        <ele>79.0</ele>
        <time>2026-08-26T16:04:04+02:00</time>
      </trkpt>
      <trkpt lon="16.355364" lat="43.55832">
        <ele>79.0</ele>
        <time>2026-08-26T16:04:05+02:00</time>
      </trkpt>
      <trkpt lon="16.355617" lat="43.558342">
        <ele>79.0</ele>
        <time>2026-08-26T16:04:06+02:00</time>
      </trkpt>
      <trkpt lon="16.355858" lat="43.55836">
        <ele>78.0</ele>
        <time>2026-08-26T16:04:07+02:00</time>
      </trkpt>
      <trkpt lon="16.356102" lat="43.558379">
        <ele>78.0</ele>
        <time>2026-08-26T16:04:08+02:00</time>
      </trkpt>
      <trkpt lon="16.356357" lat="43.558401">
        <ele>78.0</ele>
        <time>2026-08-26T16:04:09+02:00</time>
      </trkpt>
      <trkpt lon="16.356598" lat="43.558425">
        <ele>78.0</ele>
        <time>2026-08-26T16:04:10+02:00</time>
      </trkpt>
      <trkpt lon="16.35685" lat="43.558444">
        <ele>78.0</ele>
        <time>2026-08-26T16:04:11+02:00</time>
      </trkpt>
      <trkpt lon="16.357101" lat="43.558461">
        <ele>78.0</ele>
        <time>2026-08-26T16:04:12+02:00</time>
      </trkpt>
      <trkpt lon="16.35735" lat="43.558477">
        <ele>78.0</ele>
        <time>2026-08-26T16:04:13+02:00</time>
      </trkpt>
      <trkpt lon="16.357606" lat="43.558497">
        <ele>78.0</ele>
        <time>2026-08-26T16:04:14+02:00</time>
      </trkpt>
      <trkpt lon="16.357848" lat="43.558515">
        <ele>78.0</ele>
        <time>2026-08-26T16:04:15+02:00</time>
      </trkpt>
      <trkpt lon="16.35812" lat="43.558535">
        <ele>78.0</ele>
        <time>2026-08-26T16:04:16+02:00</time>
      </trkpt>
      <trkpt lon="16.358373" lat="43.558553">
        <ele>78.0</ele>
        <time>2026-08-26T16:04:17+02:00</time>
      </trkpt>
      <trkpt lon="16.358621" lat="43.558572">
        <ele>78.0</ele>
        <time>2026-08-26T16:04:18+02:00</time>
      </trkpt>
      <trkpt lon="16.358885" lat="43.558593">
        <ele>78.0</ele>
        <time>2026-08-26T16:04:19+02:00</time>
      </trkpt>
      <trkpt lon="16.359124" lat="43.558609">
        <ele>78.0</ele>
        <time>2026-08-26T16:04:20+02:00</time>
      </trkpt>
      <trkpt lon="16.359395" lat="43.558622">
        <ele>78.0</ele>
        <time>2026-08-26T16:04:21+02:00</time>
      </trkpt>
      <trkpt lon="16.359645" lat="43.558634">
        <ele>78.0</ele>
        <time>2026-08-26T16:04:22+02:00</time>
      </trkpt>
      <trkpt lon="16.359883" lat="43.558647">
        <ele>78.0</ele>
        <time>2026-08-26T16:04:23+02:00</time>
      </trkpt>
      <trkpt lon="16.360145" lat="43.558662">
        <ele>78.0</ele>
        <time>2026-08-26T16:04:24+02:00</time>
      </trkpt>
      <trkpt lon="16.360398" lat="43.558675">
        <ele>78.0</ele>
        <time>2026-08-26T16:04:25+02:00</time>
      </trkpt>
      <trkpt lon="16.360665" lat="43.558693">
        <ele>79.0</ele>
        <time>2026-08-26T16:04:26+02:00</time>
      </trkpt>
      <trkpt lon="16.360958" lat="43.558709">
        <ele>79.0</ele>
        <time>2026-08-26T16:04:27+02:00</time>
      </trkpt>
      <trkpt lon="16.361255" lat="43.55872">
        <ele>79.0</ele>
        <time>2026-08-26T16:04:28+02:00</time>
      </trkpt>
      <trkpt lon="16.361542" lat="43.558724">
        <ele>79.0</ele>
        <time>2026-08-26T16:04:29+02:00</time>
      </trkpt>
      <trkpt lon="16.361821" lat="43.558724">
        <ele>79.0</ele>
        <time>2026-08-26T16:04:30+02:00</time>
      </trkpt>
      <trkpt lon="16.36212" lat="43.558719">
        <ele>80.0</ele>
        <time>2026-08-26T16:04:31+02:00</time>
      </trkpt>
      <trkpt lon="16.362427" lat="43.558715">
        <ele>80.0</ele>
        <time>2026-08-26T16:04:32+02:00</time>
      </trkpt>
      <trkpt lon="16.362707" lat="43.558709">
        <ele>81.0</ele>
        <time>2026-08-26T16:04:33+02:00</time>
      </trkpt>
      <trkpt lon="16.362974" lat="43.5587">
        <ele>82.0</ele>
        <time>2026-08-26T16:04:34+02:00</time>
      </trkpt>
      <trkpt lon="16.363232" lat="43.558686">
        <ele>82.0</ele>
        <time>2026-08-26T16:04:35+02:00</time>
      </trkpt>
      <trkpt lon="16.363465" lat="43.558676">
        <ele>82.0</ele>
        <time>2026-08-26T16:04:36+02:00</time>
      </trkpt>
      <trkpt lon="16.363673" lat="43.558667">
        <ele>82.0</ele>
        <time>2026-08-26T16:04:37+02:00</time>
      </trkpt>
      <trkpt lon="16.363861" lat="43.558659">
        <ele>82.0</ele>
        <time>2026-08-26T16:04:38+02:00</time>
      </trkpt>
      <trkpt lon="16.364013" lat="43.558653">
        <ele>82.0</ele>
        <time>2026-08-26T16:04:39+02:00</time>
      </trkpt>
      <trkpt lon="16.364144" lat="43.558647">
        <ele>82.0</ele>
        <time>2026-08-26T16:04:40+02:00</time>
      </trkpt>
      <trkpt lon="16.364365" lat="43.558629">
        <ele>82.0</ele>
        <time>2026-08-26T16:04:42+02:00</time>
      </trkpt>
      <trkpt lon="16.364451" lat="43.558622">
        <ele>81.0</ele>
        <time>2026-08-26T16:04:43+02:00</time>
      </trkpt>
      <trkpt lon="16.36454" lat="43.558616">
        <ele>81.0</ele>
        <time>2026-08-26T16:04:44+02:00</time>
      </trkpt>
      <trkpt lon="16.364604" lat="43.55861">
        <ele>81.0</ele>
        <time>2026-08-26T16:04:45+02:00</time>
      </trkpt>
      <trkpt lon="16.364708" lat="43.558603">
        <ele>80.0</ele>
        <time>2026-08-26T16:04:47+02:00</time>
      </trkpt>
      <trkpt lon="16.364745" lat="43.558603">
        <ele>80.0</ele>
        <time>2026-08-26T16:04:50+02:00</time>
      </trkpt>
      <trkpt lon="16.364738" lat="43.558595">
        <ele>80.0</ele>
        <time>2026-08-26T16:04:56+02:00</time>
      </trkpt>
      <trkpt lon="16.36482" lat="43.558592">
        <ele>80.0</ele>
        <time>2026-08-26T16:05:39+02:00</time>
      </trkpt>
      <trkpt lon="16.364892" lat="43.558586">
        <ele>80.0</ele>
        <time>2026-08-26T16:05:40+02:00</time>
      </trkpt>
      <trkpt lon="16.364994" lat="43.558581">
        <ele>80.0</ele>
        <time>2026-08-26T16:05:41+02:00</time>
      </trkpt>
      <trkpt lon="16.365282" lat="43.558563">
        <ele>80.0</ele>
        <time>2026-08-26T16:05:43+02:00</time>
      </trkpt>
      <trkpt lon="16.36544" lat="43.558554">
        <ele>81.0</ele>
        <time>2026-08-26T16:05:44+02:00</time>
      </trkpt>
      <trkpt lon="16.365653" lat="43.558536">
        <ele>81.0</ele>
        <time>2026-08-26T16:05:45+02:00</time>
      </trkpt>
      <trkpt lon="16.365844" lat="43.558515">
        <ele>80.0</ele>
        <time>2026-08-26T16:05:46+02:00</time>
      </trkpt>
      <trkpt lon="16.366059" lat="43.558492">
        <ele>83.0</ele>
        <time>2026-08-26T16:05:47+02:00</time>
      </trkpt>
      <trkpt lon="16.366324" lat="43.558463">
        <ele>83.0</ele>
        <time>2026-08-26T16:05:48+02:00</time>
      </trkpt>
      <trkpt lon="16.366588" lat="43.558436">
        <ele>83.0</ele>
        <time>2026-08-26T16:05:49+02:00</time>
      </trkpt>
      <trkpt lon="16.36684" lat="43.558409">
        <ele>83.0</ele>
        <time>2026-08-26T16:05:50+02:00</time>
      </trkpt>
      <trkpt lon="16.367126" lat="43.558378">
        <ele>83.0</ele>
        <time>2026-08-26T16:05:51+02:00</time>
      </trkpt>
      <trkpt lon="16.367388" lat="43.558353">
        <ele>83.0</ele>
        <time>2026-08-26T16:05:52+02:00</time>
      </trkpt>
      <trkpt lon="16.367673" lat="43.558316">
        <ele>83.0</ele>
        <time>2026-08-26T16:05:53+02:00</time>
      </trkpt>
      <trkpt lon="16.367928" lat="43.558279">
        <ele>85.0</ele>
        <time>2026-08-26T16:05:54+02:00</time>
      </trkpt>
      <trkpt lon="16.368214" lat="43.558241">
        <ele>85.0</ele>
        <time>2026-08-26T16:05:55+02:00</time>
      </trkpt>
      <trkpt lon="16.36849" lat="43.558205">
        <ele>85.0</ele>
        <time>2026-08-26T16:05:56+02:00</time>
      </trkpt>
      <trkpt lon="16.368753" lat="43.558171">
        <ele>86.0</ele>
        <time>2026-08-26T16:05:57+02:00</time>
      </trkpt>
      <trkpt lon="16.36903" lat="43.558128">
        <ele>86.0</ele>
        <time>2026-08-26T16:05:58+02:00</time>
      </trkpt>
      <trkpt lon="16.369317" lat="43.558085">
        <ele>86.0</ele>
        <time>2026-08-26T16:05:59+02:00</time>
      </trkpt>
      <trkpt lon="16.369588" lat="43.558039">
        <ele>86.0</ele>
        <time>2026-08-26T16:06:00+02:00</time>
      </trkpt>
      <trkpt lon="16.369886" lat="43.557985">
        <ele>86.0</ele>
        <time>2026-08-26T16:06:01+02:00</time>
      </trkpt>
      <trkpt lon="16.370169" lat="43.557934">
        <ele>86.0</ele>
        <time>2026-08-26T16:06:02+02:00</time>
      </trkpt>
      <trkpt lon="16.370449" lat="43.557883">
        <ele>86.0</ele>
        <time>2026-08-26T16:06:03+02:00</time>
      </trkpt>
      <trkpt lon="16.370733" lat="43.557836">
        <ele>86.0</ele>
        <time>2026-08-26T16:06:04+02:00</time>
      </trkpt>
      <trkpt lon="16.371017" lat="43.557791">
        <ele>85.0</ele>
        <time>2026-08-26T16:06:05+02:00</time>
      </trkpt>
      <trkpt lon="16.371301" lat="43.557751">
        <ele>85.0</ele>
        <time>2026-08-26T16:06:06+02:00</time>
      </trkpt>
      <trkpt lon="16.371587" lat="43.557708">
        <ele>86.0</ele>
        <time>2026-08-26T16:06:07+02:00</time>
      </trkpt>
      <trkpt lon="16.371876" lat="43.557666">
        <ele>86.0</ele>
        <time>2026-08-26T16:06:08+02:00</time>
      </trkpt>
      <trkpt lon="16.372141" lat="43.557621">
        <ele>85.0</ele>
        <time>2026-08-26T16:06:09+02:00</time>
      </trkpt>
      <trkpt lon="16.372436" lat="43.557575">
        <ele>85.0</ele>
        <time>2026-08-26T16:06:10+02:00</time>
      </trkpt>
      <trkpt lon="16.372704" lat="43.557537">
        <ele>86.0</ele>
        <time>2026-08-26T16:06:11+02:00</time>
      </trkpt>
      <trkpt lon="16.373011" lat="43.557496">
        <ele>86.0</ele>
        <time>2026-08-26T16:06:12+02:00</time>
      </trkpt>
      <trkpt lon="16.373289" lat="43.557466">
        <ele>86.0</ele>
        <time>2026-08-26T16:06:13+02:00</time>
      </trkpt>
      <trkpt lon="16.373554" lat="43.557442">
        <ele>86.0</ele>
        <time>2026-08-26T16:06:14+02:00</time>
      </trkpt>
      <trkpt lon="16.373842" lat="43.557415">
        <ele>86.0</ele>
        <time>2026-08-26T16:06:15+02:00</time>
      </trkpt>
      <trkpt lon="16.374147" lat="43.557386">
        <ele>87.0</ele>
        <time>2026-08-26T16:06:16+02:00</time>
      </trkpt>
      <trkpt lon="16.37442" lat="43.557362">
        <ele>87.0</ele>
        <time>2026-08-26T16:06:17+02:00</time>
      </trkpt>
      <trkpt lon="16.374727" lat="43.557337">
        <ele>88.0</ele>
        <time>2026-08-26T16:06:18+02:00</time>
      </trkpt>
      <trkpt lon="16.375006" lat="43.557312">
        <ele>89.0</ele>
        <time>2026-08-26T16:06:19+02:00</time>
      </trkpt>
      <trkpt lon="16.375314" lat="43.557292">
        <ele>89.0</ele>
        <time>2026-08-26T16:06:20+02:00</time>
      </trkpt>
      <trkpt lon="16.375608" lat="43.557272">
        <ele>90.0</ele>
        <time>2026-08-26T16:06:21+02:00</time>
      </trkpt>
      <trkpt lon="16.375901" lat="43.557255">
        <ele>90.0</ele>
        <time>2026-08-26T16:06:22+02:00</time>
      </trkpt>
      <trkpt lon="16.37621" lat="43.557236">
        <ele>90.0</ele>
        <time>2026-08-26T16:06:23+02:00</time>
      </trkpt>
      <trkpt lon="16.376538" lat="43.557221">
        <ele>90.0</ele>
        <time>2026-08-26T16:06:24+02:00</time>
      </trkpt>
      <trkpt lon="16.376806" lat="43.557213">
        <ele>90.0</ele>
        <time>2026-08-26T16:06:25+02:00</time>
      </trkpt>
      <trkpt lon="16.377132" lat="43.557207">
        <ele>91.0</ele>
        <time>2026-08-26T16:06:26+02:00</time>
      </trkpt>
      <trkpt lon="16.377454" lat="43.557206">
        <ele>91.0</ele>
        <time>2026-08-26T16:06:27+02:00</time>
      </trkpt>
      <trkpt lon="16.377746" lat="43.557204">
        <ele>91.0</ele>
        <time>2026-08-26T16:06:28+02:00</time>
      </trkpt>
      <trkpt lon="16.378037" lat="43.557202">
        <ele>91.0</ele>
        <time>2026-08-26T16:06:29+02:00</time>
      </trkpt>
      <trkpt lon="16.378331" lat="43.557194">
        <ele>92.0</ele>
        <time>2026-08-26T16:06:30+02:00</time>
      </trkpt>
      <trkpt lon="16.378661" lat="43.55719">
        <ele>93.0</ele>
        <time>2026-08-26T16:06:31+02:00</time>
      </trkpt>
      <trkpt lon="16.378953" lat="43.557189">
        <ele>94.0</ele>
        <time>2026-08-26T16:06:32+02:00</time>
      </trkpt>
      <trkpt lon="16.379259" lat="43.557196">
        <ele>95.0</ele>
        <time>2026-08-26T16:06:33+02:00</time>
      </trkpt>
      <trkpt lon="16.379593" lat="43.557208">
        <ele>96.0</ele>
        <time>2026-08-26T16:06:34+02:00</time>
      </trkpt>
      <trkpt lon="16.379892" lat="43.557223">
        <ele>97.0</ele>
        <time>2026-08-26T16:06:35+02:00</time>
      </trkpt>
      <trkpt lon="16.380181" lat="43.557237">
        <ele>98.0</ele>
        <time>2026-08-26T16:06:36+02:00</time>
      </trkpt>
      <trkpt lon="16.380524" lat="43.557258">
        <ele>100.0</ele>
        <time>2026-08-26T16:06:37+02:00</time>
      </trkpt>
      <trkpt lon="16.380809" lat="43.557277">
        <ele>103.0</ele>
        <time>2026-08-26T16:06:38+02:00</time>
      </trkpt>
      <trkpt lon="16.381133" lat="43.557302">
        <ele>104.0</ele>
        <time>2026-08-26T16:06:39+02:00</time>
      </trkpt>
      <trkpt lon="16.38143" lat="43.557323">
        <ele>104.0</ele>
        <time>2026-08-26T16:06:40+02:00</time>
      </trkpt>
      <trkpt lon="16.381737" lat="43.557343">
        <ele>105.0</ele>
        <time>2026-08-26T16:06:41+02:00</time>
      </trkpt>
      <trkpt lon="16.382053" lat="43.557359">
        <ele>106.0</ele>
        <time>2026-08-26T16:06:42+02:00</time>
      </trkpt>
      <trkpt lon="16.382373" lat="43.557378">
        <ele>108.0</ele>
        <time>2026-08-26T16:06:43+02:00</time>
      </trkpt>
      <trkpt lon="16.382646" lat="43.557393">
        <ele>108.0</ele>
        <time>2026-08-26T16:06:44+02:00</time>
      </trkpt>
      <trkpt lon="16.382925" lat="43.557406">
        <ele>108.0</ele>
        <time>2026-08-26T16:06:45+02:00</time>
      </trkpt>
      <trkpt lon="16.383243" lat="43.557419">
        <ele>109.0</ele>
        <time>2026-08-26T16:06:46+02:00</time>
      </trkpt>
      <trkpt lon="16.383519" lat="43.557426">
        <ele>109.0</ele>
        <time>2026-08-26T16:06:47+02:00</time>
      </trkpt>
      <trkpt lon="16.383817" lat="43.557434">
        <ele>109.0</ele>
        <time>2026-08-26T16:06:48+02:00</time>
      </trkpt>
      <trkpt lon="16.38413" lat="43.557438">
        <ele>110.0</ele>
        <time>2026-08-26T16:06:49+02:00</time>
      </trkpt>
      <trkpt lon="16.384416" lat="43.557438">
        <ele>110.0</ele>
        <time>2026-08-26T16:06:50+02:00</time>
      </trkpt>
      <trkpt lon="16.384729" lat="43.557435">
        <ele>109.0</ele>
        <time>2026-08-26T16:06:51+02:00</time>
      </trkpt>
      <trkpt lon="16.385013" lat="43.557428">
        <ele>109.0</ele>
        <time>2026-08-26T16:06:52+02:00</time>
      </trkpt>
      <trkpt lon="16.385314" lat="43.557424">
        <ele>109.0</ele>
        <time>2026-08-26T16:06:53+02:00</time>
      </trkpt>
      <trkpt lon="16.385609" lat="43.557417">
        <ele>109.0</ele>
        <time>2026-08-26T16:06:54+02:00</time>
      </trkpt>
      <trkpt lon="16.385909" lat="43.557406">
        <ele>109.0</ele>
        <time>2026-08-26T16:06:55+02:00</time>
      </trkpt>
      <trkpt lon="16.386218" lat="43.557392">
        <ele>109.0</ele>
        <time>2026-08-26T16:06:56+02:00</time>
      </trkpt>
      <trkpt lon="16.386566" lat="43.557379">
        <ele>109.0</ele>
        <time>2026-08-26T16:06:57+02:00</time>
      </trkpt>
      <trkpt lon="16.386871" lat="43.557361">
        <ele>109.0</ele>
        <time>2026-08-26T16:06:58+02:00</time>
      </trkpt>
      <trkpt lon="16.387184" lat="43.557345">
        <ele>109.0</ele>
        <time>2026-08-26T16:06:59+02:00</time>
      </trkpt>
      <trkpt lon="16.387496" lat="43.557321">
        <ele>110.0</ele>
        <time>2026-08-26T16:07:00+02:00</time>
      </trkpt>
      <trkpt lon="16.387797" lat="43.55729">
        <ele>110.0</ele>
        <time>2026-08-26T16:07:01+02:00</time>
      </trkpt>
      <trkpt lon="16.388113" lat="43.557255">
        <ele>111.0</ele>
        <time>2026-08-26T16:07:02+02:00</time>
      </trkpt>
      <trkpt lon="16.38844" lat="43.557212">
        <ele>111.0</ele>
        <time>2026-08-26T16:07:03+02:00</time>
      </trkpt>
      <trkpt lon="16.388755" lat="43.55717">
        <ele>111.0</ele>
        <time>2026-08-26T16:07:04+02:00</time>
      </trkpt>
      <trkpt lon="16.389032" lat="43.557135">
        <ele>111.0</ele>
        <time>2026-08-26T16:07:05+02:00</time>
      </trkpt>
      <trkpt lon="16.389363" lat="43.557085">
        <ele>111.0</ele>
        <time>2026-08-26T16:07:06+02:00</time>
      </trkpt>
      <trkpt lon="16.389657" lat="43.557038">
        <ele>111.0</ele>
        <time>2026-08-26T16:07:07+02:00</time>
      </trkpt>
      <trkpt lon="16.389929" lat="43.556998">
        <ele>111.0</ele>
        <time>2026-08-26T16:07:08+02:00</time>
      </trkpt>
      <trkpt lon="16.390218" lat="43.556951">
        <ele>111.0</ele>
        <time>2026-08-26T16:07:09+02:00</time>
      </trkpt>
      <trkpt lon="16.39052" lat="43.556903">
        <ele>110.0</ele>
        <time>2026-08-26T16:07:10+02:00</time>
      </trkpt>
      <trkpt lon="16.390804" lat="43.556849">
        <ele>109.0</ele>
        <time>2026-08-26T16:07:11+02:00</time>
      </trkpt>
      <trkpt lon="16.39109" lat="43.556788">
        <ele>109.0</ele>
        <time>2026-08-26T16:07:12+02:00</time>
      </trkpt>
      <trkpt lon="16.391376" lat="43.556727">
        <ele>109.0</ele>
        <time>2026-08-26T16:07:13+02:00</time>
      </trkpt>
      <trkpt lon="16.391629" lat="43.556674">
        <ele>109.0</ele>
        <time>2026-08-26T16:07:14+02:00</time>
      </trkpt>
      <trkpt lon="16.391936" lat="43.556604">
        <ele>109.0</ele>
        <time>2026-08-26T16:07:15+02:00</time>
      </trkpt>
      <trkpt lon="16.392212" lat="43.556537">
        <ele>109.0</ele>
        <time>2026-08-26T16:07:16+02:00</time>
      </trkpt>
      <trkpt lon="16.392474" lat="43.556472">
        <ele>109.0</ele>
        <time>2026-08-26T16:07:17+02:00</time>
      </trkpt>
      <trkpt lon="16.392757" lat="43.556404">
        <ele>109.0</ele>
        <time>2026-08-26T16:07:18+02:00</time>
      </trkpt>
      <trkpt lon="16.393034" lat="43.556336">
        <ele>108.0</ele>
        <time>2026-08-26T16:07:19+02:00</time>
      </trkpt>
      <trkpt lon="16.393293" lat="43.556273">
        <ele>108.0</ele>
        <time>2026-08-26T16:07:20+02:00</time>
      </trkpt>
      <trkpt lon="16.393579" lat="43.5562">
        <ele>108.0</ele>
        <time>2026-08-26T16:07:21+02:00</time>
      </trkpt>
      <trkpt lon="16.393829" lat="43.556135">
        <ele>108.0</ele>
        <time>2026-08-26T16:07:22+02:00</time>
      </trkpt>
      <trkpt lon="16.39411" lat="43.556063">
        <ele>108.0</ele>
        <time>2026-08-26T16:07:23+02:00</time>
      </trkpt>
      <trkpt lon="16.394377" lat="43.555994">
        <ele>108.0</ele>
        <time>2026-08-26T16:07:24+02:00</time>
      </trkpt>
      <trkpt lon="16.394644" lat="43.555927">
        <ele>108.0</ele>
        <time>2026-08-26T16:07:25+02:00</time>
      </trkpt>
      <trkpt lon="16.394918" lat="43.55585">
        <ele>108.0</ele>
        <time>2026-08-26T16:07:26+02:00</time>
      </trkpt>
      <trkpt lon="16.395186" lat="43.555784">
        <ele>108.0</ele>
        <time>2026-08-26T16:07:27+02:00</time>
      </trkpt>
      <trkpt lon="16.395437" lat="43.555717">
        <ele>108.0</ele>
        <time>2026-08-26T16:07:28+02:00</time>
      </trkpt>
      <trkpt lon="16.395721" lat="43.555642">
        <ele>108.0</ele>
        <time>2026-08-26T16:07:29+02:00</time>
      </trkpt>
      <trkpt lon="16.395986" lat="43.555575">
        <ele>108.0</ele>
        <time>2026-08-26T16:07:30+02:00</time>
      </trkpt>
      <trkpt lon="16.396261" lat="43.555505">
        <ele>108.0</ele>
        <time>2026-08-26T16:07:31+02:00</time>
      </trkpt>
      <trkpt lon="16.396521" lat="43.555436">
        <ele>108.0</ele>
        <time>2026-08-26T16:07:32+02:00</time>
      </trkpt>
      <trkpt lon="16.396771" lat="43.555372">
        <ele>108.0</ele>
        <time>2026-08-26T16:07:33+02:00</time>
      </trkpt>
      <trkpt lon="16.397039" lat="43.555302">
        <ele>108.0</ele>
        <time>2026-08-26T16:07:34+02:00</time>
      </trkpt>
      <trkpt lon="16.397319" lat="43.555229">
        <ele>107.0</ele>
        <time>2026-08-26T16:07:35+02:00</time>
      </trkpt>
      <trkpt lon="16.397563" lat="43.555162">
        <ele>107.0</ele>
        <time>2026-08-26T16:07:36+02:00</time>
      </trkpt>
      <trkpt lon="16.397851" lat="43.555087">
        <ele>107.0</ele>
        <time>2026-08-26T16:07:37+02:00</time>
      </trkpt>
      <trkpt lon="16.398111" lat="43.555018">
        <ele>107.0</ele>
        <time>2026-08-26T16:07:38+02:00</time>
      </trkpt>
      <trkpt lon="16.398394" lat="43.554948">
        <ele>107.0</ele>
        <time>2026-08-26T16:07:39+02:00</time>
      </trkpt>
      <trkpt lon="16.398665" lat="43.554878">
        <ele>107.0</ele>
        <time>2026-08-26T16:07:40+02:00</time>
      </trkpt>
      <trkpt lon="16.398924" lat="43.55481">
        <ele>107.0</ele>
        <time>2026-08-26T16:07:41+02:00</time>
      </trkpt>
      <trkpt lon="16.399184" lat="43.554744">
        <ele>106.0</ele>
        <time>2026-08-26T16:07:42+02:00</time>
      </trkpt>
      <trkpt lon="16.399427" lat="43.554685">
        <ele>106.0</ele>
        <time>2026-08-26T16:07:43+02:00</time>
      </trkpt>
      <trkpt lon="16.399669" lat="43.554624">
        <ele>106.0</ele>
        <time>2026-08-26T16:07:44+02:00</time>
      </trkpt>
      <trkpt lon="16.399899" lat="43.554569">
        <ele>106.0</ele>
        <time>2026-08-26T16:07:45+02:00</time>
      </trkpt>
      <trkpt lon="16.400104" lat="43.554513">
        <ele>104.0</ele>
        <time>2026-08-26T16:07:46+02:00</time>
      </trkpt>
      <trkpt lon="16.400322" lat="43.554454">
        <ele>103.0</ele>
        <time>2026-08-26T16:07:47+02:00</time>
      </trkpt>
      <trkpt lon="16.400525" lat="43.554397">
        <ele>102.0</ele>
        <time>2026-08-26T16:07:48+02:00</time>
      </trkpt>
      <trkpt lon="16.40073" lat="43.55434">
        <ele>101.0</ele>
        <time>2026-08-26T16:07:49+02:00</time>
      </trkpt>
      <trkpt lon="16.400906" lat="43.554291">
        <ele>100.0</ele>
        <time>2026-08-26T16:07:50+02:00</time>
      </trkpt>
      <trkpt lon="16.401093" lat="43.55424">
        <ele>100.0</ele>
        <time>2026-08-26T16:07:51+02:00</time>
      </trkpt>
      <trkpt lon="16.401276" lat="43.554193">
        <ele>98.0</ele>
        <time>2026-08-26T16:07:52+02:00</time>
      </trkpt>
      <trkpt lon="16.401441" lat="43.554154">
        <ele>98.0</ele>
        <time>2026-08-26T16:07:53+02:00</time>
      </trkpt>
      <trkpt lon="16.401583" lat="43.554116">
        <ele>97.0</ele>
        <time>2026-08-26T16:07:54+02:00</time>
      </trkpt>
      <trkpt lon="16.401773" lat="43.554064">
        <ele>95.0</ele>
        <time>2026-08-26T16:07:56+02:00</time>
      </trkpt>
      <trkpt lon="16.40178" lat="43.554065">
        <ele>92.0</ele>
        <time>2026-08-26T16:07:59+02:00</time>
      </trkpt>
      <trkpt lon="16.401771" lat="43.554062">
        <ele>91.0</ele>
        <time>2026-08-26T16:08:05+02:00</time>
      </trkpt>
      <trkpt lon="16.401877" lat="43.55404">
        <ele>90.0</ele>
        <time>2026-08-26T16:08:15+02:00</time>
      </trkpt>
      <trkpt lon="16.401952" lat="43.554021">
        <ele>90.0</ele>
        <time>2026-08-26T16:08:16+02:00</time>
      </trkpt>
      <trkpt lon="16.40204" lat="43.553997">
        <ele>90.0</ele>
        <time>2026-08-26T16:08:17+02:00</time>
      </trkpt>
      <trkpt lon="16.402127" lat="43.553973">
        <ele>90.0</ele>
        <time>2026-08-26T16:08:18+02:00</time>
      </trkpt>
      <trkpt lon="16.40223" lat="43.553946">
        <ele>90.0</ele>
        <time>2026-08-26T16:08:19+02:00</time>
      </trkpt>
      <trkpt lon="16.40236" lat="43.553913">
        <ele>91.0</ele>
        <time>2026-08-26T16:08:20+02:00</time>
      </trkpt>
      <trkpt lon="16.402494" lat="43.553878">
        <ele>91.0</ele>
        <time>2026-08-26T16:08:21+02:00</time>
      </trkpt>
      <trkpt lon="16.402626" lat="43.553843">
        <ele>91.0</ele>
        <time>2026-08-26T16:08:22+02:00</time>
      </trkpt>
      <trkpt lon="16.402766" lat="43.553808">
        <ele>91.0</ele>
        <time>2026-08-26T16:08:23+02:00</time>
      </trkpt>
      <trkpt lon="16.402894" lat="43.553776">
        <ele>91.0</ele>
        <time>2026-08-26T16:08:24+02:00</time>
      </trkpt>
      <trkpt lon="16.40305" lat="43.553736">
        <ele>91.0</ele>
        <time>2026-08-26T16:08:25+02:00</time>
      </trkpt>
      <trkpt lon="16.403215" lat="43.553693">
        <ele>91.0</ele>
        <time>2026-08-26T16:08:26+02:00</time>
      </trkpt>
      <trkpt lon="16.403384" lat="43.55365">
        <ele>91.0</ele>
        <time>2026-08-26T16:08:27+02:00</time>
      </trkpt>
      <trkpt lon="16.403558" lat="43.553606">
        <ele>91.0</ele>
        <time>2026-08-26T16:08:28+02:00</time>
      </trkpt>
      <trkpt lon="16.403743" lat="43.553554">
        <ele>91.0</ele>
        <time>2026-08-26T16:08:29+02:00</time>
      </trkpt>
      <trkpt lon="16.403925" lat="43.553503">
        <ele>91.0</ele>
        <time>2026-08-26T16:08:30+02:00</time>
      </trkpt>
      <trkpt lon="16.404112" lat="43.553455">
        <ele>91.0</ele>
        <time>2026-08-26T16:08:31+02:00</time>
      </trkpt>
      <trkpt lon="16.404318" lat="43.553405">
        <ele>91.0</ele>
        <time>2026-08-26T16:08:32+02:00</time>
      </trkpt>
      <trkpt lon="16.404544" lat="43.553349">
        <ele>91.0</ele>
        <time>2026-08-26T16:08:33+02:00</time>
      </trkpt>
      <trkpt lon="16.40475" lat="43.553295">
        <ele>91.0</ele>
        <time>2026-08-26T16:08:34+02:00</time>
      </trkpt>
      <trkpt lon="16.40496" lat="43.55324">
        <ele>91.0</ele>
        <time>2026-08-26T16:08:35+02:00</time>
      </trkpt>
      <trkpt lon="16.405183" lat="43.553184">
        <ele>92.0</ele>
        <time>2026-08-26T16:08:36+02:00</time>
      </trkpt>
      <trkpt lon="16.405389" lat="43.553136">
        <ele>92.0</ele>
        <time>2026-08-26T16:08:37+02:00</time>
      </trkpt>
      <trkpt lon="16.405608" lat="43.553083">
        <ele>92.0</ele>
        <time>2026-08-26T16:08:38+02:00</time>
      </trkpt>
      <trkpt lon="16.405854" lat="43.553021">
        <ele>92.0</ele>
        <time>2026-08-26T16:08:39+02:00</time>
      </trkpt>
      <trkpt lon="16.406077" lat="43.552962">
        <ele>92.0</ele>
        <time>2026-08-26T16:08:40+02:00</time>
      </trkpt>
      <trkpt lon="16.406323" lat="43.552895">
        <ele>93.0</ele>
        <time>2026-08-26T16:08:41+02:00</time>
      </trkpt>
      <trkpt lon="16.40655" lat="43.552835">
        <ele>93.0</ele>
        <time>2026-08-26T16:08:42+02:00</time>
      </trkpt>
      <trkpt lon="16.406772" lat="43.552775">
        <ele>93.0</ele>
        <time>2026-08-26T16:08:43+02:00</time>
      </trkpt>
      <trkpt lon="16.407012" lat="43.552712">
        <ele>93.0</ele>
        <time>2026-08-26T16:08:44+02:00</time>
      </trkpt>
      <trkpt lon="16.407258" lat="43.552653">
        <ele>94.0</ele>
        <time>2026-08-26T16:08:45+02:00</time>
      </trkpt>
      <trkpt lon="16.40747" lat="43.5526">
        <ele>94.0</ele>
        <time>2026-08-26T16:08:46+02:00</time>
      </trkpt>
      <trkpt lon="16.407716" lat="43.552538">
        <ele>94.0</ele>
        <time>2026-08-26T16:08:47+02:00</time>
      </trkpt>
      <trkpt lon="16.407922" lat="43.552488">
        <ele>94.0</ele>
        <time>2026-08-26T16:08:48+02:00</time>
      </trkpt>
      <trkpt lon="16.40817" lat="43.552423">
        <ele>94.0</ele>
        <time>2026-08-26T16:08:49+02:00</time>
      </trkpt>
      <trkpt lon="16.408389" lat="43.552366">
        <ele>94.0</ele>
        <time>2026-08-26T16:08:50+02:00</time>
      </trkpt>
      <trkpt lon="16.408633" lat="43.552302">
        <ele>94.0</ele>
        <time>2026-08-26T16:08:51+02:00</time>
      </trkpt>
      <trkpt lon="16.408868" lat="43.552237">
        <ele>94.0</ele>
        <time>2026-08-26T16:08:52+02:00</time>
      </trkpt>
      <trkpt lon="16.409108" lat="43.552174">
        <ele>94.0</ele>
        <time>2026-08-26T16:08:53+02:00</time>
      </trkpt>
      <trkpt lon="16.409342" lat="43.552112">
        <ele>94.0</ele>
        <time>2026-08-26T16:08:54+02:00</time>
      </trkpt>
      <trkpt lon="16.409585" lat="43.552051">
        <ele>94.0</ele>
        <time>2026-08-26T16:08:55+02:00</time>
      </trkpt>
      <trkpt lon="16.409847" lat="43.551989">
        <ele>94.0</ele>
        <time>2026-08-26T16:08:56+02:00</time>
      </trkpt>
      <trkpt lon="16.410083" lat="43.551932">
        <ele>94.0</ele>
        <time>2026-08-26T16:08:57+02:00</time>
      </trkpt>
      <trkpt lon="16.410325" lat="43.551874">
        <ele>94.0</ele>
        <time>2026-08-26T16:08:58+02:00</time>
      </trkpt>
      <trkpt lon="16.410573" lat="43.551813">
        <ele>94.0</ele>
        <time>2026-08-26T16:08:59+02:00</time>
      </trkpt>
      <trkpt lon="16.410801" lat="43.55176">
        <ele>94.0</ele>
        <time>2026-08-26T16:09:00+02:00</time>
      </trkpt>
      <trkpt lon="16.411067" lat="43.551698">
        <ele>93.0</ele>
        <time>2026-08-26T16:09:01+02:00</time>
      </trkpt>
      <trkpt lon="16.411333" lat="43.55164">
        <ele>92.0</ele>
        <time>2026-08-26T16:09:02+02:00</time>
      </trkpt>
      <trkpt lon="16.411588" lat="43.551588">
        <ele>92.0</ele>
        <time>2026-08-26T16:09:03+02:00</time>
      </trkpt>
      <trkpt lon="16.411865" lat="43.551533">
        <ele>91.0</ele>
        <time>2026-08-26T16:09:04+02:00</time>
      </trkpt>
      <trkpt lon="16.412178" lat="43.551472">
        <ele>91.0</ele>
        <time>2026-08-26T16:09:05+02:00</time>
      </trkpt>
      <trkpt lon="16.412448" lat="43.551421">
        <ele>90.0</ele>
        <time>2026-08-26T16:09:06+02:00</time>
      </trkpt>
      <trkpt lon="16.412752" lat="43.551365">
        <ele>90.0</ele>
        <time>2026-08-26T16:09:07+02:00</time>
      </trkpt>
      <trkpt lon="16.413028" lat="43.551318">
        <ele>89.0</ele>
        <time>2026-08-26T16:09:08+02:00</time>
      </trkpt>
      <trkpt lon="16.413316" lat="43.551273">
        <ele>89.0</ele>
        <time>2026-08-26T16:09:09+02:00</time>
      </trkpt>
      <trkpt lon="16.413607" lat="43.551231">
        <ele>89.0</ele>
        <time>2026-08-26T16:09:10+02:00</time>
      </trkpt>
      <trkpt lon="16.413923" lat="43.551188">
        <ele>88.0</ele>
        <time>2026-08-26T16:09:11+02:00</time>
      </trkpt>
      <trkpt lon="16.414215" lat="43.551148">
        <ele>88.0</ele>
        <time>2026-08-26T16:09:12+02:00</time>
      </trkpt>
      <trkpt lon="16.414522" lat="43.551111">
        <ele>88.0</ele>
        <time>2026-08-26T16:09:13+02:00</time>
      </trkpt>
      <trkpt lon="16.414819" lat="43.551074">
        <ele>87.0</ele>
        <time>2026-08-26T16:09:14+02:00</time>
      </trkpt>
      <trkpt lon="16.415116" lat="43.551043">
        <ele>87.0</ele>
        <time>2026-08-26T16:09:15+02:00</time>
      </trkpt>
      <trkpt lon="16.415403" lat="43.551012">
        <ele>87.0</ele>
        <time>2026-08-26T16:09:16+02:00</time>
      </trkpt>
      <trkpt lon="16.415727" lat="43.550981">
        <ele>87.0</ele>
        <time>2026-08-26T16:09:17+02:00</time>
      </trkpt>
      <trkpt lon="16.416024" lat="43.550952">
        <ele>87.0</ele>
        <time>2026-08-26T16:09:18+02:00</time>
      </trkpt>
      <trkpt lon="16.416309" lat="43.550931">
        <ele>87.0</ele>
        <time>2026-08-26T16:09:19+02:00</time>
      </trkpt>
      <trkpt lon="16.416608" lat="43.550911">
        <ele>87.0</ele>
        <time>2026-08-26T16:09:20+02:00</time>
      </trkpt>
      <trkpt lon="16.416884" lat="43.550897">
        <ele>88.0</ele>
        <time>2026-08-26T16:09:21+02:00</time>
      </trkpt>
      <trkpt lon="16.417168" lat="43.550878">
        <ele>88.0</ele>
        <time>2026-08-26T16:09:22+02:00</time>
      </trkpt>
      <trkpt lon="16.417436" lat="43.550864">
        <ele>89.0</ele>
        <time>2026-08-26T16:09:23+02:00</time>
      </trkpt>
      <trkpt lon="16.417741" lat="43.550851">
        <ele>89.0</ele>
        <time>2026-08-26T16:09:24+02:00</time>
      </trkpt>
      <trkpt lon="16.418006" lat="43.550842">
        <ele>89.0</ele>
        <time>2026-08-26T16:09:25+02:00</time>
      </trkpt>
      <trkpt lon="16.418258" lat="43.550835">
        <ele>89.0</ele>
        <time>2026-08-26T16:09:26+02:00</time>
      </trkpt>
      <trkpt lon="16.418511" lat="43.550832">
        <ele>89.0</ele>
        <time>2026-08-26T16:09:27+02:00</time>
      </trkpt>
      <trkpt lon="16.418759" lat="43.550825">
        <ele>90.0</ele>
        <time>2026-08-26T16:09:28+02:00</time>
      </trkpt>
      <trkpt lon="16.419014" lat="43.550824">
        <ele>90.0</ele>
        <time>2026-08-26T16:09:29+02:00</time>
      </trkpt>
      <trkpt lon="16.419255" lat="43.550822">
        <ele>90.0</ele>
        <time>2026-08-26T16:09:30+02:00</time>
      </trkpt>
      <trkpt lon="16.419483" lat="43.550821">
        <ele>90.0</ele>
        <time>2026-08-26T16:09:31+02:00</time>
      </trkpt>
      <trkpt lon="16.419704" lat="43.550823">
        <ele>90.0</ele>
        <time>2026-08-26T16:09:32+02:00</time>
      </trkpt>
      <trkpt lon="16.419945" lat="43.550828">
        <ele>90.0</ele>
        <time>2026-08-26T16:09:33+02:00</time>
      </trkpt>
      <trkpt lon="16.420172" lat="43.550832">
        <ele>90.0</ele>
        <time>2026-08-26T16:09:34+02:00</time>
      </trkpt>
      <trkpt lon="16.420417" lat="43.550836">
        <ele>90.0</ele>
        <time>2026-08-26T16:09:35+02:00</time>
      </trkpt>
      <trkpt lon="16.420665" lat="43.550841">
        <ele>90.0</ele>
        <time>2026-08-26T16:09:36+02:00</time>
      </trkpt>
      <trkpt lon="16.420901" lat="43.550851">
        <ele>90.0</ele>
        <time>2026-08-26T16:09:37+02:00</time>
      </trkpt>
      <trkpt lon="16.42115" lat="43.55086">
        <ele>90.0</ele>
        <time>2026-08-26T16:09:38+02:00</time>
      </trkpt>
      <trkpt lon="16.421402" lat="43.550869">
        <ele>90.0</ele>
        <time>2026-08-26T16:09:39+02:00</time>
      </trkpt>
      <trkpt lon="16.421653" lat="43.55088">
        <ele>90.0</ele>
        <time>2026-08-26T16:09:40+02:00</time>
      </trkpt>
      <trkpt lon="16.421917" lat="43.550893">
        <ele>91.0</ele>
        <time>2026-08-26T16:09:41+02:00</time>
      </trkpt>
      <trkpt lon="16.422162" lat="43.5509">
        <ele>91.0</ele>
        <time>2026-08-26T16:09:42+02:00</time>
      </trkpt>
      <trkpt lon="16.422417" lat="43.550908">
        <ele>91.0</ele>
        <time>2026-08-26T16:09:43+02:00</time>
      </trkpt>
      <trkpt lon="16.422639" lat="43.550916">
        <ele>90.0</ele>
        <time>2026-08-26T16:09:44+02:00</time>
      </trkpt>
      <trkpt lon="16.422905" lat="43.550923">
        <ele>90.0</ele>
        <time>2026-08-26T16:09:45+02:00</time>
      </trkpt>
      <trkpt lon="16.423157" lat="43.55093">
        <ele>90.0</ele>
        <time>2026-08-26T16:09:46+02:00</time>
      </trkpt>
      <trkpt lon="16.423384" lat="43.550939">
        <ele>90.0</ele>
        <time>2026-08-26T16:09:47+02:00</time>
      </trkpt>
      <trkpt lon="16.423646" lat="43.550951">
        <ele>89.0</ele>
        <time>2026-08-26T16:09:48+02:00</time>
      </trkpt>
      <trkpt lon="16.423895" lat="43.550958">
        <ele>89.0</ele>
        <time>2026-08-26T16:09:49+02:00</time>
      </trkpt>
      <trkpt lon="16.424147" lat="43.550968">
        <ele>89.0</ele>
        <time>2026-08-26T16:09:50+02:00</time>
      </trkpt>
      <trkpt lon="16.424381" lat="43.550974">
        <ele>89.0</ele>
        <time>2026-08-26T16:09:51+02:00</time>
      </trkpt>
      <trkpt lon="16.424621" lat="43.55098">
        <ele>88.0</ele>
        <time>2026-08-26T16:09:52+02:00</time>
      </trkpt>
      <trkpt lon="16.424864" lat="43.550986">
        <ele>88.0</ele>
        <time>2026-08-26T16:09:53+02:00</time>
      </trkpt>
      <trkpt lon="16.425086" lat="43.550991">
        <ele>88.0</ele>
        <time>2026-08-26T16:09:54+02:00</time>
      </trkpt>
      <trkpt lon="16.425334" lat="43.550997">
        <ele>88.0</ele>
        <time>2026-08-26T16:09:55+02:00</time>
      </trkpt>
      <trkpt lon="16.425569" lat="43.551001">
        <ele>88.0</ele>
        <time>2026-08-26T16:09:56+02:00</time>
      </trkpt>
      <trkpt lon="16.425813" lat="43.551008">
        <ele>88.0</ele>
        <time>2026-08-26T16:09:57+02:00</time>
      </trkpt>
      <trkpt lon="16.426042" lat="43.551011">
        <ele>87.0</ele>
        <time>2026-08-26T16:09:58+02:00</time>
      </trkpt>
      <trkpt lon="16.426282" lat="43.551011">
        <ele>87.0</ele>
        <time>2026-08-26T16:09:59+02:00</time>
      </trkpt>
      <trkpt lon="16.426537" lat="43.551009">
        <ele>87.0</ele>
        <time>2026-08-26T16:10:00+02:00</time>
      </trkpt>
      <trkpt lon="16.42678" lat="43.551008">
        <ele>86.0</ele>
        <time>2026-08-26T16:10:01+02:00</time>
      </trkpt>
      <trkpt lon="16.427023" lat="43.551003">
        <ele>86.0</ele>
        <time>2026-08-26T16:10:02+02:00</time>
      </trkpt>
      <trkpt lon="16.427277" lat="43.551002">
        <ele>86.0</ele>
        <time>2026-08-26T16:10:03+02:00</time>
      </trkpt>
      <trkpt lon="16.427514" lat="43.550998">
        <ele>86.0</ele>
        <time>2026-08-26T16:10:04+02:00</time>
      </trkpt>
      <trkpt lon="16.427766" lat="43.550994">
        <ele>85.0</ele>
        <time>2026-08-26T16:10:05+02:00</time>
      </trkpt>
      <trkpt lon="16.428032" lat="43.550989">
        <ele>85.0</ele>
        <time>2026-08-26T16:10:06+02:00</time>
      </trkpt>
      <trkpt lon="16.42826" lat="43.550984">
        <ele>85.0</ele>
        <time>2026-08-26T16:10:07+02:00</time>
      </trkpt>
      <trkpt lon="16.428518" lat="43.550972">
        <ele>84.0</ele>
        <time>2026-08-26T16:10:08+02:00</time>
      </trkpt>
      <trkpt lon="16.428758" lat="43.550961">
        <ele>84.0</ele>
        <time>2026-08-26T16:10:09+02:00</time>
      </trkpt>
      <trkpt lon="16.428973" lat="43.55095">
        <ele>84.0</ele>
        <time>2026-08-26T16:10:10+02:00</time>
      </trkpt>
      <trkpt lon="16.429217" lat="43.550938">
        <ele>84.0</ele>
        <time>2026-08-26T16:10:11+02:00</time>
      </trkpt>
      <trkpt lon="16.429461" lat="43.550925">
        <ele>83.0</ele>
        <time>2026-08-26T16:10:12+02:00</time>
      </trkpt>
      <trkpt lon="16.429707" lat="43.55091">
        <ele>83.0</ele>
        <time>2026-08-26T16:10:13+02:00</time>
      </trkpt>
      <trkpt lon="16.42995" lat="43.550895">
        <ele>83.0</ele>
        <time>2026-08-26T16:10:14+02:00</time>
      </trkpt>
      <trkpt lon="16.430204" lat="43.550875">
        <ele>83.0</ele>
        <time>2026-08-26T16:10:15+02:00</time>
      </trkpt>
      <trkpt lon="16.430427" lat="43.550856">
        <ele>83.0</ele>
        <time>2026-08-26T16:10:16+02:00</time>
      </trkpt>
      <trkpt lon="16.430671" lat="43.550837">
        <ele>83.0</ele>
        <time>2026-08-26T16:10:17+02:00</time>
      </trkpt>
      <trkpt lon="16.430887" lat="43.550815">
        <ele>83.0</ele>
        <time>2026-08-26T16:10:18+02:00</time>
      </trkpt>
      <trkpt lon="16.431123" lat="43.550792">
        <ele>83.0</ele>
        <time>2026-08-26T16:10:19+02:00</time>
      </trkpt>
      <trkpt lon="16.431342" lat="43.550771">
        <ele>83.0</ele>
        <time>2026-08-26T16:10:20+02:00</time>
      </trkpt>
      <trkpt lon="16.431574" lat="43.550746">
        <ele>82.0</ele>
        <time>2026-08-26T16:10:21+02:00</time>
      </trkpt>
      <trkpt lon="16.431786" lat="43.550722">
        <ele>82.0</ele>
        <time>2026-08-26T16:10:22+02:00</time>
      </trkpt>
      <trkpt lon="16.432023" lat="43.550696">
        <ele>82.0</ele>
        <time>2026-08-26T16:10:23+02:00</time>
      </trkpt>
      <trkpt lon="16.432239" lat="43.55067">
        <ele>82.0</ele>
        <time>2026-08-26T16:10:24+02:00</time>
      </trkpt>
      <trkpt lon="16.43249" lat="43.550638">
        <ele>82.0</ele>
        <time>2026-08-26T16:10:25+02:00</time>
      </trkpt>
      <trkpt lon="16.43273" lat="43.550607">
        <ele>82.0</ele>
        <time>2026-08-26T16:10:26+02:00</time>
      </trkpt>
      <trkpt lon="16.432959" lat="43.550574">
        <ele>82.0</ele>
        <time>2026-08-26T16:10:27+02:00</time>
      </trkpt>
      <trkpt lon="16.433218" lat="43.550533">
        <ele>83.0</ele>
        <time>2026-08-26T16:10:28+02:00</time>
      </trkpt>
      <trkpt lon="16.433437" lat="43.550497">
        <ele>83.0</ele>
        <time>2026-08-26T16:10:29+02:00</time>
      </trkpt>
      <trkpt lon="16.433694" lat="43.550455">
        <ele>83.0</ele>
        <time>2026-08-26T16:10:30+02:00</time>
      </trkpt>
      <trkpt lon="16.433948" lat="43.550407">
        <ele>83.0</ele>
        <time>2026-08-26T16:10:31+02:00</time>
      </trkpt>
      <trkpt lon="16.434197" lat="43.550363">
        <ele>83.0</ele>
        <time>2026-08-26T16:10:32+02:00</time>
      </trkpt>
      <trkpt lon="16.434449" lat="43.550321">
        <ele>83.0</ele>
        <time>2026-08-26T16:10:33+02:00</time>
      </trkpt>
      <trkpt lon="16.434702" lat="43.550277">
        <ele>83.0</ele>
        <time>2026-08-26T16:10:34+02:00</time>
      </trkpt>
      <trkpt lon="16.434965" lat="43.550226">
        <ele>83.0</ele>
        <time>2026-08-26T16:10:35+02:00</time>
      </trkpt>
      <trkpt lon="16.435193" lat="43.550177">
        <ele>83.0</ele>
        <time>2026-08-26T16:10:36+02:00</time>
      </trkpt>
      <trkpt lon="16.435467" lat="43.550119">
        <ele>83.0</ele>
        <time>2026-08-26T16:10:37+02:00</time>
      </trkpt>
      <trkpt lon="16.435735" lat="43.550063">
        <ele>83.0</ele>
        <time>2026-08-26T16:10:38+02:00</time>
      </trkpt>
      <trkpt lon="16.435987" lat="43.550008">
        <ele>82.0</ele>
        <time>2026-08-26T16:10:39+02:00</time>
      </trkpt>
      <trkpt lon="16.436251" lat="43.549946">
        <ele>82.0</ele>
        <time>2026-08-26T16:10:40+02:00</time>
      </trkpt>
      <trkpt lon="16.436481" lat="43.549891">
        <ele>82.0</ele>
        <time>2026-08-26T16:10:41+02:00</time>
      </trkpt>
      <trkpt lon="16.436746" lat="43.549828">
        <ele>82.0</ele>
        <time>2026-08-26T16:10:42+02:00</time>
      </trkpt>
      <trkpt lon="16.436987" lat="43.549769">
        <ele>82.0</ele>
        <time>2026-08-26T16:10:43+02:00</time>
      </trkpt>
      <trkpt lon="16.437239" lat="43.549704">
        <ele>81.0</ele>
        <time>2026-08-26T16:10:44+02:00</time>
      </trkpt>
      <trkpt lon="16.43751" lat="43.549631">
        <ele>81.0</ele>
        <time>2026-08-26T16:10:45+02:00</time>
      </trkpt>
      <trkpt lon="16.437748" lat="43.549568">
        <ele>81.0</ele>
        <time>2026-08-26T16:10:46+02:00</time>
      </trkpt>
      <trkpt lon="16.437998" lat="43.549497">
        <ele>81.0</ele>
        <time>2026-08-26T16:10:47+02:00</time>
      </trkpt>
      <trkpt lon="16.438264" lat="43.549416">
        <ele>81.0</ele>
        <time>2026-08-26T16:10:48+02:00</time>
      </trkpt>
      <trkpt lon="16.438523" lat="43.549339">
        <ele>81.0</ele>
        <time>2026-08-26T16:10:49+02:00</time>
      </trkpt>
      <trkpt lon="16.438775" lat="43.549264">
        <ele>81.0</ele>
        <time>2026-08-26T16:10:50+02:00</time>
      </trkpt>
      <trkpt lon="16.439022" lat="43.549186">
        <ele>81.0</ele>
        <time>2026-08-26T16:10:51+02:00</time>
      </trkpt>
      <trkpt lon="16.439271" lat="43.549107">
        <ele>81.0</ele>
        <time>2026-08-26T16:10:52+02:00</time>
      </trkpt>
      <trkpt lon="16.439535" lat="43.54902">
        <ele>81.0</ele>
        <time>2026-08-26T16:10:53+02:00</time>
      </trkpt>
      <trkpt lon="16.439796" lat="43.548934">
        <ele>81.0</ele>
        <time>2026-08-26T16:10:54+02:00</time>
      </trkpt>
      <trkpt lon="16.440047" lat="43.548849">
        <ele>81.0</ele>
        <time>2026-08-26T16:10:55+02:00</time>
      </trkpt>
      <trkpt lon="16.440308" lat="43.548763">
        <ele>81.0</ele>
        <time>2026-08-26T16:10:56+02:00</time>
      </trkpt>
      <trkpt lon="16.440557" lat="43.548677">
        <ele>81.0</ele>
        <time>2026-08-26T16:10:57+02:00</time>
      </trkpt>
      <trkpt lon="16.440815" lat="43.548584">
        <ele>81.0</ele>
        <time>2026-08-26T16:10:58+02:00</time>
      </trkpt>
      <trkpt lon="16.44108" lat="43.548489">
        <ele>81.0</ele>
        <time>2026-08-26T16:10:59+02:00</time>
      </trkpt>
      <trkpt lon="16.441317" lat="43.548398">
        <ele>81.0</ele>
        <time>2026-08-26T16:11:00+02:00</time>
      </trkpt>
      <trkpt lon="16.441568" lat="43.548303">
        <ele>81.0</ele>
        <time>2026-08-26T16:11:01+02:00</time>
      </trkpt>
      <trkpt lon="16.441826" lat="43.548205">
        <ele>81.0</ele>
        <time>2026-08-26T16:11:02+02:00</time>
      </trkpt>
      <trkpt lon="16.442075" lat="43.548106">
        <ele>81.0</ele>
        <time>2026-08-26T16:11:03+02:00</time>
      </trkpt>
      <trkpt lon="16.442312" lat="43.548012">
        <ele>81.0</ele>
        <time>2026-08-26T16:11:04+02:00</time>
      </trkpt>
      <trkpt lon="16.442577" lat="43.547906">
        <ele>81.0</ele>
        <time>2026-08-26T16:11:05+02:00</time>
      </trkpt>
      <trkpt lon="16.442818" lat="43.54781">
        <ele>81.0</ele>
        <time>2026-08-26T16:11:06+02:00</time>
      </trkpt>
      <trkpt lon="16.443074" lat="43.54771">
        <ele>81.0</ele>
        <time>2026-08-26T16:11:07+02:00</time>
      </trkpt>
      <trkpt lon="16.443313" lat="43.547617">
        <ele>81.0</ele>
        <time>2026-08-26T16:11:08+02:00</time>
      </trkpt>
      <trkpt lon="16.443584" lat="43.547515">
        <ele>81.0</ele>
        <time>2026-08-26T16:11:09+02:00</time>
      </trkpt>
      <trkpt lon="16.443836" lat="43.547416">
        <ele>80.0</ele>
        <time>2026-08-26T16:11:10+02:00</time>
      </trkpt>
      <trkpt lon="16.444092" lat="43.547315">
        <ele>80.0</ele>
        <time>2026-08-26T16:11:11+02:00</time>
      </trkpt>
      <trkpt lon="16.444348" lat="43.547216">
        <ele>80.0</ele>
        <time>2026-08-26T16:11:12+02:00</time>
      </trkpt>
      <trkpt lon="16.444601" lat="43.547119">
        <ele>80.0</ele>
        <time>2026-08-26T16:11:13+02:00</time>
      </trkpt>
      <trkpt lon="16.444841" lat="43.547024">
        <ele>80.0</ele>
        <time>2026-08-26T16:11:14+02:00</time>
      </trkpt>
      <trkpt lon="16.445123" lat="43.546914">
        <ele>81.0</ele>
        <time>2026-08-26T16:11:15+02:00</time>
      </trkpt>
      <trkpt lon="16.445387" lat="43.546816">
        <ele>81.0</ele>
        <time>2026-08-26T16:11:16+02:00</time>
      </trkpt>
      <trkpt lon="16.445621" lat="43.546726">
        <ele>81.0</ele>
        <time>2026-08-26T16:11:17+02:00</time>
      </trkpt>
      <trkpt lon="16.445878" lat="43.546631">
        <ele>82.0</ele>
        <time>2026-08-26T16:11:18+02:00</time>
      </trkpt>
      <trkpt lon="16.446125" lat="43.546545">
        <ele>82.0</ele>
        <time>2026-08-26T16:11:19+02:00</time>
      </trkpt>
      <trkpt lon="16.446366" lat="43.546464">
        <ele>82.0</ele>
        <time>2026-08-26T16:11:20+02:00</time>
      </trkpt>
      <trkpt lon="16.446645" lat="43.546375">
        <ele>83.0</ele>
        <time>2026-08-26T16:11:21+02:00</time>
      </trkpt>
      <trkpt lon="16.446898" lat="43.546295">
        <ele>83.0</ele>
        <time>2026-08-26T16:11:22+02:00</time>
      </trkpt>
      <trkpt lon="16.44715" lat="43.546217">
        <ele>83.0</ele>
        <time>2026-08-26T16:11:23+02:00</time>
      </trkpt>
      <trkpt lon="16.447394" lat="43.546146">
        <ele>84.0</ele>
        <time>2026-08-26T16:11:24+02:00</time>
      </trkpt>
      <trkpt lon="16.447642" lat="43.546071">
        <ele>84.0</ele>
        <time>2026-08-26T16:11:25+02:00</time>
      </trkpt>
      <trkpt lon="16.447905" lat="43.545998">
        <ele>85.0</ele>
        <time>2026-08-26T16:11:26+02:00</time>
      </trkpt>
      <trkpt lon="16.44815" lat="43.545932">
        <ele>85.0</ele>
        <time>2026-08-26T16:11:27+02:00</time>
      </trkpt>
      <trkpt lon="16.448379" lat="43.545869">
        <ele>85.0</ele>
        <time>2026-08-26T16:11:28+02:00</time>
      </trkpt>
      <trkpt lon="16.448611" lat="43.545811">
        <ele>85.0</ele>
        <time>2026-08-26T16:11:29+02:00</time>
      </trkpt>
      <trkpt lon="16.448836" lat="43.545757">
        <ele>86.0</ele>
        <time>2026-08-26T16:11:30+02:00</time>
      </trkpt>
      <trkpt lon="16.449024" lat="43.545715">
        <ele>86.0</ele>
        <time>2026-08-26T16:11:31+02:00</time>
      </trkpt>
      <trkpt lon="16.449191" lat="43.545676">
        <ele>86.0</ele>
        <time>2026-08-26T16:11:32+02:00</time>
      </trkpt>
      <trkpt lon="16.449339" lat="43.545644">
        <ele>86.0</ele>
        <time>2026-08-26T16:11:33+02:00</time>
      </trkpt>
      <trkpt lon="16.44947" lat="43.54562">
        <ele>86.0</ele>
        <time>2026-08-26T16:11:34+02:00</time>
      </trkpt>
      <trkpt lon="16.449682" lat="43.545573">
        <ele>86.0</ele>
        <time>2026-08-26T16:11:36+02:00</time>
      </trkpt>
      <trkpt lon="16.449776" lat="43.545555">
        <ele>86.0</ele>
        <time>2026-08-26T16:11:37+02:00</time>
      </trkpt>
      <trkpt lon="16.449862" lat="43.545536">
        <ele>85.0</ele>
        <time>2026-08-26T16:11:38+02:00</time>
      </trkpt>
      <trkpt lon="16.449936" lat="43.545521">
        <ele>85.0</ele>
        <time>2026-08-26T16:11:39+02:00</time>
      </trkpt>
      <trkpt lon="16.450004" lat="43.545507">
        <ele>85.0</ele>
        <time>2026-08-26T16:11:40+02:00</time>
      </trkpt>
      <trkpt lon="16.450066" lat="43.545497">
        <ele>85.0</ele>
        <time>2026-08-26T16:11:41+02:00</time>
      </trkpt>
      <trkpt lon="16.450156" lat="43.545474">
        <ele>84.0</ele>
        <time>2026-08-26T16:11:43+02:00</time>
      </trkpt>
      <trkpt lon="16.450185" lat="43.54547">
        <ele>84.0</ele>
        <time>2026-08-26T16:11:45+02:00</time>
      </trkpt>
      <trkpt lon="16.450163" lat="43.545467">
        <ele>84.0</ele>
        <time>2026-08-26T16:11:55+02:00</time>
      </trkpt>
      <trkpt lon="16.450239" lat="43.545473">
        <ele>84.0</ele>
        <time>2026-08-26T16:11:59+02:00</time>
      </trkpt>
      <trkpt lon="16.450374" lat="43.545474">
        <ele>84.0</ele>
        <time>2026-08-26T16:12:01+02:00</time>
      </trkpt>
      <trkpt lon="16.450462" lat="43.545474">
        <ele>84.0</ele>
        <time>2026-08-26T16:12:02+02:00</time>
      </trkpt>
      <trkpt lon="16.450541" lat="43.545474">
        <ele>84.0</ele>
        <time>2026-08-26T16:12:03+02:00</time>
      </trkpt>
      <trkpt lon="16.450623" lat="43.545468">
        <ele>84.0</ele>
        <time>2026-08-26T16:12:05+02:00</time>
      </trkpt>
      <trkpt lon="16.450627" lat="43.545461">
        <ele>84.0</ele>
        <time>2026-08-26T16:12:07+02:00</time>
      </trkpt>
      <trkpt lon="16.450613" lat="43.545463">
        <ele>84.0</ele>
        <time>2026-08-26T16:12:10+02:00</time>
      </trkpt>
      <trkpt lon="16.450652" lat="43.545455">
        <ele>84.0</ele>
        <time>2026-08-26T16:12:43+02:00</time>
      </trkpt>
      <trkpt lon="16.45075" lat="43.545442">
        <ele>84.0</ele>
        <time>2026-08-26T16:12:45+02:00</time>
      </trkpt>
      <trkpt lon="16.450817" lat="43.545432">
        <ele>84.0</ele>
        <time>2026-08-26T16:12:46+02:00</time>
      </trkpt>
      <trkpt lon="16.4509" lat="43.54542">
        <ele>84.0</ele>
        <time>2026-08-26T16:12:47+02:00</time>
      </trkpt>
      <trkpt lon="16.450987" lat="43.54541">
        <ele>84.0</ele>
        <time>2026-08-26T16:12:48+02:00</time>
      </trkpt>
      <trkpt lon="16.451061" lat="43.545403">
        <ele>84.0</ele>
        <time>2026-08-26T16:12:49+02:00</time>
      </trkpt>
      <trkpt lon="16.451146" lat="43.545409">
        <ele>84.0</ele>
        <time>2026-08-26T16:12:50+02:00</time>
      </trkpt>
      <trkpt lon="16.451222" lat="43.545432">
        <ele>84.0</ele>
        <time>2026-08-26T16:12:51+02:00</time>
      </trkpt>
      <trkpt lon="16.45129" lat="43.545474">
        <ele>84.0</ele>
        <time>2026-08-26T16:12:52+02:00</time>
      </trkpt>
      <trkpt lon="16.451336" lat="43.545528">
        <ele>85.0</ele>
        <time>2026-08-26T16:12:53+02:00</time>
      </trkpt>
      <trkpt lon="16.451374" lat="43.545596">
        <ele>85.0</ele>
        <time>2026-08-26T16:12:54+02:00</time>
      </trkpt>
      <trkpt lon="16.45139" lat="43.545663">
        <ele>85.0</ele>
        <time>2026-08-26T16:12:55+02:00</time>
      </trkpt>
      <trkpt lon="16.451398" lat="43.545724">
        <ele>85.0</ele>
        <time>2026-08-26T16:12:56+02:00</time>
      </trkpt>
      <trkpt lon="16.451402" lat="43.545775">
        <ele>85.0</ele>
        <time>2026-08-26T16:12:57+02:00</time>
      </trkpt>
      <trkpt lon="16.451413" lat="43.545836">
        <ele>86.0</ele>
        <time>2026-08-26T16:12:58+02:00</time>
      </trkpt>
      <trkpt lon="16.451428" lat="43.545902">
        <ele>86.0</ele>
        <time>2026-08-26T16:12:59+02:00</time>
      </trkpt>
      <trkpt lon="16.451444" lat="43.545951">
        <ele>86.0</ele>
        <time>2026-08-26T16:13:00+02:00</time>
      </trkpt>
      <trkpt lon="16.451466" lat="43.546004">
        <ele>86.0</ele>
        <time>2026-08-26T16:13:01+02:00</time>
      </trkpt>
      <trkpt lon="16.451493" lat="43.546057">
        <ele>86.0</ele>
        <time>2026-08-26T16:13:02+02:00</time>
      </trkpt>
      <trkpt lon="16.451521" lat="43.546112">
        <ele>86.0</ele>
        <time>2026-08-26T16:13:03+02:00</time>
      </trkpt>
      <trkpt lon="16.451551" lat="43.546172">
        <ele>86.0</ele>
        <time>2026-08-26T16:13:04+02:00</time>
      </trkpt>
      <trkpt lon="16.45158" lat="43.546225">
        <ele>88.0</ele>
        <time>2026-08-26T16:13:05+02:00</time>
      </trkpt>
      <trkpt lon="16.451624" lat="43.546282">
        <ele>89.0</ele>
        <time>2026-08-26T16:13:06+02:00</time>
      </trkpt>
      <trkpt lon="16.451662" lat="43.546329">
        <ele>90.0</ele>
        <time>2026-08-26T16:13:07+02:00</time>
      </trkpt>
      <trkpt lon="16.451711" lat="43.546372">
        <ele>90.0</ele>
        <time>2026-08-26T16:13:08+02:00</time>
      </trkpt>
      <trkpt lon="16.451772" lat="43.546404">
        <ele>91.0</ele>
        <time>2026-08-26T16:13:09+02:00</time>
      </trkpt>
      <trkpt lon="16.451843" lat="43.546419">
        <ele>92.0</ele>
        <time>2026-08-26T16:13:10+02:00</time>
      </trkpt>
      <trkpt lon="16.45193" lat="43.546418">
        <ele>92.0</ele>
        <time>2026-08-26T16:13:11+02:00</time>
      </trkpt>
      <trkpt lon="16.452049" lat="43.546402">
        <ele>93.0</ele>
        <time>2026-08-26T16:13:12+02:00</time>
      </trkpt>
      <trkpt lon="16.452193" lat="43.546381">
        <ele>94.0</ele>
        <time>2026-08-26T16:13:13+02:00</time>
      </trkpt>
      <trkpt lon="16.452351" lat="43.546368">
        <ele>95.0</ele>
        <time>2026-08-26T16:13:14+02:00</time>
      </trkpt>
      <trkpt lon="16.452545" lat="43.546354">
        <ele>95.0</ele>
        <time>2026-08-26T16:13:15+02:00</time>
      </trkpt>
      <trkpt lon="16.452728" lat="43.546339">
        <ele>95.0</ele>
        <time>2026-08-26T16:13:16+02:00</time>
      </trkpt>
      <trkpt lon="16.452908" lat="43.546319">
        <ele>96.0</ele>
        <time>2026-08-26T16:13:17+02:00</time>
      </trkpt>
      <trkpt lon="16.45308" lat="43.546306">
        <ele>96.0</ele>
        <time>2026-08-26T16:13:18+02:00</time>
      </trkpt>
      <trkpt lon="16.45325" lat="43.546293">
        <ele>96.0</ele>
        <time>2026-08-26T16:13:19+02:00</time>
      </trkpt>
      <trkpt lon="16.453422" lat="43.546279">
        <ele>96.0</ele>
        <time>2026-08-26T16:13:20+02:00</time>
      </trkpt>
      <trkpt lon="16.453563" lat="43.546262">
        <ele>96.0</ele>
        <time>2026-08-26T16:13:21+02:00</time>
      </trkpt>
      <trkpt lon="16.453758" lat="43.546233">
        <ele>95.0</ele>
        <time>2026-08-26T16:13:22+02:00</time>
      </trkpt>
      <trkpt lon="16.453915" lat="43.546198">
        <ele>95.0</ele>
        <time>2026-08-26T16:13:23+02:00</time>
      </trkpt>
      <trkpt lon="16.454089" lat="43.546151">
        <ele>95.0</ele>
        <time>2026-08-26T16:13:24+02:00</time>
      </trkpt>
      <trkpt lon="16.45424" lat="43.546106">
        <ele>95.0</ele>
        <time>2026-08-26T16:13:25+02:00</time>
      </trkpt>
      <trkpt lon="16.454384" lat="43.546056">
        <ele>94.0</ele>
        <time>2026-08-26T16:13:26+02:00</time>
      </trkpt>
      <trkpt lon="16.4545" lat="43.546011">
        <ele>94.0</ele>
        <time>2026-08-26T16:13:27+02:00</time>
      </trkpt>
      <trkpt lon="16.454616" lat="43.545963">
        <ele>94.0</ele>
        <time>2026-08-26T16:13:28+02:00</time>
      </trkpt>
      <trkpt lon="16.454725" lat="43.54592">
        <ele>94.0</ele>
        <time>2026-08-26T16:13:29+02:00</time>
      </trkpt>
      <trkpt lon="16.454928" lat="43.545853">
        <ele>93.0</ele>
        <time>2026-08-26T16:13:30+02:00</time>
      </trkpt>
      <trkpt lon="16.455039" lat="43.545819">
        <ele>92.0</ele>
        <time>2026-08-26T16:13:31+02:00</time>
      </trkpt>
      <trkpt lon="16.455138" lat="43.54579">
        <ele>92.0</ele>
        <time>2026-08-26T16:13:32+02:00</time>
      </trkpt>
      <trkpt lon="16.45527" lat="43.545759">
        <ele>92.0</ele>
        <time>2026-08-26T16:13:33+02:00</time>
      </trkpt>
      <trkpt lon="16.455404" lat="43.545733">
        <ele>91.0</ele>
        <time>2026-08-26T16:13:34+02:00</time>
      </trkpt>
      <trkpt lon="16.455527" lat="43.545715">
        <ele>91.0</ele>
        <time>2026-08-26T16:13:35+02:00</time>
      </trkpt>
      <trkpt lon="16.455673" lat="43.545692">
        <ele>91.0</ele>
        <time>2026-08-26T16:13:36+02:00</time>
      </trkpt>
      <trkpt lon="16.455802" lat="43.545673">
        <ele>91.0</ele>
        <time>2026-08-26T16:13:37+02:00</time>
      </trkpt>
      <trkpt lon="16.455951" lat="43.545655">
        <ele>91.0</ele>
        <time>2026-08-26T16:13:38+02:00</time>
      </trkpt>
      <trkpt lon="16.456093" lat="43.54564">
        <ele>90.0</ele>
        <time>2026-08-26T16:13:39+02:00</time>
      </trkpt>
      <trkpt lon="16.45624" lat="43.545624">
        <ele>90.0</ele>
        <time>2026-08-26T16:13:40+02:00</time>
      </trkpt>
      <trkpt lon="16.456405" lat="43.545601">
        <ele>90.0</ele>
        <time>2026-08-26T16:13:41+02:00</time>
      </trkpt>
      <trkpt lon="16.456562" lat="43.545575">
        <ele>90.0</ele>
        <time>2026-08-26T16:13:42+02:00</time>
      </trkpt>
      <trkpt lon="16.456729" lat="43.545538">
        <ele>89.0</ele>
        <time>2026-08-26T16:13:43+02:00</time>
      </trkpt>
      <trkpt lon="16.45687" lat="43.545502">
        <ele>89.0</ele>
        <time>2026-08-26T16:13:44+02:00</time>
      </trkpt>
      <trkpt lon="16.457" lat="43.545459">
        <ele>89.0</ele>
        <time>2026-08-26T16:13:45+02:00</time>
      </trkpt>
      <trkpt lon="16.45715" lat="43.545402">
        <ele>88.0</ele>
        <time>2026-08-26T16:13:46+02:00</time>
      </trkpt>
      <trkpt lon="16.457267" lat="43.545359">
        <ele>88.0</ele>
        <time>2026-08-26T16:13:47+02:00</time>
      </trkpt>
      <trkpt lon="16.457387" lat="43.545314">
        <ele>86.0</ele>
        <time>2026-08-26T16:13:48+02:00</time>
      </trkpt>
      <trkpt lon="16.457513" lat="43.545269">
        <ele>85.0</ele>
        <time>2026-08-26T16:13:49+02:00</time>
      </trkpt>
      <trkpt lon="16.457644" lat="43.545223">
        <ele>85.0</ele>
        <time>2026-08-26T16:13:50+02:00</time>
      </trkpt>
      <trkpt lon="16.457793" lat="43.545182">
        <ele>84.0</ele>
        <time>2026-08-26T16:13:51+02:00</time>
      </trkpt>
      <trkpt lon="16.457961" lat="43.545137">
        <ele>83.0</ele>
        <time>2026-08-26T16:13:52+02:00</time>
      </trkpt>
      <trkpt lon="16.45812" lat="43.545096">
        <ele>83.0</ele>
        <time>2026-08-26T16:13:53+02:00</time>
      </trkpt>
      <trkpt lon="16.458282" lat="43.545072">
        <ele>82.0</ele>
        <time>2026-08-26T16:13:54+02:00</time>
      </trkpt>
      <trkpt lon="16.458442" lat="43.545064">
        <ele>82.0</ele>
        <time>2026-08-26T16:13:55+02:00</time>
      </trkpt>
      <trkpt lon="16.458603" lat="43.545062">
        <ele>82.0</ele>
        <time>2026-08-26T16:13:56+02:00</time>
      </trkpt>
      <trkpt lon="16.458765" lat="43.545076">
        <ele>81.0</ele>
        <time>2026-08-26T16:13:57+02:00</time>
      </trkpt>
      <trkpt lon="16.458913" lat="43.545091">
        <ele>81.0</ele>
        <time>2026-08-26T16:13:58+02:00</time>
      </trkpt>
      <trkpt lon="16.459127" lat="43.545105">
        <ele>80.0</ele>
        <time>2026-08-26T16:14:00+02:00</time>
      </trkpt>
      <trkpt lon="16.459232" lat="43.545112">
        <ele>80.0</ele>
        <time>2026-08-26T16:14:01+02:00</time>
      </trkpt>
      <trkpt lon="16.459336" lat="43.545117">
        <ele>79.0</ele>
        <time>2026-08-26T16:14:02+02:00</time>
      </trkpt>
      <trkpt lon="16.459456" lat="43.545123">
        <ele>79.0</ele>
        <time>2026-08-26T16:14:03+02:00</time>
      </trkpt>
      <trkpt lon="16.45959" lat="43.54513">
        <ele>78.0</ele>
        <time>2026-08-26T16:14:04+02:00</time>
      </trkpt>
      <trkpt lon="16.459731" lat="43.545135">
        <ele>78.0</ele>
        <time>2026-08-26T16:14:05+02:00</time>
      </trkpt>
      <trkpt lon="16.459878" lat="43.54514">
        <ele>78.0</ele>
        <time>2026-08-26T16:14:06+02:00</time>
      </trkpt>
      <trkpt lon="16.460025" lat="43.545147">
        <ele>78.0</ele>
        <time>2026-08-26T16:14:07+02:00</time>
      </trkpt>
      <trkpt lon="16.460167" lat="43.545151">
        <ele>78.0</ele>
        <time>2026-08-26T16:14:08+02:00</time>
      </trkpt>
      <trkpt lon="16.460304" lat="43.545154">
        <ele>78.0</ele>
        <time>2026-08-26T16:14:09+02:00</time>
      </trkpt>
      <trkpt lon="16.460539" lat="43.545159">
        <ele>79.0</ele>
        <time>2026-08-26T16:14:11+02:00</time>
      </trkpt>
      <trkpt lon="16.460663" lat="43.545164">
        <ele>79.0</ele>
        <time>2026-08-26T16:14:12+02:00</time>
      </trkpt>
      <trkpt lon="16.460922" lat="43.545167">
        <ele>79.0</ele>
        <time>2026-08-26T16:14:14+02:00</time>
      </trkpt>
      <trkpt lon="16.461051" lat="43.54517">
        <ele>79.0</ele>
        <time>2026-08-26T16:14:15+02:00</time>
      </trkpt>
      <trkpt lon="16.461195" lat="43.545173">
        <ele>79.0</ele>
        <time>2026-08-26T16:14:16+02:00</time>
      </trkpt>
      <trkpt lon="16.461339" lat="43.545176">
        <ele>80.0</ele>
        <time>2026-08-26T16:14:17+02:00</time>
      </trkpt>
      <trkpt lon="16.461492" lat="43.545178">
        <ele>80.0</ele>
        <time>2026-08-26T16:14:18+02:00</time>
      </trkpt>
      <trkpt lon="16.461642" lat="43.545177">
        <ele>81.0</ele>
        <time>2026-08-26T16:14:19+02:00</time>
      </trkpt>
      <trkpt lon="16.461794" lat="43.545178">
        <ele>81.0</ele>
        <time>2026-08-26T16:14:20+02:00</time>
      </trkpt>
      <trkpt lon="16.461944" lat="43.545175">
        <ele>82.0</ele>
        <time>2026-08-26T16:14:21+02:00</time>
      </trkpt>
      <trkpt lon="16.462105" lat="43.54517">
        <ele>83.0</ele>
        <time>2026-08-26T16:14:22+02:00</time>
      </trkpt>
      <trkpt lon="16.46226" lat="43.545171">
        <ele>83.0</ele>
        <time>2026-08-26T16:14:23+02:00</time>
      </trkpt>
      <trkpt lon="16.46242" lat="43.545168">
        <ele>84.0</ele>
        <time>2026-08-26T16:14:24+02:00</time>
      </trkpt>
      <trkpt lon="16.462567" lat="43.545164">
        <ele>85.0</ele>
        <time>2026-08-26T16:14:25+02:00</time>
      </trkpt>
      <trkpt lon="16.462735" lat="43.54516">
        <ele>85.0</ele>
        <time>2026-08-26T16:14:26+02:00</time>
      </trkpt>
      <trkpt lon="16.462921" lat="43.545155">
        <ele>86.0</ele>
        <time>2026-08-26T16:14:27+02:00</time>
      </trkpt>
      <trkpt lon="16.463096" lat="43.545145">
        <ele>87.0</ele>
        <time>2026-08-26T16:14:28+02:00</time>
      </trkpt>
      <trkpt lon="16.463267" lat="43.545135">
        <ele>87.0</ele>
        <time>2026-08-26T16:14:29+02:00</time>
      </trkpt>
      <trkpt lon="16.463434" lat="43.545124">
        <ele>88.0</ele>
        <time>2026-08-26T16:14:30+02:00</time>
      </trkpt>
      <trkpt lon="16.463596" lat="43.545109">
        <ele>89.0</ele>
        <time>2026-08-26T16:14:31+02:00</time>
      </trkpt>
      <trkpt lon="16.463743" lat="43.545098">
        <ele>90.0</ele>
        <time>2026-08-26T16:14:32+02:00</time>
      </trkpt>
      <trkpt lon="16.463889" lat="43.545088">
        <ele>91.0</ele>
        <time>2026-08-26T16:14:33+02:00</time>
      </trkpt>
      <trkpt lon="16.464105" lat="43.545073">
        <ele>91.0</ele>
        <time>2026-08-26T16:14:35+02:00</time>
      </trkpt>
      <trkpt lon="16.464186" lat="43.545068">
        <ele>92.0</ele>
        <time>2026-08-26T16:14:36+02:00</time>
      </trkpt>
      <trkpt lon="16.464282" lat="43.54506">
        <ele>92.0</ele>
        <time>2026-08-26T16:14:37+02:00</time>
      </trkpt>
      <trkpt lon="16.46438" lat="43.54505">
        <ele>92.0</ele>
        <time>2026-08-26T16:14:38+02:00</time>
      </trkpt>
      <trkpt lon="16.464485" lat="43.545035">
        <ele>92.0</ele>
        <time>2026-08-26T16:14:39+02:00</time>
      </trkpt>
      <trkpt lon="16.464614" lat="43.545014">
        <ele>92.0</ele>
        <time>2026-08-26T16:14:40+02:00</time>
      </trkpt>
      <trkpt lon="16.464755" lat="43.545">
        <ele>92.0</ele>
        <time>2026-08-26T16:14:41+02:00</time>
      </trkpt>
      <trkpt lon="16.464903" lat="43.544985">
        <ele>92.0</ele>
        <time>2026-08-26T16:14:42+02:00</time>
      </trkpt>
      <trkpt lon="16.465058" lat="43.544963">
        <ele>92.0</ele>
        <time>2026-08-26T16:14:43+02:00</time>
      </trkpt>
      <trkpt lon="16.465235" lat="43.544941">
        <ele>93.0</ele>
        <time>2026-08-26T16:14:44+02:00</time>
      </trkpt>
      <trkpt lon="16.465407" lat="43.54492">
        <ele>93.0</ele>
        <time>2026-08-26T16:14:45+02:00</time>
      </trkpt>
      <trkpt lon="16.465588" lat="43.544894">
        <ele>93.0</ele>
        <time>2026-08-26T16:14:46+02:00</time>
      </trkpt>
      <trkpt lon="16.465749" lat="43.544869">
        <ele>93.0</ele>
        <time>2026-08-26T16:14:47+02:00</time>
      </trkpt>
      <trkpt lon="16.465928" lat="43.54484">
        <ele>94.0</ele>
        <time>2026-08-26T16:14:48+02:00</time>
      </trkpt>
      <trkpt lon="16.466097" lat="43.54481">
        <ele>94.0</ele>
        <time>2026-08-26T16:14:49+02:00</time>
      </trkpt>
      <trkpt lon="16.46628" lat="43.54477">
        <ele>94.0</ele>
        <time>2026-08-26T16:14:50+02:00</time>
      </trkpt>
      <trkpt lon="16.46645" lat="43.544735">
        <ele>93.0</ele>
        <time>2026-08-26T16:14:51+02:00</time>
      </trkpt>
      <trkpt lon="16.466624" lat="43.544703">
        <ele>93.0</ele>
        <time>2026-08-26T16:14:52+02:00</time>
      </trkpt>
      <trkpt lon="16.46681" lat="43.544667">
        <ele>93.0</ele>
        <time>2026-08-26T16:14:53+02:00</time>
      </trkpt>
      <trkpt lon="16.466988" lat="43.544629">
        <ele>93.0</ele>
        <time>2026-08-26T16:14:54+02:00</time>
      </trkpt>
      <trkpt lon="16.467188" lat="43.544584">
        <ele>93.0</ele>
        <time>2026-08-26T16:14:55+02:00</time>
      </trkpt>
      <trkpt lon="16.467356" lat="43.544545">
        <ele>92.0</ele>
        <time>2026-08-26T16:14:56+02:00</time>
      </trkpt>
      <trkpt lon="16.467537" lat="43.544504">
        <ele>92.0</ele>
        <time>2026-08-26T16:14:57+02:00</time>
      </trkpt>
      <trkpt lon="16.467722" lat="43.544459">
        <ele>91.0</ele>
        <time>2026-08-26T16:14:58+02:00</time>
      </trkpt>
      <trkpt lon="16.467886" lat="43.544417">
        <ele>90.0</ele>
        <time>2026-08-26T16:14:59+02:00</time>
      </trkpt>
      <trkpt lon="16.468067" lat="43.544368">
        <ele>90.0</ele>
        <time>2026-08-26T16:15:00+02:00</time>
      </trkpt>
      <trkpt lon="16.468253" lat="43.544316">
        <ele>90.0</ele>
        <time>2026-08-26T16:15:01+02:00</time>
      </trkpt>
      <trkpt lon="16.468412" lat="43.544271">
        <ele>89.0</ele>
        <time>2026-08-26T16:15:02+02:00</time>
      </trkpt>
      <trkpt lon="16.468585" lat="43.544225">
        <ele>88.0</ele>
        <time>2026-08-26T16:15:03+02:00</time>
      </trkpt>
      <trkpt lon="16.468713" lat="43.544195">
        <ele>88.0</ele>
        <time>2026-08-26T16:15:04+02:00</time>
      </trkpt>
      <trkpt lon="16.468841" lat="43.544163">
        <ele>88.0</ele>
        <time>2026-08-26T16:15:05+02:00</time>
      </trkpt>
      <trkpt lon="16.468964" lat="43.544127">
        <ele>87.0</ele>
        <time>2026-08-26T16:15:06+02:00</time>
      </trkpt>
      <trkpt lon="16.46909" lat="43.544086">
        <ele>87.0</ele>
        <time>2026-08-26T16:15:07+02:00</time>
      </trkpt>
      <trkpt lon="16.469233" lat="43.544042">
        <ele>87.0</ele>
        <time>2026-08-26T16:15:08+02:00</time>
      </trkpt>
      <trkpt lon="16.469359" lat="43.544006">
        <ele>87.0</ele>
        <time>2026-08-26T16:15:09+02:00</time>
      </trkpt>
      <trkpt lon="16.469501" lat="43.543964">
        <ele>86.0</ele>
        <time>2026-08-26T16:15:10+02:00</time>
      </trkpt>
      <trkpt lon="16.469629" lat="43.543925">
        <ele>86.0</ele>
        <time>2026-08-26T16:15:11+02:00</time>
      </trkpt>
      <trkpt lon="16.469783" lat="43.543876">
        <ele>86.0</ele>
        <time>2026-08-26T16:15:12+02:00</time>
      </trkpt>
      <trkpt lon="16.469922" lat="43.543833">
        <ele>86.0</ele>
        <time>2026-08-26T16:15:13+02:00</time>
      </trkpt>
      <trkpt lon="16.470074" lat="43.54379">
        <ele>86.0</ele>
        <time>2026-08-26T16:15:14+02:00</time>
      </trkpt>
      <trkpt lon="16.470201" lat="43.543754">
        <ele>86.0</ele>
        <time>2026-08-26T16:15:15+02:00</time>
      </trkpt>
      <trkpt lon="16.470393" lat="43.5437">
        <ele>86.0</ele>
        <time>2026-08-26T16:15:17+02:00</time>
      </trkpt>
      <trkpt lon="16.470491" lat="43.543669">
        <ele>86.0</ele>
        <time>2026-08-26T16:15:18+02:00</time>
      </trkpt>
      <trkpt lon="16.470607" lat="43.543634">
        <ele>86.0</ele>
        <time>2026-08-26T16:15:19+02:00</time>
      </trkpt>
      <trkpt lon="16.470728" lat="43.543597">
        <ele>85.0</ele>
        <time>2026-08-26T16:15:20+02:00</time>
      </trkpt>
      <trkpt lon="16.470867" lat="43.543551">
        <ele>86.0</ele>
        <time>2026-08-26T16:15:21+02:00</time>
      </trkpt>
      <trkpt lon="16.471013" lat="43.543506">
        <ele>86.0</ele>
        <time>2026-08-26T16:15:22+02:00</time>
      </trkpt>
      <trkpt lon="16.471177" lat="43.543458">
        <ele>86.0</ele>
        <time>2026-08-26T16:15:23+02:00</time>
      </trkpt>
      <trkpt lon="16.471333" lat="43.543415">
        <ele>86.0</ele>
        <time>2026-08-26T16:15:24+02:00</time>
      </trkpt>
      <trkpt lon="16.471506" lat="43.543362">
        <ele>86.0</ele>
        <time>2026-08-26T16:15:25+02:00</time>
      </trkpt>
      <trkpt lon="16.471678" lat="43.543309">
        <ele>87.0</ele>
        <time>2026-08-26T16:15:26+02:00</time>
      </trkpt>
      <trkpt lon="16.471856" lat="43.543257">
        <ele>87.0</ele>
        <time>2026-08-26T16:15:27+02:00</time>
      </trkpt>
      <trkpt lon="16.472052" lat="43.543193">
        <ele>87.0</ele>
        <time>2026-08-26T16:15:28+02:00</time>
      </trkpt>
      <trkpt lon="16.472225" lat="43.543138">
        <ele>88.0</ele>
        <time>2026-08-26T16:15:29+02:00</time>
      </trkpt>
      <trkpt lon="16.472401" lat="43.543086">
        <ele>88.0</ele>
        <time>2026-08-26T16:15:30+02:00</time>
      </trkpt>
      <trkpt lon="16.472593" lat="43.543031">
        <ele>89.0</ele>
        <time>2026-08-26T16:15:31+02:00</time>
      </trkpt>
      <trkpt lon="16.472775" lat="43.542977">
        <ele>89.0</ele>
        <time>2026-08-26T16:15:32+02:00</time>
      </trkpt>
      <trkpt lon="16.472934" lat="43.542926">
        <ele>89.0</ele>
        <time>2026-08-26T16:15:33+02:00</time>
      </trkpt>
      <trkpt lon="16.473076" lat="43.542883">
        <ele>89.0</ele>
        <time>2026-08-26T16:15:34+02:00</time>
      </trkpt>
      <trkpt lon="16.473245" lat="43.542841">
        <ele>90.0</ele>
        <time>2026-08-26T16:15:36+02:00</time>
      </trkpt>
      <trkpt lon="16.473286" lat="43.542832">
        <ele>88.0</ele>
        <time>2026-08-26T16:15:39+02:00</time>
      </trkpt>
      <trkpt lon="16.473257" lat="43.54284">
        <ele>87.0</ele>
        <time>2026-08-26T16:15:47+02:00</time>
      </trkpt>
      <trkpt lon="16.473316" lat="43.542818">
        <ele>89.0</ele>
        <time>2026-08-26T16:16:10+02:00</time>
      </trkpt>
      <trkpt lon="16.473397" lat="43.542795">
        <ele>89.0</ele>
        <time>2026-08-26T16:16:11+02:00</time>
      </trkpt>
      <trkpt lon="16.473519" lat="43.542763">
        <ele>89.0</ele>
        <time>2026-08-26T16:16:12+02:00</time>
      </trkpt>
      <trkpt lon="16.473643" lat="43.54273">
        <ele>89.0</ele>
        <time>2026-08-26T16:16:13+02:00</time>
      </trkpt>
      <trkpt lon="16.473795" lat="43.542691">
        <ele>89.0</ele>
        <time>2026-08-26T16:16:14+02:00</time>
      </trkpt>
      <trkpt lon="16.473942" lat="43.542654">
        <ele>89.0</ele>
        <time>2026-08-26T16:16:15+02:00</time>
      </trkpt>
      <trkpt lon="16.474113" lat="43.542615">
        <ele>89.0</ele>
        <time>2026-08-26T16:16:16+02:00</time>
      </trkpt>
      <trkpt lon="16.474294" lat="43.54258">
        <ele>89.0</ele>
        <time>2026-08-26T16:16:17+02:00</time>
      </trkpt>
      <trkpt lon="16.474484" lat="43.542548">
        <ele>89.0</ele>
        <time>2026-08-26T16:16:18+02:00</time>
      </trkpt>
      <trkpt lon="16.474666" lat="43.542513">
        <ele>89.0</ele>
        <time>2026-08-26T16:16:19+02:00</time>
      </trkpt>
      <trkpt lon="16.474879" lat="43.542475">
        <ele>89.0</ele>
        <time>2026-08-26T16:16:20+02:00</time>
      </trkpt>
      <trkpt lon="16.475086" lat="43.542443">
        <ele>89.0</ele>
        <time>2026-08-26T16:16:21+02:00</time>
      </trkpt>
      <trkpt lon="16.475277" lat="43.54242">
        <ele>91.0</ele>
        <time>2026-08-26T16:16:22+02:00</time>
      </trkpt>
      <trkpt lon="16.475478" lat="43.542397">
        <ele>91.0</ele>
        <time>2026-08-26T16:16:23+02:00</time>
      </trkpt>
      <trkpt lon="16.475656" lat="43.542379">
        <ele>91.0</ele>
        <time>2026-08-26T16:16:24+02:00</time>
      </trkpt>
      <trkpt lon="16.475834" lat="43.54236">
        <ele>91.0</ele>
        <time>2026-08-26T16:16:25+02:00</time>
      </trkpt>
      <trkpt lon="16.476001" lat="43.542342">
        <ele>91.0</ele>
        <time>2026-08-26T16:16:26+02:00</time>
      </trkpt>
      <trkpt lon="16.476163" lat="43.542334">
        <ele>90.0</ele>
        <time>2026-08-26T16:16:27+02:00</time>
      </trkpt>
      <trkpt lon="16.476327" lat="43.542329">
        <ele>89.0</ele>
        <time>2026-08-26T16:16:28+02:00</time>
      </trkpt>
      <trkpt lon="16.476489" lat="43.542322">
        <ele>89.0</ele>
        <time>2026-08-26T16:16:29+02:00</time>
      </trkpt>
      <trkpt lon="16.476663" lat="43.542314">
        <ele>89.0</ele>
        <time>2026-08-26T16:16:30+02:00</time>
      </trkpt>
      <trkpt lon="16.476838" lat="43.542307">
        <ele>89.0</ele>
        <time>2026-08-26T16:16:31+02:00</time>
      </trkpt>
      <trkpt lon="16.477008" lat="43.542304">
        <ele>89.0</ele>
        <time>2026-08-26T16:16:32+02:00</time>
      </trkpt>
      <trkpt lon="16.477189" lat="43.542306">
        <ele>89.0</ele>
        <time>2026-08-26T16:16:33+02:00</time>
      </trkpt>
      <trkpt lon="16.477355" lat="43.542309">
        <ele>89.0</ele>
        <time>2026-08-26T16:16:34+02:00</time>
      </trkpt>
      <trkpt lon="16.47751" lat="43.542317">
        <ele>89.0</ele>
        <time>2026-08-26T16:16:35+02:00</time>
      </trkpt>
      <trkpt lon="16.477666" lat="43.542322">
        <ele>89.0</ele>
        <time>2026-08-26T16:16:36+02:00</time>
      </trkpt>
      <trkpt lon="16.47785" lat="43.542332">
        <ele>89.0</ele>
        <time>2026-08-26T16:16:37+02:00</time>
      </trkpt>
      <trkpt lon="16.478031" lat="43.542345">
        <ele>87.0</ele>
        <time>2026-08-26T16:16:38+02:00</time>
      </trkpt>
      <trkpt lon="16.478193" lat="43.542362">
        <ele>87.0</ele>
        <time>2026-08-26T16:16:39+02:00</time>
      </trkpt>
      <trkpt lon="16.47837" lat="43.542382">
        <ele>86.0</ele>
        <time>2026-08-26T16:16:40+02:00</time>
      </trkpt>
      <trkpt lon="16.478556" lat="43.542401">
        <ele>86.0</ele>
        <time>2026-08-26T16:16:41+02:00</time>
      </trkpt>
      <trkpt lon="16.478734" lat="43.54242">
        <ele>86.0</ele>
        <time>2026-08-26T16:16:42+02:00</time>
      </trkpt>
      <trkpt lon="16.478906" lat="43.542444">
        <ele>85.0</ele>
        <time>2026-08-26T16:16:43+02:00</time>
      </trkpt>
      <trkpt lon="16.4791" lat="43.542472">
        <ele>85.0</ele>
        <time>2026-08-26T16:16:44+02:00</time>
      </trkpt>
      <trkpt lon="16.4793" lat="43.542502">
        <ele>85.0</ele>
        <time>2026-08-26T16:16:45+02:00</time>
      </trkpt>
      <trkpt lon="16.479476" lat="43.542527">
        <ele>84.0</ele>
        <time>2026-08-26T16:16:46+02:00</time>
      </trkpt>
      <trkpt lon="16.479653" lat="43.542555">
        <ele>84.0</ele>
        <time>2026-08-26T16:16:47+02:00</time>
      </trkpt>
      <trkpt lon="16.479821" lat="43.542587">
        <ele>84.0</ele>
        <time>2026-08-26T16:16:48+02:00</time>
      </trkpt>
      <trkpt lon="16.479965" lat="43.542616">
        <ele>83.0</ele>
        <time>2026-08-26T16:16:49+02:00</time>
      </trkpt>
      <trkpt lon="16.480084" lat="43.542641">
        <ele>83.0</ele>
        <time>2026-08-26T16:16:50+02:00</time>
      </trkpt>
      <trkpt lon="16.480303" lat="43.54268">
        <ele>84.0</ele>
        <time>2026-08-26T16:16:52+02:00</time>
      </trkpt>
      <trkpt lon="16.480429" lat="43.542702">
        <ele>84.0</ele>
        <time>2026-08-26T16:16:53+02:00</time>
      </trkpt>
      <trkpt lon="16.48057" lat="43.542727">
        <ele>84.0</ele>
        <time>2026-08-26T16:16:54+02:00</time>
      </trkpt>
      <trkpt lon="16.480728" lat="43.54275">
        <ele>84.0</ele>
        <time>2026-08-26T16:16:55+02:00</time>
      </trkpt>
      <trkpt lon="16.480899" lat="43.542774">
        <ele>84.0</ele>
        <time>2026-08-26T16:16:56+02:00</time>
      </trkpt>
      <trkpt lon="16.481057" lat="43.542797">
        <ele>84.0</ele>
        <time>2026-08-26T16:16:57+02:00</time>
      </trkpt>
      <trkpt lon="16.481201" lat="43.542815">
        <ele>85.0</ele>
        <time>2026-08-26T16:16:58+02:00</time>
      </trkpt>
      <trkpt lon="16.481359" lat="43.54283">
        <ele>85.0</ele>
        <time>2026-08-26T16:16:59+02:00</time>
      </trkpt>
      <trkpt lon="16.481525" lat="43.54284">
        <ele>85.0</ele>
        <time>2026-08-26T16:17:00+02:00</time>
      </trkpt>
      <trkpt lon="16.481706" lat="43.542847">
        <ele>86.0</ele>
        <time>2026-08-26T16:17:01+02:00</time>
      </trkpt>
      <trkpt lon="16.481908" lat="43.542855">
        <ele>86.0</ele>
        <time>2026-08-26T16:17:02+02:00</time>
      </trkpt>
      <trkpt lon="16.48209" lat="43.542857">
        <ele>86.0</ele>
        <time>2026-08-26T16:17:03+02:00</time>
      </trkpt>
      <trkpt lon="16.482285" lat="43.542855">
        <ele>87.0</ele>
        <time>2026-08-26T16:17:04+02:00</time>
      </trkpt>
      <trkpt lon="16.482459" lat="43.542841">
        <ele>89.0</ele>
        <time>2026-08-26T16:17:05+02:00</time>
      </trkpt>
      <trkpt lon="16.482643" lat="43.542823">
        <ele>89.0</ele>
        <time>2026-08-26T16:17:06+02:00</time>
      </trkpt>
      <trkpt lon="16.482811" lat="43.542801">
        <ele>89.0</ele>
        <time>2026-08-26T16:17:07+02:00</time>
      </trkpt>
      <trkpt lon="16.482978" lat="43.542774">
        <ele>89.0</ele>
        <time>2026-08-26T16:17:08+02:00</time>
      </trkpt>
      <trkpt lon="16.48314" lat="43.542749">
        <ele>89.0</ele>
        <time>2026-08-26T16:17:09+02:00</time>
      </trkpt>
      <trkpt lon="16.483308" lat="43.542722">
        <ele>89.0</ele>
        <time>2026-08-26T16:17:10+02:00</time>
      </trkpt>
      <trkpt lon="16.483491" lat="43.542691">
        <ele>89.0</ele>
        <time>2026-08-26T16:17:11+02:00</time>
      </trkpt>
      <trkpt lon="16.483665" lat="43.542659">
        <ele>89.0</ele>
        <time>2026-08-26T16:17:12+02:00</time>
      </trkpt>
      <trkpt lon="16.483836" lat="43.542628">
        <ele>91.0</ele>
        <time>2026-08-26T16:17:13+02:00</time>
      </trkpt>
      <trkpt lon="16.484018" lat="43.542592">
        <ele>90.0</ele>
        <time>2026-08-26T16:17:14+02:00</time>
      </trkpt>
      <trkpt lon="16.484197" lat="43.542557">
        <ele>90.0</ele>
        <time>2026-08-26T16:17:15+02:00</time>
      </trkpt>
      <trkpt lon="16.484355" lat="43.542524">
        <ele>91.0</ele>
        <time>2026-08-26T16:17:16+02:00</time>
      </trkpt>
      <trkpt lon="16.484536" lat="43.542493">
        <ele>90.0</ele>
        <time>2026-08-26T16:17:17+02:00</time>
      </trkpt>
      <trkpt lon="16.484708" lat="43.542468">
        <ele>91.0</ele>
        <time>2026-08-26T16:17:18+02:00</time>
      </trkpt>
      <trkpt lon="16.484867" lat="43.542449">
        <ele>91.0</ele>
        <time>2026-08-26T16:17:19+02:00</time>
      </trkpt>
      <trkpt lon="16.485038" lat="43.542429">
        <ele>91.0</ele>
        <time>2026-08-26T16:17:20+02:00</time>
      </trkpt>
      <trkpt lon="16.485202" lat="43.542408">
        <ele>91.0</ele>
        <time>2026-08-26T16:17:21+02:00</time>
      </trkpt>
      <trkpt lon="16.485375" lat="43.542391">
        <ele>91.0</ele>
        <time>2026-08-26T16:17:22+02:00</time>
      </trkpt>
      <trkpt lon="16.485523" lat="43.542378">
        <ele>91.0</ele>
        <time>2026-08-26T16:17:23+02:00</time>
      </trkpt>
      <trkpt lon="16.485678" lat="43.54237">
        <ele>91.0</ele>
        <time>2026-08-26T16:17:24+02:00</time>
      </trkpt>
      <trkpt lon="16.485812" lat="43.542363">
        <ele>91.0</ele>
        <time>2026-08-26T16:17:25+02:00</time>
      </trkpt>
      <trkpt lon="16.485959" lat="43.542353">
        <ele>90.0</ele>
        <time>2026-08-26T16:17:26+02:00</time>
      </trkpt>
      <trkpt lon="16.486119" lat="43.542348">
        <ele>89.0</ele>
        <time>2026-08-26T16:17:27+02:00</time>
      </trkpt>
      <trkpt lon="16.486265" lat="43.542346">
        <ele>89.0</ele>
        <time>2026-08-26T16:17:28+02:00</time>
      </trkpt>
      <trkpt lon="16.486414" lat="43.542347">
        <ele>89.0</ele>
        <time>2026-08-26T16:17:29+02:00</time>
      </trkpt>
      <trkpt lon="16.486558" lat="43.542352">
        <ele>89.0</ele>
        <time>2026-08-26T16:17:30+02:00</time>
      </trkpt>
      <trkpt lon="16.486694" lat="43.542355">
        <ele>89.0</ele>
        <time>2026-08-26T16:17:31+02:00</time>
      </trkpt>
      <trkpt lon="16.486912" lat="43.542365">
        <ele>89.0</ele>
        <time>2026-08-26T16:17:33+02:00</time>
      </trkpt>
      <trkpt lon="16.487011" lat="43.542371">
        <ele>89.0</ele>
        <time>2026-08-26T16:17:34+02:00</time>
      </trkpt>
      <trkpt lon="16.48711" lat="43.542377">
        <ele>89.0</ele>
        <time>2026-08-26T16:17:35+02:00</time>
      </trkpt>
      <trkpt lon="16.487195" lat="43.542384">
        <ele>87.0</ele>
        <time>2026-08-26T16:17:36+02:00</time>
      </trkpt>
      <trkpt lon="16.487265" lat="43.542392">
        <ele>86.0</ele>
        <time>2026-08-26T16:17:37+02:00</time>
      </trkpt>
      <trkpt lon="16.487339" lat="43.542399">
        <ele>86.0</ele>
        <time>2026-08-26T16:17:38+02:00</time>
      </trkpt>
      <trkpt lon="16.487433" lat="43.542409">
        <ele>84.0</ele>
        <time>2026-08-26T16:17:40+02:00</time>
      </trkpt>
      <trkpt lon="16.487505" lat="43.542421">
        <ele>83.0</ele>
        <time>2026-08-26T16:17:42+02:00</time>
      </trkpt>
      <trkpt lon="16.487583" lat="43.542426">
        <ele>85.0</ele>
        <time>2026-08-26T16:17:44+02:00</time>
      </trkpt>
      <trkpt lon="16.487612" lat="43.542431">
        <ele>82.0</ele>
        <time>2026-08-26T16:17:47+02:00</time>
      </trkpt>
      <trkpt lon="16.487593" lat="43.542421">
        <ele>82.0</ele>
        <time>2026-08-26T16:17:55+02:00</time>
      </trkpt>
      <trkpt lon="16.48771" lat="43.542441">
        <ele>84.0</ele>
        <time>2026-08-26T16:19:04+02:00</time>
      </trkpt>
      <trkpt lon="16.487788" lat="43.542449">
        <ele>84.0</ele>
        <time>2026-08-26T16:19:05+02:00</time>
      </trkpt>
      <trkpt lon="16.487865" lat="43.542462">
        <ele>84.0</ele>
        <time>2026-08-26T16:19:06+02:00</time>
      </trkpt>
      <trkpt lon="16.487939" lat="43.542471">
        <ele>84.0</ele>
        <time>2026-08-26T16:19:07+02:00</time>
      </trkpt>
      <trkpt lon="16.488017" lat="43.542483">
        <ele>84.0</ele>
        <time>2026-08-26T16:19:08+02:00</time>
      </trkpt>
      <trkpt lon="16.488095" lat="43.542498">
        <ele>84.0</ele>
        <time>2026-08-26T16:19:09+02:00</time>
      </trkpt>
      <trkpt lon="16.488169" lat="43.542514">
        <ele>84.0</ele>
        <time>2026-08-26T16:19:10+02:00</time>
      </trkpt>
      <trkpt lon="16.48826" lat="43.542527">
        <ele>84.0</ele>
        <time>2026-08-26T16:19:11+02:00</time>
      </trkpt>
      <trkpt lon="16.488341" lat="43.542543">
        <ele>84.0</ele>
        <time>2026-08-26T16:19:12+02:00</time>
      </trkpt>
      <trkpt lon="16.488423" lat="43.542559">
        <ele>84.0</ele>
        <time>2026-08-26T16:19:13+02:00</time>
      </trkpt>
      <trkpt lon="16.488492" lat="43.542574">
        <ele>84.0</ele>
        <time>2026-08-26T16:19:14+02:00</time>
      </trkpt>
      <trkpt lon="16.488565" lat="43.542588">
        <ele>83.0</ele>
        <time>2026-08-26T16:19:15+02:00</time>
      </trkpt>
      <trkpt lon="16.488638" lat="43.542605">
        <ele>82.0</ele>
        <time>2026-08-26T16:19:16+02:00</time>
      </trkpt>
      <trkpt lon="16.488722" lat="43.542617">
        <ele>82.0</ele>
        <time>2026-08-26T16:19:17+02:00</time>
      </trkpt>
      <trkpt lon="16.488813" lat="43.542633">
        <ele>82.0</ele>
        <time>2026-08-26T16:19:18+02:00</time>
      </trkpt>
      <trkpt lon="16.488916" lat="43.542652">
        <ele>82.0</ele>
        <time>2026-08-26T16:19:19+02:00</time>
      </trkpt>
      <trkpt lon="16.489049" lat="43.542675">
        <ele>81.0</ele>
        <time>2026-08-26T16:19:20+02:00</time>
      </trkpt>
      <trkpt lon="16.489166" lat="43.542696">
        <ele>81.0</ele>
        <time>2026-08-26T16:19:21+02:00</time>
      </trkpt>
      <trkpt lon="16.489272" lat="43.54271">
        <ele>81.0</ele>
        <time>2026-08-26T16:19:22+02:00</time>
      </trkpt>
      <trkpt lon="16.489382" lat="43.54272">
        <ele>80.0</ele>
        <time>2026-08-26T16:19:23+02:00</time>
      </trkpt>
      <trkpt lon="16.4895" lat="43.542728">
        <ele>80.0</ele>
        <time>2026-08-26T16:19:24+02:00</time>
      </trkpt>
      <trkpt lon="16.489603" lat="43.542729">
        <ele>79.0</ele>
        <time>2026-08-26T16:19:25+02:00</time>
      </trkpt>
      <trkpt lon="16.489727" lat="43.54273">
        <ele>79.0</ele>
        <time>2026-08-26T16:19:26+02:00</time>
      </trkpt>
      <trkpt lon="16.489848" lat="43.542729">
        <ele>78.0</ele>
        <time>2026-08-26T16:19:27+02:00</time>
      </trkpt>
      <trkpt lon="16.489969" lat="43.542728">
        <ele>78.0</ele>
        <time>2026-08-26T16:19:28+02:00</time>
      </trkpt>
      <trkpt lon="16.490088" lat="43.542716">
        <ele>77.0</ele>
        <time>2026-08-26T16:19:29+02:00</time>
      </trkpt>
      <trkpt lon="16.490183" lat="43.542697">
        <ele>77.0</ele>
        <time>2026-08-26T16:19:30+02:00</time>
      </trkpt>
      <trkpt lon="16.490277" lat="43.542677">
        <ele>76.0</ele>
        <time>2026-08-26T16:19:31+02:00</time>
      </trkpt>
      <trkpt lon="16.490354" lat="43.542656">
        <ele>75.0</ele>
        <time>2026-08-26T16:19:32+02:00</time>
      </trkpt>
      <trkpt lon="16.49043" lat="43.542635">
        <ele>75.0</ele>
        <time>2026-08-26T16:19:33+02:00</time>
      </trkpt>
      <trkpt lon="16.49052" lat="43.542607">
        <ele>74.0</ele>
        <time>2026-08-26T16:19:34+02:00</time>
      </trkpt>
      <trkpt lon="16.490607" lat="43.542586">
        <ele>74.0</ele>
        <time>2026-08-26T16:19:35+02:00</time>
      </trkpt>
      <trkpt lon="16.490679" lat="43.542562">
        <ele>73.0</ele>
        <time>2026-08-26T16:19:36+02:00</time>
      </trkpt>
      <trkpt lon="16.490758" lat="43.542533">
        <ele>72.0</ele>
        <time>2026-08-26T16:19:37+02:00</time>
      </trkpt>
      <trkpt lon="16.490826" lat="43.542498">
        <ele>72.0</ele>
        <time>2026-08-26T16:19:38+02:00</time>
      </trkpt>
      <trkpt lon="16.490874" lat="43.542467">
        <ele>71.0</ele>
        <time>2026-08-26T16:19:39+02:00</time>
      </trkpt>
      <trkpt lon="16.490932" lat="43.542425">
        <ele>70.0</ele>
        <time>2026-08-26T16:19:41+02:00</time>
      </trkpt>
      <trkpt lon="16.490944" lat="43.542418">
        <ele>69.0</ele>
        <time>2026-08-26T16:19:43+02:00</time>
      </trkpt>
      <trkpt lon="16.490945" lat="43.542423">
        <ele>68.0</ele>
        <time>2026-08-26T16:19:54+02:00</time>
      </trkpt>
      <trkpt lon="16.490986" lat="43.54239">
        <ele>67.0</ele>
        <time>2026-08-26T16:20:07+02:00</time>
      </trkpt>
      <trkpt lon="16.491063" lat="43.542322">
        <ele>67.0</ele>
        <time>2026-08-26T16:20:09+02:00</time>
      </trkpt>
      <trkpt lon="16.491112" lat="43.542288">
        <ele>67.0</ele>
        <time>2026-08-26T16:20:10+02:00</time>
      </trkpt>
      <trkpt lon="16.491169" lat="43.542244">
        <ele>67.0</ele>
        <time>2026-08-26T16:20:11+02:00</time>
      </trkpt>
      <trkpt lon="16.491231" lat="43.542186">
        <ele>67.0</ele>
        <time>2026-08-26T16:20:12+02:00</time>
      </trkpt>
      <trkpt lon="16.491298" lat="43.542124">
        <ele>67.0</ele>
        <time>2026-08-26T16:20:13+02:00</time>
      </trkpt>
      <trkpt lon="16.49136" lat="43.54205">
        <ele>67.0</ele>
        <time>2026-08-26T16:20:14+02:00</time>
      </trkpt>
      <trkpt lon="16.491411" lat="43.54198">
        <ele>67.0</ele>
        <time>2026-08-26T16:20:15+02:00</time>
      </trkpt>
      <trkpt lon="16.491453" lat="43.541909">
        <ele>67.0</ele>
        <time>2026-08-26T16:20:16+02:00</time>
      </trkpt>
      <trkpt lon="16.491491" lat="43.541831">
        <ele>66.0</ele>
        <time>2026-08-26T16:20:17+02:00</time>
      </trkpt>
      <trkpt lon="16.491524" lat="43.54176">
        <ele>66.0</ele>
        <time>2026-08-26T16:20:18+02:00</time>
      </trkpt>
      <trkpt lon="16.49155" lat="43.541685">
        <ele>65.0</ele>
        <time>2026-08-26T16:20:19+02:00</time>
      </trkpt>
      <trkpt lon="16.491575" lat="43.541593">
        <ele>65.0</ele>
        <time>2026-08-26T16:20:20+02:00</time>
      </trkpt>
      <trkpt lon="16.491592" lat="43.541495">
        <ele>64.0</ele>
        <time>2026-08-26T16:20:21+02:00</time>
      </trkpt>
      <trkpt lon="16.491595" lat="43.541404">
        <ele>64.0</ele>
        <time>2026-08-26T16:20:22+02:00</time>
      </trkpt>
      <trkpt lon="16.491592" lat="43.541311">
        <ele>63.0</ele>
        <time>2026-08-26T16:20:23+02:00</time>
      </trkpt>
      <trkpt lon="16.491562" lat="43.541127">
        <ele>63.0</ele>
        <time>2026-08-26T16:20:25+02:00</time>
      </trkpt>
      <trkpt lon="16.491536" lat="43.541032">
        <ele>62.0</ele>
        <time>2026-08-26T16:20:26+02:00</time>
      </trkpt>
      <trkpt lon="16.491491" lat="43.540924">
        <ele>62.0</ele>
        <time>2026-08-26T16:20:27+02:00</time>
      </trkpt>
      <trkpt lon="16.491429" lat="43.540812">
        <ele>62.0</ele>
        <time>2026-08-26T16:20:28+02:00</time>
      </trkpt>
      <trkpt lon="16.491359" lat="43.540706">
        <ele>61.0</ele>
        <time>2026-08-26T16:20:29+02:00</time>
      </trkpt>
      <trkpt lon="16.491279" lat="43.540599">
        <ele>61.0</ele>
        <time>2026-08-26T16:20:30+02:00</time>
      </trkpt>
      <trkpt lon="16.491179" lat="43.540489">
        <ele>61.0</ele>
        <time>2026-08-26T16:20:31+02:00</time>
      </trkpt>
      <trkpt lon="16.491088" lat="43.54039">
        <ele>60.0</ele>
        <time>2026-08-26T16:20:32+02:00</time>
      </trkpt>
      <trkpt lon="16.490988" lat="43.540287">
        <ele>60.0</ele>
        <time>2026-08-26T16:20:33+02:00</time>
      </trkpt>
      <trkpt lon="16.490887" lat="43.540195">
        <ele>60.0</ele>
        <time>2026-08-26T16:20:34+02:00</time>
      </trkpt>
      <trkpt lon="16.490793" lat="43.540109">
        <ele>60.0</ele>
        <time>2026-08-26T16:20:35+02:00</time>
      </trkpt>
      <trkpt lon="16.490704" lat="43.540028">
        <ele>59.0</ele>
        <time>2026-08-26T16:20:36+02:00</time>
      </trkpt>
      <trkpt lon="16.490624" lat="43.539953">
        <ele>59.0</ele>
        <time>2026-08-26T16:20:37+02:00</time>
      </trkpt>
      <trkpt lon="16.49053" lat="43.539871">
        <ele>58.0</ele>
        <time>2026-08-26T16:20:38+02:00</time>
      </trkpt>
      <trkpt lon="16.490428" lat="43.539781">
        <ele>58.0</ele>
        <time>2026-08-26T16:20:39+02:00</time>
      </trkpt>
      <trkpt lon="16.490332" lat="43.539697">
        <ele>58.0</ele>
        <time>2026-08-26T16:20:40+02:00</time>
      </trkpt>
      <trkpt lon="16.490244" lat="43.539615">
        <ele>57.0</ele>
        <time>2026-08-26T16:20:41+02:00</time>
      </trkpt>
      <trkpt lon="16.490153" lat="43.539532">
        <ele>57.0</ele>
        <time>2026-08-26T16:20:42+02:00</time>
      </trkpt>
      <trkpt lon="16.489998" lat="43.539386">
        <ele>57.0</ele>
        <time>2026-08-26T16:20:44+02:00</time>
      </trkpt>
      <trkpt lon="16.489883" lat="43.539289">
        <ele>56.0</ele>
        <time>2026-08-26T16:20:46+02:00</time>
      </trkpt>
      <trkpt lon="16.489816" lat="43.539233">
        <ele>55.0</ele>
        <time>2026-08-26T16:20:48+02:00</time>
      </trkpt>
      <trkpt lon="16.48976" lat="43.539188">
        <ele>54.0</ele>
        <time>2026-08-26T16:20:50+02:00</time>
      </trkpt>
      <trkpt lon="16.48973" lat="43.539155">
        <ele>54.0</ele>
        <time>2026-08-26T16:20:53+02:00</time>
      </trkpt>
      <trkpt lon="16.489737" lat="43.539159">
        <ele>52.0</ele>
        <time>2026-08-26T16:21:00+02:00</time>
      </trkpt>
      <trkpt lon="16.48966" lat="43.5391">
        <ele>53.0</ele>
        <time>2026-08-26T16:21:04+02:00</time>
      </trkpt>
      <trkpt lon="16.489614" lat="43.539059">
        <ele>53.0</ele>
        <time>2026-08-26T16:21:05+02:00</time>
      </trkpt>
      <trkpt lon="16.489559" lat="43.539009">
        <ele>53.0</ele>
        <time>2026-08-26T16:21:06+02:00</time>
      </trkpt>
      <trkpt lon="16.489508" lat="43.538959">
        <ele>53.0</ele>
        <time>2026-08-26T16:21:07+02:00</time>
      </trkpt>
      <trkpt lon="16.489443" lat="43.538896">
        <ele>53.0</ele>
        <time>2026-08-26T16:21:08+02:00</time>
      </trkpt>
      <trkpt lon="16.489366" lat="43.53882">
        <ele>53.0</ele>
        <time>2026-08-26T16:21:09+02:00</time>
      </trkpt>
      <trkpt lon="16.489198" lat="43.538667">
        <ele>53.0</ele>
        <time>2026-08-26T16:21:11+02:00</time>
      </trkpt>
      <trkpt lon="16.489117" lat="43.538589">
        <ele>53.0</ele>
        <time>2026-08-26T16:21:12+02:00</time>
      </trkpt>
      <trkpt lon="16.489031" lat="43.538511">
        <ele>53.0</ele>
        <time>2026-08-26T16:21:13+02:00</time>
      </trkpt>
      <trkpt lon="16.488939" lat="43.538427">
        <ele>53.0</ele>
        <time>2026-08-26T16:21:14+02:00</time>
      </trkpt>
      <trkpt lon="16.488854" lat="43.538351">
        <ele>53.0</ele>
        <time>2026-08-26T16:21:15+02:00</time>
      </trkpt>
      <trkpt lon="16.488756" lat="43.538264">
        <ele>53.0</ele>
        <time>2026-08-26T16:21:16+02:00</time>
      </trkpt>
      <trkpt lon="16.488666" lat="43.538184">
        <ele>53.0</ele>
        <time>2026-08-26T16:21:17+02:00</time>
      </trkpt>
      <trkpt lon="16.488578" lat="43.538109">
        <ele>53.0</ele>
        <time>2026-08-26T16:21:18+02:00</time>
      </trkpt>
      <trkpt lon="16.488493" lat="43.538033">
        <ele>53.0</ele>
        <time>2026-08-26T16:21:19+02:00</time>
      </trkpt>
      <trkpt lon="16.488334" lat="43.537886">
        <ele>53.0</ele>
        <time>2026-08-26T16:21:21+02:00</time>
      </trkpt>
      <trkpt lon="16.48825" lat="43.537809">
        <ele>53.0</ele>
        <time>2026-08-26T16:21:22+02:00</time>
      </trkpt>
      <trkpt lon="16.488153" lat="43.537712">
        <ele>53.0</ele>
        <time>2026-08-26T16:21:23+02:00</time>
      </trkpt>
      <trkpt lon="16.488066" lat="43.537632">
        <ele>53.0</ele>
        <time>2026-08-26T16:21:24+02:00</time>
      </trkpt>
      <trkpt lon="16.487976" lat="43.537542">
        <ele>52.0</ele>
        <time>2026-08-26T16:21:25+02:00</time>
      </trkpt>
      <trkpt lon="16.487884" lat="43.537459">
        <ele>52.0</ele>
        <time>2026-08-26T16:21:26+02:00</time>
      </trkpt>
      <trkpt lon="16.487785" lat="43.537369">
        <ele>52.0</ele>
        <time>2026-08-26T16:21:27+02:00</time>
      </trkpt>
      <trkpt lon="16.487692" lat="43.537284">
        <ele>52.0</ele>
        <time>2026-08-26T16:21:28+02:00</time>
      </trkpt>
      <trkpt lon="16.487593" lat="43.537199">
        <ele>52.0</ele>
        <time>2026-08-26T16:21:29+02:00</time>
      </trkpt>
      <trkpt lon="16.4875" lat="43.537118">
        <ele>52.0</ele>
        <time>2026-08-26T16:21:30+02:00</time>
      </trkpt>
      <trkpt lon="16.487415" lat="43.537044">
        <ele>52.0</ele>
        <time>2026-08-26T16:21:31+02:00</time>
      </trkpt>
      <trkpt lon="16.487275" lat="43.536911">
        <ele>52.0</ele>
        <time>2026-08-26T16:21:33+02:00</time>
      </trkpt>
      <trkpt lon="16.487224" lat="43.536861">
        <ele>50.0</ele>
        <time>2026-08-26T16:21:34+02:00</time>
      </trkpt>
      <trkpt lon="16.487173" lat="43.536812">
        <ele>50.0</ele>
        <time>2026-08-26T16:21:35+02:00</time>
      </trkpt>
      <trkpt lon="16.487109" lat="43.53676">
        <ele>50.0</ele>
        <time>2026-08-26T16:21:36+02:00</time>
      </trkpt>
      <trkpt lon="16.487043" lat="43.536705">
        <ele>50.0</ele>
        <time>2026-08-26T16:21:37+02:00</time>
      </trkpt>
      <trkpt lon="16.486963" lat="43.536637">
        <ele>50.0</ele>
        <time>2026-08-26T16:21:38+02:00</time>
      </trkpt>
      <trkpt lon="16.486863" lat="43.536547">
        <ele>50.0</ele>
        <time>2026-08-26T16:21:39+02:00</time>
      </trkpt>
      <trkpt lon="16.486771" lat="43.536461">
        <ele>50.0</ele>
        <time>2026-08-26T16:21:40+02:00</time>
      </trkpt>
      <trkpt lon="16.486668" lat="43.536369">
        <ele>50.0</ele>
        <time>2026-08-26T16:21:41+02:00</time>
      </trkpt>
      <trkpt lon="16.486555" lat="43.536269">
        <ele>50.0</ele>
        <time>2026-08-26T16:21:42+02:00</time>
      </trkpt>
      <trkpt lon="16.486452" lat="43.536187">
        <ele>50.0</ele>
        <time>2026-08-26T16:21:43+02:00</time>
      </trkpt>
      <trkpt lon="16.486352" lat="43.536107">
        <ele>50.0</ele>
        <time>2026-08-26T16:21:44+02:00</time>
      </trkpt>
      <trkpt lon="16.486238" lat="43.536017">
        <ele>50.0</ele>
        <time>2026-08-26T16:21:45+02:00</time>
      </trkpt>
      <trkpt lon="16.486115" lat="43.535923">
        <ele>50.0</ele>
        <time>2026-08-26T16:21:46+02:00</time>
      </trkpt>
      <trkpt lon="16.486006" lat="43.535846">
        <ele>50.0</ele>
        <time>2026-08-26T16:21:47+02:00</time>
      </trkpt>
      <trkpt lon="16.485885" lat="43.535759">
        <ele>50.0</ele>
        <time>2026-08-26T16:21:48+02:00</time>
      </trkpt>
      <trkpt lon="16.485781" lat="43.53569">
        <ele>50.0</ele>
        <time>2026-08-26T16:21:49+02:00</time>
      </trkpt>
      <trkpt lon="16.485684" lat="43.535612">
        <ele>50.0</ele>
        <time>2026-08-26T16:21:50+02:00</time>
      </trkpt>
      <trkpt lon="16.485531" lat="43.535489">
        <ele>50.0</ele>
        <time>2026-08-26T16:21:52+02:00</time>
      </trkpt>
      <trkpt lon="16.485472" lat="43.535432">
        <ele>50.0</ele>
        <time>2026-08-26T16:21:53+02:00</time>
      </trkpt>
      <trkpt lon="16.485421" lat="43.535379">
        <ele>50.0</ele>
        <time>2026-08-26T16:21:54+02:00</time>
      </trkpt>
      <trkpt lon="16.485375" lat="43.535342">
        <ele>50.0</ele>
        <time>2026-08-26T16:21:55+02:00</time>
      </trkpt>
      <trkpt lon="16.485334" lat="43.5353">
        <ele>50.0</ele>
        <time>2026-08-26T16:21:56+02:00</time>
      </trkpt>
      <trkpt lon="16.485283" lat="43.535223">
        <ele>50.0</ele>
        <time>2026-08-26T16:21:58+02:00</time>
      </trkpt>
      <trkpt lon="16.485267" lat="43.535179">
        <ele>50.0</ele>
        <time>2026-08-26T16:22:00+02:00</time>
      </trkpt>
      <trkpt lon="16.485252" lat="43.535129">
        <ele>48.0</ele>
        <time>2026-08-26T16:22:04+02:00</time>
      </trkpt>
      <trkpt lon="16.485226" lat="43.535082">
        <ele>48.0</ele>
        <time>2026-08-26T16:22:06+02:00</time>
      </trkpt>
      <trkpt lon="16.48521" lat="43.535038">
        <ele>48.0</ele>
        <time>2026-08-26T16:22:09+02:00</time>
      </trkpt>
      <trkpt lon="16.48521" lat="43.535034">
        <ele>48.0</ele>
        <time>2026-08-26T16:22:10+02:00</time>
      </trkpt>
      <trkpt lon="16.485197" lat="43.535034">
        <ele>48.0</ele>
        <time>2026-08-26T16:22:23+02:00</time>
      </trkpt>
      <trkpt lon="16.485146" lat="43.534952">
        <ele>47.0</ele>
        <time>2026-08-26T16:22:59+02:00</time>
      </trkpt>
      <trkpt lon="16.485129" lat="43.534901">
        <ele>47.0</ele>
        <time>2026-08-26T16:23:00+02:00</time>
      </trkpt>
      <trkpt lon="16.48512" lat="43.534852">
        <ele>47.0</ele>
        <time>2026-08-26T16:23:01+02:00</time>
      </trkpt>
      <trkpt lon="16.485103" lat="43.534792">
        <ele>48.0</ele>
        <time>2026-08-26T16:23:03+02:00</time>
      </trkpt>
      <trkpt lon="16.485088" lat="43.534696">
        <ele>48.0</ele>
        <time>2026-08-26T16:23:06+02:00</time>
      </trkpt>
      <trkpt lon="16.485086" lat="43.53458">
        <ele>48.0</ele>
        <time>2026-08-26T16:23:07+02:00</time>
      </trkpt>
      <trkpt lon="16.485089" lat="43.534519">
        <ele>48.0</ele>
        <time>2026-08-26T16:23:08+02:00</time>
      </trkpt>
      <trkpt lon="16.485103" lat="43.534451">
        <ele>48.0</ele>
        <time>2026-08-26T16:23:09+02:00</time>
      </trkpt>
      <trkpt lon="16.485126" lat="43.534371">
        <ele>48.0</ele>
        <time>2026-08-26T16:23:10+02:00</time>
      </trkpt>
      <trkpt lon="16.485158" lat="43.534278">
        <ele>48.0</ele>
        <time>2026-08-26T16:23:11+02:00</time>
      </trkpt>
      <trkpt lon="16.485204" lat="43.534199">
        <ele>48.0</ele>
        <time>2026-08-26T16:23:12+02:00</time>
      </trkpt>
      <trkpt lon="16.485278" lat="43.534123">
        <ele>48.0</ele>
        <time>2026-08-26T16:23:13+02:00</time>
      </trkpt>
      <trkpt lon="16.485364" lat="43.534075">
        <ele>48.0</ele>
        <time>2026-08-26T16:23:14+02:00</time>
      </trkpt>
      <trkpt lon="16.48547" lat="43.534032">
        <ele>48.0</ele>
        <time>2026-08-26T16:23:15+02:00</time>
      </trkpt>
      <trkpt lon="16.485583" lat="43.534005">
        <ele>48.0</ele>
        <time>2026-08-26T16:23:16+02:00</time>
      </trkpt>
      <trkpt lon="16.485696" lat="43.533971">
        <ele>48.0</ele>
        <time>2026-08-26T16:23:17+02:00</time>
      </trkpt>
      <trkpt lon="16.485803" lat="43.533928">
        <ele>48.0</ele>
        <time>2026-08-26T16:23:18+02:00</time>
      </trkpt>
      <trkpt lon="16.485892" lat="43.533874">
        <ele>47.0</ele>
        <time>2026-08-26T16:23:19+02:00</time>
      </trkpt>
      <trkpt lon="16.485961" lat="43.533818">
        <ele>47.0</ele>
        <time>2026-08-26T16:23:20+02:00</time>
      </trkpt>
      <trkpt lon="16.486015" lat="43.53375">
        <ele>47.0</ele>
        <time>2026-08-26T16:23:21+02:00</time>
      </trkpt>
      <trkpt lon="16.486048" lat="43.533671">
        <ele>47.0</ele>
        <time>2026-08-26T16:23:22+02:00</time>
      </trkpt>
      <trkpt lon="16.486077" lat="43.533582">
        <ele>48.0</ele>
        <time>2026-08-26T16:23:23+02:00</time>
      </trkpt>
      <trkpt lon="16.486124" lat="43.533493">
        <ele>48.0</ele>
        <time>2026-08-26T16:23:24+02:00</time>
      </trkpt>
      <trkpt lon="16.486174" lat="43.533405">
        <ele>45.0</ele>
        <time>2026-08-26T16:23:25+02:00</time>
      </trkpt>
      <trkpt lon="16.486211" lat="43.533336">
        <ele>48.0</ele>
        <time>2026-08-26T16:23:26+02:00</time>
      </trkpt>
      <trkpt lon="16.486257" lat="43.533265">
        <ele>49.0</ele>
        <time>2026-08-26T16:23:27+02:00</time>
      </trkpt>
      <trkpt lon="16.48631" lat="43.533193">
        <ele>49.0</ele>
        <time>2026-08-26T16:23:28+02:00</time>
      </trkpt>
      <trkpt lon="16.486373" lat="43.533123">
        <ele>50.0</ele>
        <time>2026-08-26T16:23:29+02:00</time>
      </trkpt>
      <trkpt lon="16.486452" lat="43.533054">
        <ele>50.0</ele>
        <time>2026-08-26T16:23:30+02:00</time>
      </trkpt>
      <trkpt lon="16.486538" lat="43.532988">
        <ele>51.0</ele>
        <time>2026-08-26T16:23:31+02:00</time>
      </trkpt>
      <trkpt lon="16.486621" lat="43.532913">
        <ele>51.0</ele>
        <time>2026-08-26T16:23:32+02:00</time>
      </trkpt>
      <trkpt lon="16.486688" lat="43.532831">
        <ele>51.0</ele>
        <time>2026-08-26T16:23:33+02:00</time>
      </trkpt>
      <trkpt lon="16.48674" lat="43.532741">
        <ele>52.0</ele>
        <time>2026-08-26T16:23:34+02:00</time>
      </trkpt>
      <trkpt lon="16.486755" lat="43.532666">
        <ele>52.0</ele>
        <time>2026-08-26T16:23:35+02:00</time>
      </trkpt>
      <trkpt lon="16.486738" lat="43.53259">
        <ele>52.0</ele>
        <time>2026-08-26T16:23:36+02:00</time>
      </trkpt>
      <trkpt lon="16.4867" lat="43.532501">
        <ele>53.0</ele>
        <time>2026-08-26T16:23:37+02:00</time>
      </trkpt>
      <trkpt lon="16.486641" lat="43.532417">
        <ele>53.0</ele>
        <time>2026-08-26T16:23:38+02:00</time>
      </trkpt>
      <trkpt lon="16.486565" lat="43.532327">
        <ele>53.0</ele>
        <time>2026-08-26T16:23:39+02:00</time>
      </trkpt>
      <trkpt lon="16.486479" lat="43.532239">
        <ele>53.0</ele>
        <time>2026-08-26T16:23:40+02:00</time>
      </trkpt>
      <trkpt lon="16.486381" lat="43.532158">
        <ele>53.0</ele>
        <time>2026-08-26T16:23:41+02:00</time>
      </trkpt>
      <trkpt lon="16.486227" lat="43.532015">
        <ele>55.0</ele>
        <time>2026-08-26T16:23:43+02:00</time>
      </trkpt>
      <trkpt lon="16.486147" lat="43.531938">
        <ele>55.0</ele>
        <time>2026-08-26T16:23:44+02:00</time>
      </trkpt>
      <trkpt lon="16.486062" lat="43.531858">
        <ele>56.0</ele>
        <time>2026-08-26T16:23:45+02:00</time>
      </trkpt>
      <trkpt lon="16.485929" lat="43.531734">
        <ele>56.0</ele>
        <time>2026-08-26T16:23:47+02:00</time>
      </trkpt>
      <trkpt lon="16.485871" lat="43.531681">
        <ele>57.0</ele>
        <time>2026-08-26T16:23:48+02:00</time>
      </trkpt>
      <trkpt lon="16.485804" lat="43.531623">
        <ele>56.0</ele>
        <time>2026-08-26T16:23:49+02:00</time>
      </trkpt>
      <trkpt lon="16.485732" lat="43.531557">
        <ele>57.0</ele>
        <time>2026-08-26T16:23:50+02:00</time>
      </trkpt>
      <trkpt lon="16.485649" lat="43.531474">
        <ele>57.0</ele>
        <time>2026-08-26T16:23:51+02:00</time>
      </trkpt>
      <trkpt lon="16.485579" lat="43.531394">
        <ele>57.0</ele>
        <time>2026-08-26T16:23:52+02:00</time>
      </trkpt>
      <trkpt lon="16.485499" lat="43.531309">
        <ele>59.0</ele>
        <time>2026-08-26T16:23:53+02:00</time>
      </trkpt>
      <trkpt lon="16.485365" lat="43.531168">
        <ele>57.0</ele>
        <time>2026-08-26T16:23:55+02:00</time>
      </trkpt>
      <trkpt lon="16.485328" lat="43.531119">
        <ele>58.0</ele>
        <time>2026-08-26T16:23:56+02:00</time>
      </trkpt>
      <trkpt lon="16.485279" lat="43.53106">
        <ele>58.0</ele>
        <time>2026-08-26T16:23:57+02:00</time>
      </trkpt>
      <trkpt lon="16.485226" lat="43.531004">
        <ele>58.0</ele>
        <time>2026-08-26T16:23:58+02:00</time>
      </trkpt>
      <trkpt lon="16.485178" lat="43.530956">
        <ele>58.0</ele>
        <time>2026-08-26T16:23:59+02:00</time>
      </trkpt>
      <trkpt lon="16.485134" lat="43.53091">
        <ele>58.0</ele>
        <time>2026-08-26T16:24:00+02:00</time>
      </trkpt>
      <trkpt lon="16.485065" lat="43.530846">
        <ele>58.0</ele>
        <time>2026-08-26T16:24:02+02:00</time>
      </trkpt>
      <trkpt lon="16.485016" lat="43.530801">
        <ele>58.0</ele>
        <time>2026-08-26T16:24:04+02:00</time>
      </trkpt>
      <trkpt lon="16.485" lat="43.530784">
        <ele>57.0</ele>
        <time>2026-08-26T16:24:06+02:00</time>
      </trkpt>
      <trkpt lon="16.485014" lat="43.530786">
        <ele>56.0</ele>
        <time>2026-08-26T16:24:15+02:00</time>
      </trkpt>
      <trkpt lon="16.484972" lat="43.530749">
        <ele>56.0</ele>
        <time>2026-08-26T16:24:28+02:00</time>
      </trkpt>
      <trkpt lon="16.484943" lat="43.530712">
        <ele>56.0</ele>
        <time>2026-08-26T16:24:31+02:00</time>
      </trkpt>
      <trkpt lon="16.484967" lat="43.530638">
        <ele>56.0</ele>
        <time>2026-08-26T16:24:36+02:00</time>
      </trkpt>
      <trkpt lon="16.485034" lat="43.530588">
        <ele>56.0</ele>
        <time>2026-08-26T16:24:37+02:00</time>
      </trkpt>
      <trkpt lon="16.485151" lat="43.530539">
        <ele>56.0</ele>
        <time>2026-08-26T16:24:38+02:00</time>
      </trkpt>
      <trkpt lon="16.48529" lat="43.530511">
        <ele>56.0</ele>
        <time>2026-08-26T16:24:39+02:00</time>
      </trkpt>
      <trkpt lon="16.485428" lat="43.530504">
        <ele>56.0</ele>
        <time>2026-08-26T16:24:40+02:00</time>
      </trkpt>
      <trkpt lon="16.48558" lat="43.530498">
        <ele>56.0</ele>
        <time>2026-08-26T16:24:41+02:00</time>
      </trkpt>
      <trkpt lon="16.485712" lat="43.530496">
        <ele>57.0</ele>
        <time>2026-08-26T16:24:42+02:00</time>
      </trkpt>
      <trkpt lon="16.485924" lat="43.530493">
        <ele>57.0</ele>
        <time>2026-08-26T16:24:44+02:00</time>
      </trkpt>
      <trkpt lon="16.486036" lat="43.530488">
        <ele>57.0</ele>
        <time>2026-08-26T16:24:45+02:00</time>
      </trkpt>
      <trkpt lon="16.486145" lat="43.530487">
        <ele>56.0</ele>
        <time>2026-08-26T16:24:46+02:00</time>
      </trkpt>
      <trkpt lon="16.486245" lat="43.530491">
        <ele>57.0</ele>
        <time>2026-08-26T16:24:47+02:00</time>
      </trkpt>
      <trkpt lon="16.48633" lat="43.530494">
        <ele>58.0</ele>
        <time>2026-08-26T16:24:48+02:00</time>
      </trkpt>
      <trkpt lon="16.48642" lat="43.530494">
        <ele>58.0</ele>
        <time>2026-08-26T16:24:49+02:00</time>
      </trkpt>
      <trkpt lon="16.486544" lat="43.530503">
        <ele>56.0</ele>
        <time>2026-08-26T16:24:50+02:00</time>
      </trkpt>
      <trkpt lon="16.486692" lat="43.530518">
        <ele>56.0</ele>
        <time>2026-08-26T16:24:51+02:00</time>
      </trkpt>
      <trkpt lon="16.486888" lat="43.530539">
        <ele>56.0</ele>
        <time>2026-08-26T16:24:52+02:00</time>
      </trkpt>
      <trkpt lon="16.487082" lat="43.53056">
        <ele>57.0</ele>
        <time>2026-08-26T16:24:53+02:00</time>
      </trkpt>
      <trkpt lon="16.48728" lat="43.530576">
        <ele>57.0</ele>
        <time>2026-08-26T16:24:54+02:00</time>
      </trkpt>
      <trkpt lon="16.487489" lat="43.530593">
        <ele>58.0</ele>
        <time>2026-08-26T16:24:55+02:00</time>
      </trkpt>
      <trkpt lon="16.487698" lat="43.530614">
        <ele>58.0</ele>
        <time>2026-08-26T16:24:56+02:00</time>
      </trkpt>
      <trkpt lon="16.487904" lat="43.530632">
        <ele>61.0</ele>
        <time>2026-08-26T16:24:57+02:00</time>
      </trkpt>
      <trkpt lon="16.488099" lat="43.530647">
        <ele>62.0</ele>
        <time>2026-08-26T16:24:58+02:00</time>
      </trkpt>
      <trkpt lon="16.488291" lat="43.530654">
        <ele>65.0</ele>
        <time>2026-08-26T16:24:59+02:00</time>
      </trkpt>
      <trkpt lon="16.488466" lat="43.530658">
        <ele>66.0</ele>
        <time>2026-08-26T16:25:00+02:00</time>
      </trkpt>
      <trkpt lon="16.488667" lat="43.530664">
        <ele>67.0</ele>
        <time>2026-08-26T16:25:01+02:00</time>
      </trkpt>
      <trkpt lon="16.488816" lat="43.530663">
        <ele>68.0</ele>
        <time>2026-08-26T16:25:02+02:00</time>
      </trkpt>
      <trkpt lon="16.488994" lat="43.530663">
        <ele>69.0</ele>
        <time>2026-08-26T16:25:03+02:00</time>
      </trkpt>
      <trkpt lon="16.489163" lat="43.53066">
        <ele>70.0</ele>
        <time>2026-08-26T16:25:04+02:00</time>
      </trkpt>
      <trkpt lon="16.489321" lat="43.530657">
        <ele>71.0</ele>
        <time>2026-08-26T16:25:05+02:00</time>
      </trkpt>
      <trkpt lon="16.489464" lat="43.530653">
        <ele>71.0</ele>
        <time>2026-08-26T16:25:06+02:00</time>
      </trkpt>
      <trkpt lon="16.48962" lat="43.53065">
        <ele>71.0</ele>
        <time>2026-08-26T16:25:07+02:00</time>
      </trkpt>
      <trkpt lon="16.489747" lat="43.530649">
        <ele>71.0</ele>
        <time>2026-08-26T16:25:08+02:00</time>
      </trkpt>
      <trkpt lon="16.489878" lat="43.530644">
        <ele>71.0</ele>
        <time>2026-08-26T16:25:09+02:00</time>
      </trkpt>
      <trkpt lon="16.490011" lat="43.530636">
        <ele>71.0</ele>
        <time>2026-08-26T16:25:10+02:00</time>
      </trkpt>
      <trkpt lon="16.49024" lat="43.530627">
        <ele>71.0</ele>
        <time>2026-08-26T16:25:12+02:00</time>
      </trkpt>
      <trkpt lon="16.49034" lat="43.530623">
        <ele>71.0</ele>
        <time>2026-08-26T16:25:13+02:00</time>
      </trkpt>
      <trkpt lon="16.490436" lat="43.530624">
        <ele>70.0</ele>
        <time>2026-08-26T16:25:14+02:00</time>
      </trkpt>
      <trkpt lon="16.490532" lat="43.530626">
        <ele>69.0</ele>
        <time>2026-08-26T16:25:15+02:00</time>
      </trkpt>
      <trkpt lon="16.490647" lat="43.530626">
        <ele>69.0</ele>
        <time>2026-08-26T16:25:16+02:00</time>
      </trkpt>
      <trkpt lon="16.490758" lat="43.530629">
        <ele>69.0</ele>
        <time>2026-08-26T16:25:17+02:00</time>
      </trkpt>
      <trkpt lon="16.490851" lat="43.530631">
        <ele>69.0</ele>
        <time>2026-08-26T16:25:18+02:00</time>
      </trkpt>
      <trkpt lon="16.490951" lat="43.530635">
        <ele>69.0</ele>
        <time>2026-08-26T16:25:19+02:00</time>
      </trkpt>
      <trkpt lon="16.49106" lat="43.530642">
        <ele>68.0</ele>
        <time>2026-08-26T16:25:20+02:00</time>
      </trkpt>
      <trkpt lon="16.491171" lat="43.530647">
        <ele>67.0</ele>
        <time>2026-08-26T16:25:21+02:00</time>
      </trkpt>
      <trkpt lon="16.491285" lat="43.53065">
        <ele>67.0</ele>
        <time>2026-08-26T16:25:22+02:00</time>
      </trkpt>
      <trkpt lon="16.4914" lat="43.530654">
        <ele>68.0</ele>
        <time>2026-08-26T16:25:23+02:00</time>
      </trkpt>
      <trkpt lon="16.491509" lat="43.53066">
        <ele>68.0</ele>
        <time>2026-08-26T16:25:24+02:00</time>
      </trkpt>
      <trkpt lon="16.491625" lat="43.530666">
        <ele>68.0</ele>
        <time>2026-08-26T16:25:25+02:00</time>
      </trkpt>
      <trkpt lon="16.49173" lat="43.53067">
        <ele>68.0</ele>
        <time>2026-08-26T16:25:26+02:00</time>
      </trkpt>
      <trkpt lon="16.491813" lat="43.53067">
        <ele>70.0</ele>
        <time>2026-08-26T16:25:27+02:00</time>
      </trkpt>
      <trkpt lon="16.491884" lat="43.530672">
        <ele>69.0</ele>
        <time>2026-08-26T16:25:28+02:00</time>
      </trkpt>
      <trkpt lon="16.491993" lat="43.530672">
        <ele>70.0</ele>
        <time>2026-08-26T16:25:30+02:00</time>
      </trkpt>
      <trkpt lon="16.492061" lat="43.530674">
        <ele>70.0</ele>
        <time>2026-08-26T16:25:32+02:00</time>
      </trkpt>
      <trkpt lon="16.492084" lat="43.530674">
        <ele>70.0</ele>
        <time>2026-08-26T16:25:34+02:00</time>
      </trkpt>
      <trkpt lon="16.492156" lat="43.530675">
        <ele>71.0</ele>
        <time>2026-08-26T16:25:50+02:00</time>
      </trkpt>
      <trkpt lon="16.492252" lat="43.530676">
        <ele>70.0</ele>
        <time>2026-08-26T16:25:51+02:00</time>
      </trkpt>
      <trkpt lon="16.492359" lat="43.530677">
        <ele>70.0</ele>
        <time>2026-08-26T16:25:52+02:00</time>
      </trkpt>
      <trkpt lon="16.492453" lat="43.530681">
        <ele>70.0</ele>
        <time>2026-08-26T16:25:53+02:00</time>
      </trkpt>
      <trkpt lon="16.492551" lat="43.530689">
        <ele>70.0</ele>
        <time>2026-08-26T16:25:54+02:00</time>
      </trkpt>
      <trkpt lon="16.492663" lat="43.530693">
        <ele>70.0</ele>
        <time>2026-08-26T16:25:55+02:00</time>
      </trkpt>
      <trkpt lon="16.4928" lat="43.530695">
        <ele>70.0</ele>
        <time>2026-08-26T16:25:56+02:00</time>
      </trkpt>
      <trkpt lon="16.492902" lat="43.530695">
        <ele>70.0</ele>
        <time>2026-08-26T16:25:57+02:00</time>
      </trkpt>
      <trkpt lon="16.493021" lat="43.530698">
        <ele>70.0</ele>
        <time>2026-08-26T16:25:58+02:00</time>
      </trkpt>
      <trkpt lon="16.493134" lat="43.530701">
        <ele>70.0</ele>
        <time>2026-08-26T16:25:59+02:00</time>
      </trkpt>
      <trkpt lon="16.493263" lat="43.530706">
        <ele>72.0</ele>
        <time>2026-08-26T16:26:00+02:00</time>
      </trkpt>
      <trkpt lon="16.493516" lat="43.530717">
        <ele>72.0</ele>
        <time>2026-08-26T16:26:02+02:00</time>
      </trkpt>
      <trkpt lon="16.493758" lat="43.530722">
        <ele>73.0</ele>
        <time>2026-08-26T16:26:04+02:00</time>
      </trkpt>
      <trkpt lon="16.493978" lat="43.530734">
        <ele>73.0</ele>
        <time>2026-08-26T16:26:06+02:00</time>
      </trkpt>
      <trkpt lon="16.494061" lat="43.530741">
        <ele>74.0</ele>
        <time>2026-08-26T16:26:07+02:00</time>
      </trkpt>
      <trkpt lon="16.494132" lat="43.530747">
        <ele>74.0</ele>
        <time>2026-08-26T16:26:08+02:00</time>
      </trkpt>
      <trkpt lon="16.494195" lat="43.53075">
        <ele>74.0</ele>
        <time>2026-08-26T16:26:09+02:00</time>
      </trkpt>
      <trkpt lon="16.494277" lat="43.530752">
        <ele>74.0</ele>
        <time>2026-08-26T16:26:10+02:00</time>
      </trkpt>
      <trkpt lon="16.49437" lat="43.530756">
        <ele>74.0</ele>
        <time>2026-08-26T16:26:11+02:00</time>
      </trkpt>
      <trkpt lon="16.494477" lat="43.530761">
        <ele>74.0</ele>
        <time>2026-08-26T16:26:12+02:00</time>
      </trkpt>
      <trkpt lon="16.494591" lat="43.530766">
        <ele>74.0</ele>
        <time>2026-08-26T16:26:13+02:00</time>
      </trkpt>
      <trkpt lon="16.494706" lat="43.530772">
        <ele>74.0</ele>
        <time>2026-08-26T16:26:14+02:00</time>
      </trkpt>
      <trkpt lon="16.494822" lat="43.530775">
        <ele>74.0</ele>
        <time>2026-08-26T16:26:15+02:00</time>
      </trkpt>
      <trkpt lon="16.494933" lat="43.530774">
        <ele>75.0</ele>
        <time>2026-08-26T16:26:16+02:00</time>
      </trkpt>
      <trkpt lon="16.495054" lat="43.530779">
        <ele>75.0</ele>
        <time>2026-08-26T16:26:17+02:00</time>
      </trkpt>
      <trkpt lon="16.495174" lat="43.53078">
        <ele>74.0</ele>
        <time>2026-08-26T16:26:18+02:00</time>
      </trkpt>
      <trkpt lon="16.495273" lat="43.53078">
        <ele>75.0</ele>
        <time>2026-08-26T16:26:19+02:00</time>
      </trkpt>
      <trkpt lon="16.495364" lat="43.530781">
        <ele>75.0</ele>
        <time>2026-08-26T16:26:20+02:00</time>
      </trkpt>
      <trkpt lon="16.495441" lat="43.53078">
        <ele>75.0</ele>
        <time>2026-08-26T16:26:21+02:00</time>
      </trkpt>
      <trkpt lon="16.495516" lat="43.53078">
        <ele>75.0</ele>
        <time>2026-08-26T16:26:22+02:00</time>
      </trkpt>
      <trkpt lon="16.4956" lat="43.530784">
        <ele>75.0</ele>
        <time>2026-08-26T16:26:23+02:00</time>
      </trkpt>
      <trkpt lon="16.495674" lat="43.530788">
        <ele>75.0</ele>
        <time>2026-08-26T16:26:24+02:00</time>
      </trkpt>
      <trkpt lon="16.495754" lat="43.530793">
        <ele>75.0</ele>
        <time>2026-08-26T16:26:25+02:00</time>
      </trkpt>
      <trkpt lon="16.495838" lat="43.530792">
        <ele>75.0</ele>
        <time>2026-08-26T16:26:26+02:00</time>
      </trkpt>
      <trkpt lon="16.495919" lat="43.530786">
        <ele>75.0</ele>
        <time>2026-08-26T16:26:27+02:00</time>
      </trkpt>
      <trkpt lon="16.496" lat="43.530781">
        <ele>75.0</ele>
        <time>2026-08-26T16:26:28+02:00</time>
      </trkpt>
      <trkpt lon="16.496086" lat="43.530776">
        <ele>76.0</ele>
        <time>2026-08-26T16:26:29+02:00</time>
      </trkpt>
      <trkpt lon="16.496177" lat="43.530773">
        <ele>76.0</ele>
        <time>2026-08-26T16:26:30+02:00</time>
      </trkpt>
      <trkpt lon="16.496282" lat="43.530768">
        <ele>76.0</ele>
        <time>2026-08-26T16:26:31+02:00</time>
      </trkpt>
      <trkpt lon="16.496405" lat="43.530762">
        <ele>76.0</ele>
        <time>2026-08-26T16:26:32+02:00</time>
      </trkpt>
      <trkpt lon="16.496518" lat="43.530757">
        <ele>76.0</ele>
        <time>2026-08-26T16:26:33+02:00</time>
      </trkpt>
      <trkpt lon="16.496608" lat="43.530748">
        <ele>76.0</ele>
        <time>2026-08-26T16:26:34+02:00</time>
      </trkpt>
      <trkpt lon="16.496695" lat="43.530738">
        <ele>77.0</ele>
        <time>2026-08-26T16:26:35+02:00</time>
      </trkpt>
      <trkpt lon="16.49676" lat="43.530728">
        <ele>77.0</ele>
        <time>2026-08-26T16:26:36+02:00</time>
      </trkpt>
      <trkpt lon="16.49683" lat="43.530715">
        <ele>76.0</ele>
        <time>2026-08-26T16:26:37+02:00</time>
      </trkpt>
      <trkpt lon="16.496902" lat="43.5307">
        <ele>76.0</ele>
        <time>2026-08-26T16:26:38+02:00</time>
      </trkpt>
      <trkpt lon="16.496976" lat="43.530693">
        <ele>76.0</ele>
        <time>2026-08-26T16:26:39+02:00</time>
      </trkpt>
      <trkpt lon="16.497041" lat="43.530691">
        <ele>77.0</ele>
        <time>2026-08-26T16:26:40+02:00</time>
      </trkpt>
      <trkpt lon="16.497112" lat="43.530687">
        <ele>77.0</ele>
        <time>2026-08-26T16:26:41+02:00</time>
      </trkpt>
      <trkpt lon="16.497179" lat="43.53068">
        <ele>76.0</ele>
        <time>2026-08-26T16:26:42+02:00</time>
      </trkpt>
      <trkpt lon="16.497241" lat="43.530673">
        <ele>76.0</ele>
        <time>2026-08-26T16:26:43+02:00</time>
      </trkpt>
      <trkpt lon="16.497302" lat="43.530664">
        <ele>76.0</ele>
        <time>2026-08-26T16:26:44+02:00</time>
      </trkpt>
      <trkpt lon="16.497392" lat="43.530652">
        <ele>77.0</ele>
        <time>2026-08-26T16:26:46+02:00</time>
      </trkpt>
      <trkpt lon="16.49747" lat="43.530643">
        <ele>76.0</ele>
        <time>2026-08-26T16:26:49+02:00</time>
      </trkpt>
      <trkpt lon="16.497532" lat="43.530631">
        <ele>76.0</ele>
        <time>2026-08-26T16:26:51+02:00</time>
      </trkpt>
      <trkpt lon="16.497618" lat="43.530617">
        <ele>76.0</ele>
        <time>2026-08-26T16:26:53+02:00</time>
      </trkpt>
      <trkpt lon="16.497693" lat="43.530602">
        <ele>76.0</ele>
        <time>2026-08-26T16:26:55+02:00</time>
      </trkpt>
      <trkpt lon="16.497797" lat="43.530588">
        <ele>76.0</ele>
        <time>2026-08-26T16:26:57+02:00</time>
      </trkpt>
      <trkpt lon="16.497911" lat="43.530575">
        <ele>77.0</ele>
        <time>2026-08-26T16:26:59+02:00</time>
      </trkpt>
      <trkpt lon="16.497977" lat="43.530571">
        <ele>77.0</ele>
        <time>2026-08-26T16:27:00+02:00</time>
      </trkpt>
      <trkpt lon="16.498093" lat="43.530561">
        <ele>77.0</ele>
        <time>2026-08-26T16:27:02+02:00</time>
      </trkpt>
      <trkpt lon="16.498165" lat="43.530554">
        <ele>77.0</ele>
        <time>2026-08-26T16:27:03+02:00</time>
      </trkpt>
      <trkpt lon="16.498251" lat="43.530542">
        <ele>78.0</ele>
        <time>2026-08-26T16:27:04+02:00</time>
      </trkpt>
      <trkpt lon="16.49832" lat="43.530537">
        <ele>78.0</ele>
        <time>2026-08-26T16:27:05+02:00</time>
      </trkpt>
      <trkpt lon="16.498393" lat="43.530529">
        <ele>78.0</ele>
        <time>2026-08-26T16:27:06+02:00</time>
      </trkpt>
      <trkpt lon="16.498461" lat="43.530519">
        <ele>78.0</ele>
        <time>2026-08-26T16:27:07+02:00</time>
      </trkpt>
      <trkpt lon="16.498552" lat="43.530515">
        <ele>78.0</ele>
        <time>2026-08-26T16:27:08+02:00</time>
      </trkpt>
      <trkpt lon="16.498641" lat="43.530512">
        <ele>78.0</ele>
        <time>2026-08-26T16:27:09+02:00</time>
      </trkpt>
      <trkpt lon="16.49873" lat="43.530513">
        <ele>79.0</ele>
        <time>2026-08-26T16:27:10+02:00</time>
      </trkpt>
      <trkpt lon="16.498832" lat="43.530519">
        <ele>79.0</ele>
        <time>2026-08-26T16:27:11+02:00</time>
      </trkpt>
      <trkpt lon="16.49891" lat="43.530527">
        <ele>78.0</ele>
        <time>2026-08-26T16:27:12+02:00</time>
      </trkpt>
      <trkpt lon="16.498985" lat="43.530539">
        <ele>79.0</ele>
        <time>2026-08-26T16:27:13+02:00</time>
      </trkpt>
      <trkpt lon="16.499058" lat="43.530553">
        <ele>78.0</ele>
        <time>2026-08-26T16:27:14+02:00</time>
      </trkpt>
      <trkpt lon="16.499122" lat="43.530564">
        <ele>78.0</ele>
        <time>2026-08-26T16:27:15+02:00</time>
      </trkpt>
      <trkpt lon="16.499231" lat="43.530584">
        <ele>78.0</ele>
        <time>2026-08-26T16:27:17+02:00</time>
      </trkpt>
      <trkpt lon="16.499306" lat="43.530599">
        <ele>79.0</ele>
        <time>2026-08-26T16:27:19+02:00</time>
      </trkpt>
      <trkpt lon="16.499368" lat="43.530609">
        <ele>78.0</ele>
        <time>2026-08-26T16:27:21+02:00</time>
      </trkpt>
      <trkpt lon="16.49944" lat="43.530624">
        <ele>78.0</ele>
        <time>2026-08-26T16:27:24+02:00</time>
      </trkpt>
      <trkpt lon="16.499546" lat="43.530651">
        <ele>78.0</ele>
        <time>2026-08-26T16:27:26+02:00</time>
      </trkpt>
      <trkpt lon="16.499627" lat="43.53067">
        <ele>79.0</ele>
        <time>2026-08-26T16:27:27+02:00</time>
      </trkpt>
      <trkpt lon="16.499689" lat="43.530687">
        <ele>79.0</ele>
        <time>2026-08-26T16:27:28+02:00</time>
      </trkpt>
      <trkpt lon="16.499814" lat="43.530721">
        <ele>79.0</ele>
        <time>2026-08-26T16:27:30+02:00</time>
      </trkpt>
      <trkpt lon="16.499881" lat="43.530738">
        <ele>79.0</ele>
        <time>2026-08-26T16:27:31+02:00</time>
      </trkpt>
      <trkpt lon="16.500002" lat="43.530768">
        <ele>80.0</ele>
        <time>2026-08-26T16:27:33+02:00</time>
      </trkpt>
      <trkpt lon="16.50008" lat="43.530788">
        <ele>80.0</ele>
        <time>2026-08-26T16:27:34+02:00</time>
      </trkpt>
      <trkpt lon="16.500151" lat="43.530804">
        <ele>81.0</ele>
        <time>2026-08-26T16:27:35+02:00</time>
      </trkpt>
      <trkpt lon="16.500236" lat="43.530826">
        <ele>80.0</ele>
        <time>2026-08-26T16:27:36+02:00</time>
      </trkpt>
      <trkpt lon="16.500327" lat="43.530848">
        <ele>81.0</ele>
        <time>2026-08-26T16:27:37+02:00</time>
      </trkpt>
      <trkpt lon="16.500449" lat="43.53088">
        <ele>81.0</ele>
        <time>2026-08-26T16:27:38+02:00</time>
      </trkpt>
      <trkpt lon="16.500568" lat="43.530905">
        <ele>81.0</ele>
        <time>2026-08-26T16:27:39+02:00</time>
      </trkpt>
      <trkpt lon="16.500692" lat="43.530936">
        <ele>82.0</ele>
        <time>2026-08-26T16:27:40+02:00</time>
      </trkpt>
      <trkpt lon="16.500824" lat="43.530967">
        <ele>82.0</ele>
        <time>2026-08-26T16:27:41+02:00</time>
      </trkpt>
      <trkpt lon="16.500957" lat="43.530993">
        <ele>82.0</ele>
        <time>2026-08-26T16:27:42+02:00</time>
      </trkpt>
      <trkpt lon="16.5011" lat="43.53101">
        <ele>83.0</ele>
        <time>2026-08-26T16:27:43+02:00</time>
      </trkpt>
      <trkpt lon="16.501247" lat="43.53103">
        <ele>83.0</ele>
        <time>2026-08-26T16:27:44+02:00</time>
      </trkpt>
      <trkpt lon="16.501373" lat="43.531046">
        <ele>84.0</ele>
        <time>2026-08-26T16:27:45+02:00</time>
      </trkpt>
      <trkpt lon="16.501531" lat="43.531063">
        <ele>84.0</ele>
        <time>2026-08-26T16:27:46+02:00</time>
      </trkpt>
      <trkpt lon="16.501662" lat="43.531081">
        <ele>84.0</ele>
        <time>2026-08-26T16:27:47+02:00</time>
      </trkpt>
      <trkpt lon="16.501811" lat="43.531096">
        <ele>85.0</ele>
        <time>2026-08-26T16:27:48+02:00</time>
      </trkpt>
      <trkpt lon="16.501963" lat="43.531114">
        <ele>86.0</ele>
        <time>2026-08-26T16:27:49+02:00</time>
      </trkpt>
      <trkpt lon="16.502108" lat="43.531135">
        <ele>86.0</ele>
        <time>2026-08-26T16:27:50+02:00</time>
      </trkpt>
      <trkpt lon="16.502266" lat="43.531159">
        <ele>86.0</ele>
        <time>2026-08-26T16:27:51+02:00</time>
      </trkpt>
      <trkpt lon="16.502424" lat="43.531185">
        <ele>88.0</ele>
        <time>2026-08-26T16:27:52+02:00</time>
      </trkpt>
      <trkpt lon="16.502569" lat="43.531212">
        <ele>87.0</ele>
        <time>2026-08-26T16:27:53+02:00</time>
      </trkpt>
      <trkpt lon="16.502743" lat="43.531243">
        <ele>88.0</ele>
        <time>2026-08-26T16:27:54+02:00</time>
      </trkpt>
      <trkpt lon="16.502895" lat="43.531272">
        <ele>88.0</ele>
        <time>2026-08-26T16:27:55+02:00</time>
      </trkpt>
      <trkpt lon="16.503071" lat="43.531309">
        <ele>90.0</ele>
        <time>2026-08-26T16:27:56+02:00</time>
      </trkpt>
      <trkpt lon="16.503232" lat="43.531344">
        <ele>90.0</ele>
        <time>2026-08-26T16:27:57+02:00</time>
      </trkpt>
      <trkpt lon="16.503398" lat="43.531381">
        <ele>90.0</ele>
        <time>2026-08-26T16:27:58+02:00</time>
      </trkpt>
      <trkpt lon="16.503589" lat="43.531429">
        <ele>91.0</ele>
        <time>2026-08-26T16:27:59+02:00</time>
      </trkpt>
      <trkpt lon="16.503758" lat="43.531474">
        <ele>91.0</ele>
        <time>2026-08-26T16:28:00+02:00</time>
      </trkpt>
      <trkpt lon="16.503917" lat="43.531519">
        <ele>92.0</ele>
        <time>2026-08-26T16:28:01+02:00</time>
      </trkpt>
      <trkpt lon="16.504069" lat="43.53156">
        <ele>93.0</ele>
        <time>2026-08-26T16:28:02+02:00</time>
      </trkpt>
      <trkpt lon="16.50419" lat="43.531589">
        <ele>93.0</ele>
        <time>2026-08-26T16:28:03+02:00</time>
      </trkpt>
      <trkpt lon="16.504332" lat="43.531623">
        <ele>94.0</ele>
        <time>2026-08-26T16:28:04+02:00</time>
      </trkpt>
      <trkpt lon="16.504474" lat="43.531652">
        <ele>93.0</ele>
        <time>2026-08-26T16:28:05+02:00</time>
      </trkpt>
      <trkpt lon="16.504619" lat="43.531681">
        <ele>94.0</ele>
        <time>2026-08-26T16:28:06+02:00</time>
      </trkpt>
      <trkpt lon="16.504764" lat="43.531705">
        <ele>94.0</ele>
        <time>2026-08-26T16:28:07+02:00</time>
      </trkpt>
      <trkpt lon="16.504903" lat="43.531724">
        <ele>96.0</ele>
        <time>2026-08-26T16:28:08+02:00</time>
      </trkpt>
      <trkpt lon="16.505057" lat="43.531741">
        <ele>96.0</ele>
        <time>2026-08-26T16:28:09+02:00</time>
      </trkpt>
      <trkpt lon="16.505212" lat="43.53176">
        <ele>97.0</ele>
        <time>2026-08-26T16:28:10+02:00</time>
      </trkpt>
      <trkpt lon="16.505351" lat="43.531778">
        <ele>97.0</ele>
        <time>2026-08-26T16:28:11+02:00</time>
      </trkpt>
      <trkpt lon="16.505512" lat="43.531801">
        <ele>98.0</ele>
        <time>2026-08-26T16:28:12+02:00</time>
      </trkpt>
      <trkpt lon="16.50568" lat="43.531826">
        <ele>99.0</ele>
        <time>2026-08-26T16:28:14+02:00</time>
      </trkpt>
      <trkpt lon="16.505801" lat="43.531839">
        <ele>100.0</ele>
        <time>2026-08-26T16:28:16+02:00</time>
      </trkpt>
      <trkpt lon="16.505948" lat="43.531842">
        <ele>100.0</ele>
        <time>2026-08-26T16:28:18+02:00</time>
      </trkpt>
      <trkpt lon="16.506072" lat="43.531865">
        <ele>100.0</ele>
        <time>2026-08-26T16:28:19+02:00</time>
      </trkpt>
      <trkpt lon="16.506224" lat="43.531893">
        <ele>100.0</ele>
        <time>2026-08-26T16:28:20+02:00</time>
      </trkpt>
      <trkpt lon="16.506396" lat="43.531923">
        <ele>101.0</ele>
        <time>2026-08-26T16:28:21+02:00</time>
      </trkpt>
      <trkpt lon="16.506587" lat="43.531952">
        <ele>101.0</ele>
        <time>2026-08-26T16:28:22+02:00</time>
      </trkpt>
      <trkpt lon="16.506772" lat="43.531984">
        <ele>101.0</ele>
        <time>2026-08-26T16:28:23+02:00</time>
      </trkpt>
      <trkpt lon="16.506963" lat="43.53203">
        <ele>102.0</ele>
        <time>2026-08-26T16:28:24+02:00</time>
      </trkpt>
      <trkpt lon="16.507133" lat="43.532086">
        <ele>104.0</ele>
        <time>2026-08-26T16:28:25+02:00</time>
      </trkpt>
      <trkpt lon="16.50727" lat="43.532154">
        <ele>105.0</ele>
        <time>2026-08-26T16:28:26+02:00</time>
      </trkpt>
      <trkpt lon="16.507408" lat="43.532243">
        <ele>107.0</ele>
        <time>2026-08-26T16:28:27+02:00</time>
      </trkpt>
      <trkpt lon="16.507517" lat="43.532341">
        <ele>109.0</ele>
        <time>2026-08-26T16:28:28+02:00</time>
      </trkpt>
      <trkpt lon="16.507603" lat="43.532455">
        <ele>111.0</ele>
        <time>2026-08-26T16:28:29+02:00</time>
      </trkpt>
      <trkpt lon="16.507665" lat="43.532585">
        <ele>111.0</ele>
        <time>2026-08-26T16:28:30+02:00</time>
      </trkpt>
      <trkpt lon="16.507686" lat="43.532716">
        <ele>113.0</ele>
        <time>2026-08-26T16:28:31+02:00</time>
      </trkpt>
      <trkpt lon="16.507667" lat="43.532848">
        <ele>114.0</ele>
        <time>2026-08-26T16:28:32+02:00</time>
      </trkpt>
      <trkpt lon="16.50761" lat="43.532974">
        <ele>114.0</ele>
        <time>2026-08-26T16:28:33+02:00</time>
      </trkpt>
      <trkpt lon="16.507515" lat="43.533116">
        <ele>116.0</ele>
        <time>2026-08-26T16:28:34+02:00</time>
      </trkpt>
      <trkpt lon="16.507411" lat="43.533233">
        <ele>117.0</ele>
        <time>2026-08-26T16:28:35+02:00</time>
      </trkpt>
      <trkpt lon="16.507295" lat="43.533359">
        <ele>118.0</ele>
        <time>2026-08-26T16:28:36+02:00</time>
      </trkpt>
      <trkpt lon="16.507208" lat="43.533481">
        <ele>119.0</ele>
        <time>2026-08-26T16:28:37+02:00</time>
      </trkpt>
      <trkpt lon="16.507158" lat="43.533602">
        <ele>120.0</ele>
        <time>2026-08-26T16:28:38+02:00</time>
      </trkpt>
      <trkpt lon="16.507153" lat="43.533734">
        <ele>121.0</ele>
        <time>2026-08-26T16:28:39+02:00</time>
      </trkpt>
      <trkpt lon="16.507179" lat="43.53387">
        <ele>123.0</ele>
        <time>2026-08-26T16:28:40+02:00</time>
      </trkpt>
      <trkpt lon="16.507242" lat="43.534009">
        <ele>123.0</ele>
        <time>2026-08-26T16:28:41+02:00</time>
      </trkpt>
      <trkpt lon="16.507343" lat="43.534158">
        <ele>125.0</ele>
        <time>2026-08-26T16:28:42+02:00</time>
      </trkpt>
      <trkpt lon="16.507483" lat="43.534276">
        <ele>125.0</ele>
        <time>2026-08-26T16:28:43+02:00</time>
      </trkpt>
      <trkpt lon="16.507666" lat="43.534385">
        <ele>125.0</ele>
        <time>2026-08-26T16:28:44+02:00</time>
      </trkpt>
      <trkpt lon="16.50785" lat="43.534452">
        <ele>126.0</ele>
        <time>2026-08-26T16:28:45+02:00</time>
      </trkpt>
      <trkpt lon="16.508068" lat="43.534498">
        <ele>127.0</ele>
        <time>2026-08-26T16:28:46+02:00</time>
      </trkpt>
      <trkpt lon="16.508284" lat="43.534523">
        <ele>128.0</ele>
        <time>2026-08-26T16:28:47+02:00</time>
      </trkpt>
      <trkpt lon="16.508527" lat="43.534547">
        <ele>129.0</ele>
        <time>2026-08-26T16:28:48+02:00</time>
      </trkpt>
      <trkpt lon="16.508734" lat="43.534585">
        <ele>130.0</ele>
        <time>2026-08-26T16:28:49+02:00</time>
      </trkpt>
      <trkpt lon="16.508929" lat="43.534648">
        <ele>131.0</ele>
        <time>2026-08-26T16:28:50+02:00</time>
      </trkpt>
      <trkpt lon="16.509094" lat="43.534739">
        <ele>133.0</ele>
        <time>2026-08-26T16:28:51+02:00</time>
      </trkpt>
      <trkpt lon="16.509236" lat="43.534852">
        <ele>134.0</ele>
        <time>2026-08-26T16:28:52+02:00</time>
      </trkpt>
      <trkpt lon="16.509319" lat="43.534979">
        <ele>134.0</ele>
        <time>2026-08-26T16:28:53+02:00</time>
      </trkpt>
      <trkpt lon="16.509365" lat="43.535121">
        <ele>135.0</ele>
        <time>2026-08-26T16:28:54+02:00</time>
      </trkpt>
      <trkpt lon="16.509368" lat="43.535269">
        <ele>136.0</ele>
        <time>2026-08-26T16:28:55+02:00</time>
      </trkpt>
      <trkpt lon="16.509323" lat="43.535403">
        <ele>137.0</ele>
        <time>2026-08-26T16:28:56+02:00</time>
      </trkpt>
      <trkpt lon="16.509229" lat="43.535524">
        <ele>137.0</ele>
        <time>2026-08-26T16:28:57+02:00</time>
      </trkpt>
      <trkpt lon="16.50911" lat="43.535633">
        <ele>138.0</ele>
        <time>2026-08-26T16:28:58+02:00</time>
      </trkpt>
      <trkpt lon="16.508981" lat="43.535729">
        <ele>139.0</ele>
        <time>2026-08-26T16:28:59+02:00</time>
      </trkpt>
      <trkpt lon="16.508848" lat="43.535823">
        <ele>140.0</ele>
        <time>2026-08-26T16:29:00+02:00</time>
      </trkpt>
      <trkpt lon="16.50877" lat="43.535915">
        <ele>141.0</ele>
        <time>2026-08-26T16:29:01+02:00</time>
      </trkpt>
      <trkpt lon="16.508729" lat="43.536016">
        <ele>142.0</ele>
        <time>2026-08-26T16:29:02+02:00</time>
      </trkpt>
      <trkpt lon="16.508732" lat="43.536106">
        <ele>142.0</ele>
        <time>2026-08-26T16:29:03+02:00</time>
      </trkpt>
      <trkpt lon="16.508755" lat="43.53618">
        <ele>142.0</ele>
        <time>2026-08-26T16:29:04+02:00</time>
      </trkpt>
      <trkpt lon="16.508814" lat="43.536256">
        <ele>143.0</ele>
        <time>2026-08-26T16:29:05+02:00</time>
      </trkpt>
      <trkpt lon="16.508913" lat="43.536327">
        <ele>144.0</ele>
        <time>2026-08-26T16:29:06+02:00</time>
      </trkpt>
      <trkpt lon="16.509054" lat="43.536394">
        <ele>144.0</ele>
        <time>2026-08-26T16:29:07+02:00</time>
      </trkpt>
      <trkpt lon="16.509217" lat="43.536423">
        <ele>145.0</ele>
        <time>2026-08-26T16:29:08+02:00</time>
      </trkpt>
      <trkpt lon="16.509388" lat="43.53642">
        <ele>145.0</ele>
        <time>2026-08-26T16:29:09+02:00</time>
      </trkpt>
      <trkpt lon="16.509583" lat="43.536386">
        <ele>146.0</ele>
        <time>2026-08-26T16:29:10+02:00</time>
      </trkpt>
      <trkpt lon="16.509759" lat="43.536339">
        <ele>148.0</ele>
        <time>2026-08-26T16:29:11+02:00</time>
      </trkpt>
      <trkpt lon="16.509959" lat="43.536294">
        <ele>148.0</ele>
        <time>2026-08-26T16:29:12+02:00</time>
      </trkpt>
      <trkpt lon="16.510146" lat="43.53625">
        <ele>149.0</ele>
        <time>2026-08-26T16:29:13+02:00</time>
      </trkpt>
      <trkpt lon="16.510341" lat="43.536199">
        <ele>150.0</ele>
        <time>2026-08-26T16:29:14+02:00</time>
      </trkpt>
      <trkpt lon="16.51055" lat="43.536148">
        <ele>151.0</ele>
        <time>2026-08-26T16:29:15+02:00</time>
      </trkpt>
      <trkpt lon="16.510753" lat="43.536096">
        <ele>153.0</ele>
        <time>2026-08-26T16:29:16+02:00</time>
      </trkpt>
      <trkpt lon="16.510959" lat="43.536042">
        <ele>154.0</ele>
        <time>2026-08-26T16:29:17+02:00</time>
      </trkpt>
      <trkpt lon="16.511157" lat="43.535998">
        <ele>156.0</ele>
        <time>2026-08-26T16:29:18+02:00</time>
      </trkpt>
      <trkpt lon="16.511369" lat="43.535956">
        <ele>158.0</ele>
        <time>2026-08-26T16:29:19+02:00</time>
      </trkpt>
      <trkpt lon="16.511551" lat="43.535911">
        <ele>159.0</ele>
        <time>2026-08-26T16:29:20+02:00</time>
      </trkpt>
      <trkpt lon="16.511744" lat="43.535871">
        <ele>160.0</ele>
        <time>2026-08-26T16:29:21+02:00</time>
      </trkpt>
      <trkpt lon="16.511939" lat="43.535834">
        <ele>161.0</ele>
        <time>2026-08-26T16:29:22+02:00</time>
      </trkpt>
      <trkpt lon="16.51212" lat="43.535796">
        <ele>162.0</ele>
        <time>2026-08-26T16:29:23+02:00</time>
      </trkpt>
      <trkpt lon="16.512301" lat="43.535767">
        <ele>163.0</ele>
        <time>2026-08-26T16:29:24+02:00</time>
      </trkpt>
      <trkpt lon="16.512471" lat="43.535741">
        <ele>165.0</ele>
        <time>2026-08-26T16:29:25+02:00</time>
      </trkpt>
      <trkpt lon="16.512642" lat="43.535706">
        <ele>166.0</ele>
        <time>2026-08-26T16:29:26+02:00</time>
      </trkpt>
      <trkpt lon="16.512824" lat="43.535678">
        <ele>166.0</ele>
        <time>2026-08-26T16:29:27+02:00</time>
      </trkpt>
      <trkpt lon="16.512987" lat="43.535651">
        <ele>166.0</ele>
        <time>2026-08-26T16:29:28+02:00</time>
      </trkpt>
      <trkpt lon="16.513172" lat="43.535622">
        <ele>167.0</ele>
        <time>2026-08-26T16:29:29+02:00</time>
      </trkpt>
      <trkpt lon="16.51333" lat="43.535595">
        <ele>167.0</ele>
        <time>2026-08-26T16:29:30+02:00</time>
      </trkpt>
      <trkpt lon="16.513503" lat="43.535564">
        <ele>168.0</ele>
        <time>2026-08-26T16:29:31+02:00</time>
      </trkpt>
      <trkpt lon="16.513667" lat="43.535532">
        <ele>168.0</ele>
        <time>2026-08-26T16:29:32+02:00</time>
      </trkpt>
      <trkpt lon="16.513829" lat="43.535501">
        <ele>167.0</ele>
        <time>2026-08-26T16:29:33+02:00</time>
      </trkpt>
      <trkpt lon="16.513983" lat="43.535472">
        <ele>168.0</ele>
        <time>2026-08-26T16:29:34+02:00</time>
      </trkpt>
      <trkpt lon="16.514137" lat="43.535439">
        <ele>168.0</ele>
        <time>2026-08-26T16:29:35+02:00</time>
      </trkpt>
      <trkpt lon="16.514277" lat="43.535405">
        <ele>168.0</ele>
        <time>2026-08-26T16:29:36+02:00</time>
      </trkpt>
      <trkpt lon="16.514438" lat="43.535368">
        <ele>168.0</ele>
        <time>2026-08-26T16:29:37+02:00</time>
      </trkpt>
      <trkpt lon="16.514579" lat="43.535336">
        <ele>169.0</ele>
        <time>2026-08-26T16:29:38+02:00</time>
      </trkpt>
      <trkpt lon="16.514725" lat="43.535302">
        <ele>169.0</ele>
        <time>2026-08-26T16:29:39+02:00</time>
      </trkpt>
      <trkpt lon="16.514856" lat="43.535274">
        <ele>169.0</ele>
        <time>2026-08-26T16:29:40+02:00</time>
      </trkpt>
      <trkpt lon="16.514989" lat="43.535243">
        <ele>170.0</ele>
        <time>2026-08-26T16:29:41+02:00</time>
      </trkpt>
      <trkpt lon="16.515105" lat="43.53521">
        <ele>170.0</ele>
        <time>2026-08-26T16:29:42+02:00</time>
      </trkpt>
      <trkpt lon="16.515222" lat="43.535176">
        <ele>170.0</ele>
        <time>2026-08-26T16:29:43+02:00</time>
      </trkpt>
      <trkpt lon="16.515352" lat="43.535142">
        <ele>170.0</ele>
        <time>2026-08-26T16:29:44+02:00</time>
      </trkpt>
      <trkpt lon="16.515485" lat="43.535106">
        <ele>170.0</ele>
        <time>2026-08-26T16:29:45+02:00</time>
      </trkpt>
      <trkpt lon="16.515621" lat="43.535072">
        <ele>170.0</ele>
        <time>2026-08-26T16:29:46+02:00</time>
      </trkpt>
      <trkpt lon="16.515762" lat="43.535017">
        <ele>170.0</ele>
        <time>2026-08-26T16:29:47+02:00</time>
      </trkpt>
      <trkpt lon="16.515875" lat="43.534958">
        <ele>172.0</ele>
        <time>2026-08-26T16:29:48+02:00</time>
      </trkpt>
      <trkpt lon="16.516001" lat="43.534891">
        <ele>171.0</ele>
        <time>2026-08-26T16:29:49+02:00</time>
      </trkpt>
      <trkpt lon="16.516115" lat="43.534831">
        <ele>172.0</ele>
        <time>2026-08-26T16:29:50+02:00</time>
      </trkpt>
      <trkpt lon="16.516221" lat="43.534774">
        <ele>173.0</ele>
        <time>2026-08-26T16:29:51+02:00</time>
      </trkpt>
      <trkpt lon="16.516382" lat="43.534683">
        <ele>174.0</ele>
        <time>2026-08-26T16:29:53+02:00</time>
      </trkpt>
      <trkpt lon="16.516464" lat="43.534637">
        <ele>173.0</ele>
        <time>2026-08-26T16:29:54+02:00</time>
      </trkpt>
      <trkpt lon="16.516552" lat="43.534596">
        <ele>174.0</ele>
        <time>2026-08-26T16:29:55+02:00</time>
      </trkpt>
      <trkpt lon="16.516648" lat="43.534558">
        <ele>175.0</ele>
        <time>2026-08-26T16:29:56+02:00</time>
      </trkpt>
      <trkpt lon="16.516753" lat="43.534532">
        <ele>175.0</ele>
        <time>2026-08-26T16:29:57+02:00</time>
      </trkpt>
      <trkpt lon="16.516872" lat="43.534522">
        <ele>175.0</ele>
        <time>2026-08-26T16:29:58+02:00</time>
      </trkpt>
      <trkpt lon="16.517012" lat="43.534527">
        <ele>174.0</ele>
        <time>2026-08-26T16:29:59+02:00</time>
      </trkpt>
      <trkpt lon="16.517145" lat="43.534553">
        <ele>174.0</ele>
        <time>2026-08-26T16:30:00+02:00</time>
      </trkpt>
      <trkpt lon="16.517278" lat="43.534593">
        <ele>175.0</ele>
        <time>2026-08-26T16:30:01+02:00</time>
      </trkpt>
      <trkpt lon="16.517409" lat="43.534643">
        <ele>176.0</ele>
        <time>2026-08-26T16:30:02+02:00</time>
      </trkpt>
      <trkpt lon="16.517539" lat="43.534688">
        <ele>176.0</ele>
        <time>2026-08-26T16:30:03+02:00</time>
      </trkpt>
      <trkpt lon="16.517676" lat="43.534739">
        <ele>176.0</ele>
        <time>2026-08-26T16:30:04+02:00</time>
      </trkpt>
      <trkpt lon="16.517817" lat="43.534789">
        <ele>177.0</ele>
        <time>2026-08-26T16:30:05+02:00</time>
      </trkpt>
      <trkpt lon="16.517974" lat="43.534844">
        <ele>178.0</ele>
        <time>2026-08-26T16:30:06+02:00</time>
      </trkpt>
      <trkpt lon="16.518139" lat="43.534903">
        <ele>178.0</ele>
        <time>2026-08-26T16:30:07+02:00</time>
      </trkpt>
      <trkpt lon="16.518292" lat="43.534958">
        <ele>179.0</ele>
        <time>2026-08-26T16:30:08+02:00</time>
      </trkpt>
      <trkpt lon="16.51847" lat="43.535021">
        <ele>179.0</ele>
        <time>2026-08-26T16:30:09+02:00</time>
      </trkpt>
      <trkpt lon="16.518622" lat="43.535072">
        <ele>179.0</ele>
        <time>2026-08-26T16:30:10+02:00</time>
      </trkpt>
      <trkpt lon="16.518786" lat="43.535122">
        <ele>179.0</ele>
        <time>2026-08-26T16:30:11+02:00</time>
      </trkpt>
      <trkpt lon="16.518951" lat="43.535157">
        <ele>180.0</ele>
        <time>2026-08-26T16:30:12+02:00</time>
      </trkpt>
      <trkpt lon="16.519107" lat="43.535171">
        <ele>180.0</ele>
        <time>2026-08-26T16:30:13+02:00</time>
      </trkpt>
      <trkpt lon="16.519272" lat="43.535162">
        <ele>180.0</ele>
        <time>2026-08-26T16:30:14+02:00</time>
      </trkpt>
      <trkpt lon="16.519393" lat="43.535134">
        <ele>180.0</ele>
        <time>2026-08-26T16:30:15+02:00</time>
      </trkpt>
      <trkpt lon="16.519524" lat="43.53508">
        <ele>180.0</ele>
        <time>2026-08-26T16:30:16+02:00</time>
      </trkpt>
      <trkpt lon="16.519632" lat="43.535003">
        <ele>182.0</ele>
        <time>2026-08-26T16:30:17+02:00</time>
      </trkpt>
      <trkpt lon="16.519733" lat="43.534914">
        <ele>182.0</ele>
        <time>2026-08-26T16:30:18+02:00</time>
      </trkpt>
      <trkpt lon="16.519821" lat="43.534816">
        <ele>182.0</ele>
        <time>2026-08-26T16:30:19+02:00</time>
      </trkpt>
      <trkpt lon="16.519898" lat="43.534725">
        <ele>183.0</ele>
        <time>2026-08-26T16:30:20+02:00</time>
      </trkpt>
      <trkpt lon="16.519994" lat="43.534618">
        <ele>184.0</ele>
        <time>2026-08-26T16:30:21+02:00</time>
      </trkpt>
      <trkpt lon="16.520078" lat="43.534534">
        <ele>185.0</ele>
        <time>2026-08-26T16:30:22+02:00</time>
      </trkpt>
      <trkpt lon="16.520172" lat="43.534437">
        <ele>186.0</ele>
        <time>2026-08-26T16:30:23+02:00</time>
      </trkpt>
      <trkpt lon="16.520272" lat="43.534338">
        <ele>188.0</ele>
        <time>2026-08-26T16:30:24+02:00</time>
      </trkpt>
      <trkpt lon="16.520367" lat="43.534243">
        <ele>189.0</ele>
        <time>2026-08-26T16:30:25+02:00</time>
      </trkpt>
      <trkpt lon="16.520441" lat="43.534168">
        <ele>190.0</ele>
        <time>2026-08-26T16:30:26+02:00</time>
      </trkpt>
      <trkpt lon="16.520533" lat="43.534069">
        <ele>190.0</ele>
        <time>2026-08-26T16:30:27+02:00</time>
      </trkpt>
      <trkpt lon="16.520607" lat="43.533991">
        <ele>190.0</ele>
        <time>2026-08-26T16:30:28+02:00</time>
      </trkpt>
      <trkpt lon="16.52072" lat="43.533875">
        <ele>189.0</ele>
        <time>2026-08-26T16:30:30+02:00</time>
      </trkpt>
      <trkpt lon="16.520755" lat="43.533835">
        <ele>190.0</ele>
        <time>2026-08-26T16:30:31+02:00</time>
      </trkpt>
      <trkpt lon="16.52082" lat="43.533786">
        <ele>188.0</ele>
        <time>2026-08-26T16:30:33+02:00</time>
      </trkpt>
      <trkpt lon="16.520925" lat="43.533755">
        <ele>185.0</ele>
        <time>2026-08-26T16:30:35+02:00</time>
      </trkpt>
      <trkpt lon="16.521005" lat="43.533752">
        <ele>184.0</ele>
        <time>2026-08-26T16:30:36+02:00</time>
      </trkpt>
      <trkpt lon="16.521097" lat="43.53377">
        <ele>184.0</ele>
        <time>2026-08-26T16:30:37+02:00</time>
      </trkpt>
      <trkpt lon="16.521206" lat="43.533778">
        <ele>183.0</ele>
        <time>2026-08-26T16:30:38+02:00</time>
      </trkpt>
      <trkpt lon="16.521309" lat="43.533767">
        <ele>183.0</ele>
        <time>2026-08-26T16:30:39+02:00</time>
      </trkpt>
      <trkpt lon="16.521397" lat="43.533743">
        <ele>183.0</ele>
        <time>2026-08-26T16:30:40+02:00</time>
      </trkpt>
      <trkpt lon="16.52146" lat="43.533727">
        <ele>183.0</ele>
        <time>2026-08-26T16:30:41+02:00</time>
      </trkpt>
      <trkpt lon="16.521508" lat="43.533681">
        <ele>182.0</ele>
        <time>2026-08-26T16:30:44+02:00</time>
      </trkpt>
      <trkpt lon="16.521533" lat="43.533637">
        <ele>182.0</ele>
        <time>2026-08-26T16:30:48+02:00</time>
      </trkpt>
      <trkpt lon="16.521546" lat="43.533637">
        <ele>182.0</ele>
        <time>2026-08-26T16:30:49+02:00</time>
      </trkpt>
      <trkpt lon="16.521509" lat="43.533642">
        <ele>181.0</ele>
        <time>2026-08-26T16:31:09+02:00</time>
      </trkpt>
      <trkpt lon="16.52144" lat="43.533648">
        <ele>182.0</ele>
        <time>2026-08-26T16:32:05+02:00</time>
      </trkpt>
      <trkpt lon="16.521421" lat="43.53365">
        <ele>182.0</ele>
        <time>2026-08-26T16:32:07+02:00</time>
      </trkpt>
      <trkpt lon="16.521479" lat="43.533683">
        <ele>186.0</ele>
        <time>2026-08-26T16:46:16+02:00</time>
      </trkpt>
      <trkpt lon="16.521546" lat="43.533671">
        <ele>186.0</ele>
        <time>2026-08-26T16:46:20+02:00</time>
      </trkpt>
      <trkpt lon="16.52155" lat="43.533664">
        <ele>186.0</ele>
        <time>2026-08-26T16:46:21+02:00</time>
      </trkpt>
      <trkpt lon="16.521522" lat="43.53364">
        <ele>186.0</ele>
        <time>2026-08-26T16:50:37+02:00</time>
      </trkpt>
      <trkpt lon="16.521621" lat="43.533657">
        <ele>186.0</ele>
        <time>2026-08-26T16:50:54+02:00</time>
      </trkpt>
      <trkpt lon="16.521694" lat="43.533641">
        <ele>186.0</ele>
        <time>2026-08-26T16:50:55+02:00</time>
      </trkpt>
      <trkpt lon="16.521766" lat="43.533606">
        <ele>186.0</ele>
        <time>2026-08-26T16:50:56+02:00</time>
      </trkpt>
      <trkpt lon="16.521845" lat="43.533579">
        <ele>186.0</ele>
        <time>2026-08-26T16:50:57+02:00</time>
      </trkpt>
      <trkpt lon="16.521933" lat="43.533563">
        <ele>186.0</ele>
        <time>2026-08-26T16:50:58+02:00</time>
      </trkpt>
      <trkpt lon="16.522019" lat="43.533574">
        <ele>187.0</ele>
        <time>2026-08-26T16:50:59+02:00</time>
      </trkpt>
      <trkpt lon="16.522116" lat="43.533605">
        <ele>187.0</ele>
        <time>2026-08-26T16:51:00+02:00</time>
      </trkpt>
      <trkpt lon="16.52224" lat="43.533644">
        <ele>187.0</ele>
        <time>2026-08-26T16:51:01+02:00</time>
      </trkpt>
      <trkpt lon="16.522365" lat="43.533679">
        <ele>187.0</ele>
        <time>2026-08-26T16:51:02+02:00</time>
      </trkpt>
      <trkpt lon="16.522601" lat="43.533747">
        <ele>188.0</ele>
        <time>2026-08-26T16:51:04+02:00</time>
      </trkpt>
      <trkpt lon="16.522714" lat="43.533787">
        <ele>189.0</ele>
        <time>2026-08-26T16:51:05+02:00</time>
      </trkpt>
      <trkpt lon="16.522832" lat="43.533826">
        <ele>189.0</ele>
        <time>2026-08-26T16:51:06+02:00</time>
      </trkpt>
      <trkpt lon="16.522959" lat="43.533864">
        <ele>191.0</ele>
        <time>2026-08-26T16:51:07+02:00</time>
      </trkpt>
      <trkpt lon="16.523079" lat="43.533892">
        <ele>191.0</ele>
        <time>2026-08-26T16:51:08+02:00</time>
      </trkpt>
      <trkpt lon="16.523217" lat="43.533913">
        <ele>191.0</ele>
        <time>2026-08-26T16:51:09+02:00</time>
      </trkpt>
      <trkpt lon="16.523343" lat="43.533912">
        <ele>191.0</ele>
        <time>2026-08-26T16:51:10+02:00</time>
      </trkpt>
      <trkpt lon="16.523475" lat="43.533899">
        <ele>191.0</ele>
        <time>2026-08-26T16:51:11+02:00</time>
      </trkpt>
      <trkpt lon="16.523615" lat="43.533882">
        <ele>192.0</ele>
        <time>2026-08-26T16:51:12+02:00</time>
      </trkpt>
      <trkpt lon="16.523758" lat="43.53386">
        <ele>193.0</ele>
        <time>2026-08-26T16:51:13+02:00</time>
      </trkpt>
      <trkpt lon="16.523883" lat="43.533847">
        <ele>193.0</ele>
        <time>2026-08-26T16:51:14+02:00</time>
      </trkpt>
      <trkpt lon="16.52401" lat="43.533835">
        <ele>194.0</ele>
        <time>2026-08-26T16:51:15+02:00</time>
      </trkpt>
      <trkpt lon="16.524149" lat="43.533818">
        <ele>195.0</ele>
        <time>2026-08-26T16:51:16+02:00</time>
      </trkpt>
      <trkpt lon="16.524277" lat="43.533802">
        <ele>195.0</ele>
        <time>2026-08-26T16:51:17+02:00</time>
      </trkpt>
      <trkpt lon="16.524421" lat="43.533788">
        <ele>196.0</ele>
        <time>2026-08-26T16:51:18+02:00</time>
      </trkpt>
      <trkpt lon="16.524553" lat="43.533774">
        <ele>196.0</ele>
        <time>2026-08-26T16:51:19+02:00</time>
      </trkpt>
      <trkpt lon="16.524691" lat="43.533762">
        <ele>197.0</ele>
        <time>2026-08-26T16:51:20+02:00</time>
      </trkpt>
      <trkpt lon="16.524831" lat="43.533749">
        <ele>197.0</ele>
        <time>2026-08-26T16:51:21+02:00</time>
      </trkpt>
      <trkpt lon="16.524963" lat="43.533736">
        <ele>198.0</ele>
        <time>2026-08-26T16:51:22+02:00</time>
      </trkpt>
      <trkpt lon="16.525101" lat="43.533716">
        <ele>198.0</ele>
        <time>2026-08-26T16:51:23+02:00</time>
      </trkpt>
      <trkpt lon="16.525241" lat="43.533694">
        <ele>198.0</ele>
        <time>2026-08-26T16:51:24+02:00</time>
      </trkpt>
      <trkpt lon="16.525379" lat="43.533673">
        <ele>198.0</ele>
        <time>2026-08-26T16:51:25+02:00</time>
      </trkpt>
      <trkpt lon="16.525515" lat="43.533649">
        <ele>199.0</ele>
        <time>2026-08-26T16:51:26+02:00</time>
      </trkpt>
      <trkpt lon="16.525651" lat="43.533636">
        <ele>199.0</ele>
        <time>2026-08-26T16:51:27+02:00</time>
      </trkpt>
      <trkpt lon="16.525793" lat="43.533615">
        <ele>199.0</ele>
        <time>2026-08-26T16:51:28+02:00</time>
      </trkpt>
      <trkpt lon="16.525929" lat="43.533598">
        <ele>200.0</ele>
        <time>2026-08-26T16:51:29+02:00</time>
      </trkpt>
      <trkpt lon="16.526074" lat="43.533582">
        <ele>201.0</ele>
        <time>2026-08-26T16:51:30+02:00</time>
      </trkpt>
      <trkpt lon="16.526215" lat="43.533571">
        <ele>201.0</ele>
        <time>2026-08-26T16:51:31+02:00</time>
      </trkpt>
      <trkpt lon="16.526346" lat="43.533562">
        <ele>201.0</ele>
        <time>2026-08-26T16:51:32+02:00</time>
      </trkpt>
      <trkpt lon="16.526491" lat="43.533553">
        <ele>202.0</ele>
        <time>2026-08-26T16:51:33+02:00</time>
      </trkpt>
      <trkpt lon="16.526617" lat="43.533549">
        <ele>203.0</ele>
        <time>2026-08-26T16:51:34+02:00</time>
      </trkpt>
      <trkpt lon="16.52675" lat="43.53354">
        <ele>203.0</ele>
        <time>2026-08-26T16:51:35+02:00</time>
      </trkpt>
      <trkpt lon="16.526875" lat="43.53353">
        <ele>204.0</ele>
        <time>2026-08-26T16:51:36+02:00</time>
      </trkpt>
      <trkpt lon="16.527131" lat="43.533519">
        <ele>205.0</ele>
        <time>2026-08-26T16:51:38+02:00</time>
      </trkpt>
      <trkpt lon="16.527257" lat="43.533512">
        <ele>206.0</ele>
        <time>2026-08-26T16:51:39+02:00</time>
      </trkpt>
      <trkpt lon="16.527389" lat="43.5335">
        <ele>206.0</ele>
        <time>2026-08-26T16:51:40+02:00</time>
      </trkpt>
      <trkpt lon="16.527532" lat="43.533481">
        <ele>207.0</ele>
        <time>2026-08-26T16:51:41+02:00</time>
      </trkpt>
      <trkpt lon="16.527681" lat="43.533458">
        <ele>208.0</ele>
        <time>2026-08-26T16:51:42+02:00</time>
      </trkpt>
      <trkpt lon="16.527821" lat="43.533437">
        <ele>208.0</ele>
        <time>2026-08-26T16:51:43+02:00</time>
      </trkpt>
      <trkpt lon="16.527953" lat="43.533415">
        <ele>209.0</ele>
        <time>2026-08-26T16:51:44+02:00</time>
      </trkpt>
      <trkpt lon="16.528085" lat="43.533387">
        <ele>209.0</ele>
        <time>2026-08-26T16:51:45+02:00</time>
      </trkpt>
      <trkpt lon="16.5282" lat="43.533351">
        <ele>210.0</ele>
        <time>2026-08-26T16:51:46+02:00</time>
      </trkpt>
      <trkpt lon="16.528408" lat="43.53327">
        <ele>211.0</ele>
        <time>2026-08-26T16:51:48+02:00</time>
      </trkpt>
      <trkpt lon="16.528505" lat="43.533226">
        <ele>211.0</ele>
        <time>2026-08-26T16:51:49+02:00</time>
      </trkpt>
      <trkpt lon="16.528712" lat="43.53312">
        <ele>212.0</ele>
        <time>2026-08-26T16:51:51+02:00</time>
      </trkpt>
      <trkpt lon="16.528904" lat="43.533011">
        <ele>212.0</ele>
        <time>2026-08-26T16:51:53+02:00</time>
      </trkpt>
      <trkpt lon="16.529104" lat="43.532899">
        <ele>212.0</ele>
        <time>2026-08-26T16:51:55+02:00</time>
      </trkpt>
      <trkpt lon="16.529271" lat="43.532797">
        <ele>212.0</ele>
        <time>2026-08-26T16:51:57+02:00</time>
      </trkpt>
      <trkpt lon="16.529363" lat="43.53275">
        <ele>212.0</ele>
        <time>2026-08-26T16:51:58+02:00</time>
      </trkpt>
      <trkpt lon="16.529469" lat="43.532696">
        <ele>212.0</ele>
        <time>2026-08-26T16:51:59+02:00</time>
      </trkpt>
      <trkpt lon="16.529578" lat="43.532635">
        <ele>212.0</ele>
        <time>2026-08-26T16:52:00+02:00</time>
      </trkpt>
      <trkpt lon="16.529689" lat="43.532573">
        <ele>212.0</ele>
        <time>2026-08-26T16:52:01+02:00</time>
      </trkpt>
      <trkpt lon="16.529804" lat="43.532505">
        <ele>211.0</ele>
        <time>2026-08-26T16:52:02+02:00</time>
      </trkpt>
      <trkpt lon="16.529902" lat="43.532446">
        <ele>211.0</ele>
        <time>2026-08-26T16:52:03+02:00</time>
      </trkpt>
      <trkpt lon="16.53009" lat="43.532335">
        <ele>210.0</ele>
        <time>2026-08-26T16:52:05+02:00</time>
      </trkpt>
      <trkpt lon="16.530291" lat="43.532218">
        <ele>209.0</ele>
        <time>2026-08-26T16:52:07+02:00</time>
      </trkpt>
      <trkpt lon="16.530402" lat="43.53215">
        <ele>209.0</ele>
        <time>2026-08-26T16:52:08+02:00</time>
      </trkpt>
      <trkpt lon="16.530507" lat="43.53208">
        <ele>208.0</ele>
        <time>2026-08-26T16:52:09+02:00</time>
      </trkpt>
      <trkpt lon="16.530601" lat="43.532009">
        <ele>208.0</ele>
        <time>2026-08-26T16:52:10+02:00</time>
      </trkpt>
      <trkpt lon="16.530699" lat="43.531929">
        <ele>207.0</ele>
        <time>2026-08-26T16:52:11+02:00</time>
      </trkpt>
      <trkpt lon="16.530786" lat="43.531854">
        <ele>207.0</ele>
        <time>2026-08-26T16:52:12+02:00</time>
      </trkpt>
      <trkpt lon="16.530868" lat="43.53178">
        <ele>207.0</ele>
        <time>2026-08-26T16:52:13+02:00</time>
      </trkpt>
      <trkpt lon="16.531018" lat="43.531655">
        <ele>205.0</ele>
        <time>2026-08-26T16:52:15+02:00</time>
      </trkpt>
      <trkpt lon="16.531092" lat="43.531599">
        <ele>205.0</ele>
        <time>2026-08-26T16:52:16+02:00</time>
      </trkpt>
      <trkpt lon="16.531167" lat="43.531534">
        <ele>204.0</ele>
        <time>2026-08-26T16:52:17+02:00</time>
      </trkpt>
      <trkpt lon="16.531223" lat="43.531471">
        <ele>204.0</ele>
        <time>2026-08-26T16:52:18+02:00</time>
      </trkpt>
      <trkpt lon="16.531248" lat="43.531402">
        <ele>203.0</ele>
        <time>2026-08-26T16:52:19+02:00</time>
      </trkpt>
      <trkpt lon="16.531243" lat="43.531328">
        <ele>202.0</ele>
        <time>2026-08-26T16:52:20+02:00</time>
      </trkpt>
      <trkpt lon="16.531237" lat="43.531264">
        <ele>202.0</ele>
        <time>2026-08-26T16:52:21+02:00</time>
      </trkpt>
      <trkpt lon="16.531236" lat="43.531197">
        <ele>201.0</ele>
        <time>2026-08-26T16:52:22+02:00</time>
      </trkpt>
      <trkpt lon="16.531255" lat="43.531125">
        <ele>200.0</ele>
        <time>2026-08-26T16:52:23+02:00</time>
      </trkpt>
      <trkpt lon="16.53129" lat="43.531052">
        <ele>200.0</ele>
        <time>2026-08-26T16:52:24+02:00</time>
      </trkpt>
      <trkpt lon="16.531336" lat="43.530972">
        <ele>199.0</ele>
        <time>2026-08-26T16:52:25+02:00</time>
      </trkpt>
      <trkpt lon="16.531371" lat="43.530894">
        <ele>199.0</ele>
        <time>2026-08-26T16:52:26+02:00</time>
      </trkpt>
      <trkpt lon="16.531403" lat="43.530826">
        <ele>199.0</ele>
        <time>2026-08-26T16:52:27+02:00</time>
      </trkpt>
      <trkpt lon="16.531444" lat="43.53076">
        <ele>198.0</ele>
        <time>2026-08-26T16:52:28+02:00</time>
      </trkpt>
      <trkpt lon="16.531478" lat="43.530702">
        <ele>198.0</ele>
        <time>2026-08-26T16:52:29+02:00</time>
      </trkpt>
      <trkpt lon="16.531502" lat="43.530643">
        <ele>198.0</ele>
        <time>2026-08-26T16:52:30+02:00</time>
      </trkpt>
      <trkpt lon="16.531518" lat="43.530598">
        <ele>197.0</ele>
        <time>2026-08-26T16:52:31+02:00</time>
      </trkpt>
      <trkpt lon="16.53154" lat="43.530536">
        <ele>195.0</ele>
        <time>2026-08-26T16:52:33+02:00</time>
      </trkpt>
      <trkpt lon="16.531541" lat="43.530523">
        <ele>194.0</ele>
        <time>2026-08-26T16:52:35+02:00</time>
      </trkpt>
      <trkpt lon="16.53154" lat="43.530526">
        <ele>191.0</ele>
        <time>2026-08-26T16:52:41+02:00</time>
      </trkpt>
      <trkpt lon="16.531575" lat="43.530465">
        <ele>191.0</ele>
        <time>2026-08-26T16:54:23+02:00</time>
      </trkpt>
      <trkpt lon="16.531596" lat="43.530408">
        <ele>191.0</ele>
        <time>2026-08-26T16:54:24+02:00</time>
      </trkpt>
      <trkpt lon="16.531614" lat="43.530341">
        <ele>191.0</ele>
        <time>2026-08-26T16:54:25+02:00</time>
      </trkpt>
      <trkpt lon="16.531633" lat="43.530265">
        <ele>191.0</ele>
        <time>2026-08-26T16:54:26+02:00</time>
      </trkpt>
      <trkpt lon="16.531649" lat="43.530193">
        <ele>191.0</ele>
        <time>2026-08-26T16:54:27+02:00</time>
      </trkpt>
      <trkpt lon="16.531668" lat="43.530117">
        <ele>191.0</ele>
        <time>2026-08-26T16:54:28+02:00</time>
      </trkpt>
      <trkpt lon="16.531692" lat="43.530029">
        <ele>191.0</ele>
        <time>2026-08-26T16:54:29+02:00</time>
      </trkpt>
      <trkpt lon="16.531712" lat="43.529936">
        <ele>191.0</ele>
        <time>2026-08-26T16:54:30+02:00</time>
      </trkpt>
      <trkpt lon="16.531749" lat="43.529745">
        <ele>190.0</ele>
        <time>2026-08-26T16:54:32+02:00</time>
      </trkpt>
      <trkpt lon="16.531773" lat="43.529646">
        <ele>190.0</ele>
        <time>2026-08-26T16:54:33+02:00</time>
      </trkpt>
      <trkpt lon="16.53179" lat="43.529546">
        <ele>189.0</ele>
        <time>2026-08-26T16:54:34+02:00</time>
      </trkpt>
      <trkpt lon="16.531805" lat="43.529447">
        <ele>189.0</ele>
        <time>2026-08-26T16:54:35+02:00</time>
      </trkpt>
      <trkpt lon="16.531828" lat="43.529352">
        <ele>188.0</ele>
        <time>2026-08-26T16:54:36+02:00</time>
      </trkpt>
      <trkpt lon="16.531858" lat="43.529255">
        <ele>187.0</ele>
        <time>2026-08-26T16:54:37+02:00</time>
      </trkpt>
      <trkpt lon="16.531901" lat="43.529162">
        <ele>186.0</ele>
        <time>2026-08-26T16:54:38+02:00</time>
      </trkpt>
      <trkpt lon="16.531959" lat="43.529066">
        <ele>185.0</ele>
        <time>2026-08-26T16:54:39+02:00</time>
      </trkpt>
      <trkpt lon="16.532025" lat="43.528973">
        <ele>184.0</ele>
        <time>2026-08-26T16:54:40+02:00</time>
      </trkpt>
      <trkpt lon="16.5321" lat="43.52889">
        <ele>184.0</ele>
        <time>2026-08-26T16:54:41+02:00</time>
      </trkpt>
      <trkpt lon="16.532184" lat="43.528814">
        <ele>183.0</ele>
        <time>2026-08-26T16:54:42+02:00</time>
      </trkpt>
      <trkpt lon="16.532324" lat="43.528733">
        <ele>182.0</ele>
        <time>2026-08-26T16:54:44+02:00</time>
      </trkpt>
      <trkpt lon="16.532443" lat="43.528707">
        <ele>181.0</ele>
        <time>2026-08-26T16:54:46+02:00</time>
      </trkpt>
      <trkpt lon="16.532542" lat="43.528732">
        <ele>179.0</ele>
        <time>2026-08-26T16:54:48+02:00</time>
      </trkpt>
      <trkpt lon="16.5326" lat="43.52878">
        <ele>178.0</ele>
        <time>2026-08-26T16:54:50+02:00</time>
      </trkpt>
      <trkpt lon="16.532655" lat="43.528814">
        <ele>177.0</ele>
        <time>2026-08-26T16:54:53+02:00</time>
      </trkpt>
      <trkpt lon="16.532722" lat="43.528829">
        <ele>177.0</ele>
        <time>2026-08-26T16:54:56+02:00</time>
      </trkpt>
      <trkpt lon="16.532844" lat="43.528867">
        <ele>177.0</ele>
        <time>2026-08-26T16:54:58+02:00</time>
      </trkpt>
      <trkpt lon="16.532929" lat="43.528894">
        <ele>177.0</ele>
        <time>2026-08-26T16:54:59+02:00</time>
      </trkpt>
      <trkpt lon="16.533023" lat="43.528923">
        <ele>177.0</ele>
        <time>2026-08-26T16:55:00+02:00</time>
      </trkpt>
      <trkpt lon="16.533135" lat="43.52897">
        <ele>177.0</ele>
        <time>2026-08-26T16:55:01+02:00</time>
      </trkpt>
      <trkpt lon="16.533242" lat="43.529029">
        <ele>177.0</ele>
        <time>2026-08-26T16:55:02+02:00</time>
      </trkpt>
      <trkpt lon="16.533352" lat="43.529092">
        <ele>177.0</ele>
        <time>2026-08-26T16:55:03+02:00</time>
      </trkpt>
      <trkpt lon="16.533457" lat="43.529153">
        <ele>177.0</ele>
        <time>2026-08-26T16:55:04+02:00</time>
      </trkpt>
      <trkpt lon="16.533553" lat="43.5292">
        <ele>176.0</ele>
        <time>2026-08-26T16:55:05+02:00</time>
      </trkpt>
      <trkpt lon="16.533641" lat="43.529227">
        <ele>176.0</ele>
        <time>2026-08-26T16:55:06+02:00</time>
      </trkpt>
      <trkpt lon="16.533733" lat="43.529236">
        <ele>176.0</ele>
        <time>2026-08-26T16:55:07+02:00</time>
      </trkpt>
      <trkpt lon="16.533813" lat="43.529212">
        <ele>176.0</ele>
        <time>2026-08-26T16:55:08+02:00</time>
      </trkpt>
      <trkpt lon="16.533874" lat="43.529163">
        <ele>175.0</ele>
        <time>2026-08-26T16:55:09+02:00</time>
      </trkpt>
      <trkpt lon="16.533874" lat="43.529086">
        <ele>175.0</ele>
        <time>2026-08-26T16:55:10+02:00</time>
      </trkpt>
      <trkpt lon="16.533817" lat="43.528902">
        <ele>174.0</ele>
        <time>2026-08-26T16:55:12+02:00</time>
      </trkpt>
      <trkpt lon="16.533785" lat="43.528788">
        <ele>174.0</ele>
        <time>2026-08-26T16:55:13+02:00</time>
      </trkpt>
      <trkpt lon="16.533747" lat="43.52866">
        <ele>174.0</ele>
        <time>2026-08-26T16:55:14+02:00</time>
      </trkpt>
      <trkpt lon="16.533687" lat="43.528524">
        <ele>173.0</ele>
        <time>2026-08-26T16:55:15+02:00</time>
      </trkpt>
      <trkpt lon="16.533609" lat="43.528386">
        <ele>173.0</ele>
        <time>2026-08-26T16:55:16+02:00</time>
      </trkpt>
      <trkpt lon="16.533522" lat="43.528242">
        <ele>173.0</ele>
        <time>2026-08-26T16:55:17+02:00</time>
      </trkpt>
      <trkpt lon="16.533424" lat="43.528081">
        <ele>173.0</ele>
        <time>2026-08-26T16:55:18+02:00</time>
      </trkpt>
      <trkpt lon="16.533324" lat="43.527918">
        <ele>173.0</ele>
        <time>2026-08-26T16:55:19+02:00</time>
      </trkpt>
      <trkpt lon="16.533238" lat="43.527772">
        <ele>173.0</ele>
        <time>2026-08-26T16:55:20+02:00</time>
      </trkpt>
      <trkpt lon="16.533157" lat="43.527632">
        <ele>173.0</ele>
        <time>2026-08-26T16:55:21+02:00</time>
      </trkpt>
      <trkpt lon="16.533082" lat="43.527499">
        <ele>173.0</ele>
        <time>2026-08-26T16:55:22+02:00</time>
      </trkpt>
      <trkpt lon="16.533013" lat="43.527378">
        <ele>172.0</ele>
        <time>2026-08-26T16:55:23+02:00</time>
      </trkpt>
      <trkpt lon="16.532935" lat="43.527244">
        <ele>171.0</ele>
        <time>2026-08-26T16:55:24+02:00</time>
      </trkpt>
      <trkpt lon="16.532863" lat="43.527124">
        <ele>170.0</ele>
        <time>2026-08-26T16:55:25+02:00</time>
      </trkpt>
      <trkpt lon="16.532794" lat="43.527008">
        <ele>168.0</ele>
        <time>2026-08-26T16:55:26+02:00</time>
      </trkpt>
      <trkpt lon="16.532731" lat="43.526894">
        <ele>167.0</ele>
        <time>2026-08-26T16:55:27+02:00</time>
      </trkpt>
      <trkpt lon="16.532674" lat="43.526774">
        <ele>166.0</ele>
        <time>2026-08-26T16:55:28+02:00</time>
      </trkpt>
      <trkpt lon="16.532648" lat="43.526665">
        <ele>164.0</ele>
        <time>2026-08-26T16:55:29+02:00</time>
      </trkpt>
      <trkpt lon="16.53265" lat="43.52655">
        <ele>163.0</ele>
        <time>2026-08-26T16:55:30+02:00</time>
      </trkpt>
      <trkpt lon="16.532672" lat="43.526426">
        <ele>161.0</ele>
        <time>2026-08-26T16:55:31+02:00</time>
      </trkpt>
      <trkpt lon="16.532702" lat="43.526296">
        <ele>159.0</ele>
        <time>2026-08-26T16:55:32+02:00</time>
      </trkpt>
      <trkpt lon="16.532744" lat="43.526172">
        <ele>158.0</ele>
        <time>2026-08-26T16:55:33+02:00</time>
      </trkpt>
      <trkpt lon="16.532799" lat="43.526057">
        <ele>157.0</ele>
        <time>2026-08-26T16:55:34+02:00</time>
      </trkpt>
      <trkpt lon="16.532868" lat="43.525949">
        <ele>156.0</ele>
        <time>2026-08-26T16:55:35+02:00</time>
      </trkpt>
      <trkpt lon="16.532951" lat="43.525845">
        <ele>156.0</ele>
        <time>2026-08-26T16:55:36+02:00</time>
      </trkpt>
      <trkpt lon="16.533047" lat="43.525747">
        <ele>155.0</ele>
        <time>2026-08-26T16:55:37+02:00</time>
      </trkpt>
      <trkpt lon="16.533151" lat="43.525646">
        <ele>154.0</ele>
        <time>2026-08-26T16:55:38+02:00</time>
      </trkpt>
      <trkpt lon="16.533256" lat="43.525548">
        <ele>154.0</ele>
        <time>2026-08-26T16:55:39+02:00</time>
      </trkpt>
      <trkpt lon="16.533375" lat="43.525455">
        <ele>153.0</ele>
        <time>2026-08-26T16:55:40+02:00</time>
      </trkpt>
      <trkpt lon="16.533506" lat="43.525374">
        <ele>152.0</ele>
        <time>2026-08-26T16:55:41+02:00</time>
      </trkpt>
      <trkpt lon="16.533646" lat="43.525301">
        <ele>151.0</ele>
        <time>2026-08-26T16:55:42+02:00</time>
      </trkpt>
      <trkpt lon="16.533797" lat="43.525234">
        <ele>150.0</ele>
        <time>2026-08-26T16:55:43+02:00</time>
      </trkpt>
      <trkpt lon="16.533942" lat="43.525177">
        <ele>149.0</ele>
        <time>2026-08-26T16:55:44+02:00</time>
      </trkpt>
      <trkpt lon="16.53409" lat="43.525122">
        <ele>148.0</ele>
        <time>2026-08-26T16:55:45+02:00</time>
      </trkpt>
      <trkpt lon="16.534243" lat="43.525073">
        <ele>148.0</ele>
        <time>2026-08-26T16:55:46+02:00</time>
      </trkpt>
      <trkpt lon="16.53439" lat="43.525032">
        <ele>147.0</ele>
        <time>2026-08-26T16:55:47+02:00</time>
      </trkpt>
      <trkpt lon="16.534542" lat="43.524993">
        <ele>145.0</ele>
        <time>2026-08-26T16:55:48+02:00</time>
      </trkpt>
      <trkpt lon="16.534684" lat="43.524952">
        <ele>144.0</ele>
        <time>2026-08-26T16:55:49+02:00</time>
      </trkpt>
      <trkpt lon="16.534814" lat="43.524897">
        <ele>144.0</ele>
        <time>2026-08-26T16:55:50+02:00</time>
      </trkpt>
      <trkpt lon="16.534931" lat="43.524828">
        <ele>142.0</ele>
        <time>2026-08-26T16:55:51+02:00</time>
      </trkpt>
      <trkpt lon="16.535018" lat="43.524747">
        <ele>141.0</ele>
        <time>2026-08-26T16:55:52+02:00</time>
      </trkpt>
      <trkpt lon="16.535079" lat="43.524645">
        <ele>140.0</ele>
        <time>2026-08-26T16:55:53+02:00</time>
      </trkpt>
      <trkpt lon="16.535114" lat="43.524534">
        <ele>139.0</ele>
        <time>2026-08-26T16:55:54+02:00</time>
      </trkpt>
      <trkpt lon="16.535148" lat="43.524407">
        <ele>139.0</ele>
        <time>2026-08-26T16:55:55+02:00</time>
      </trkpt>
      <trkpt lon="16.535188" lat="43.524279">
        <ele>138.0</ele>
        <time>2026-08-26T16:55:56+02:00</time>
      </trkpt>
      <trkpt lon="16.535237" lat="43.524143">
        <ele>137.0</ele>
        <time>2026-08-26T16:55:57+02:00</time>
      </trkpt>
      <trkpt lon="16.535292" lat="43.524004">
        <ele>137.0</ele>
        <time>2026-08-26T16:55:58+02:00</time>
      </trkpt>
      <trkpt lon="16.535358" lat="43.523873">
        <ele>137.0</ele>
        <time>2026-08-26T16:55:59+02:00</time>
      </trkpt>
      <trkpt lon="16.535427" lat="43.523753">
        <ele>136.0</ele>
        <time>2026-08-26T16:56:00+02:00</time>
      </trkpt>
      <trkpt lon="16.535508" lat="43.523644">
        <ele>136.0</ele>
        <time>2026-08-26T16:56:01+02:00</time>
      </trkpt>
      <trkpt lon="16.535603" lat="43.523545">
        <ele>136.0</ele>
        <time>2026-08-26T16:56:02+02:00</time>
      </trkpt>
      <trkpt lon="16.535722" lat="43.523453">
        <ele>135.0</ele>
        <time>2026-08-26T16:56:03+02:00</time>
      </trkpt>
      <trkpt lon="16.535852" lat="43.523372">
        <ele>134.0</ele>
        <time>2026-08-26T16:56:04+02:00</time>
      </trkpt>
      <trkpt lon="16.535993" lat="43.523305">
        <ele>134.0</ele>
        <time>2026-08-26T16:56:05+02:00</time>
      </trkpt>
      <trkpt lon="16.536146" lat="43.523243">
        <ele>132.0</ele>
        <time>2026-08-26T16:56:06+02:00</time>
      </trkpt>
      <trkpt lon="16.536295" lat="43.523186">
        <ele>131.0</ele>
        <time>2026-08-26T16:56:07+02:00</time>
      </trkpt>
      <trkpt lon="16.536435" lat="43.523131">
        <ele>131.0</ele>
        <time>2026-08-26T16:56:08+02:00</time>
      </trkpt>
      <trkpt lon="16.536561" lat="43.523085">
        <ele>129.0</ele>
        <time>2026-08-26T16:56:09+02:00</time>
      </trkpt>
      <trkpt lon="16.536703" lat="43.52304">
        <ele>128.0</ele>
        <time>2026-08-26T16:56:10+02:00</time>
      </trkpt>
      <trkpt lon="16.53683" lat="43.523004">
        <ele>127.0</ele>
        <time>2026-08-26T16:56:11+02:00</time>
      </trkpt>
      <trkpt lon="16.536953" lat="43.522974">
        <ele>126.0</ele>
        <time>2026-08-26T16:56:12+02:00</time>
      </trkpt>
      <trkpt lon="16.537087" lat="43.522952">
        <ele>125.0</ele>
        <time>2026-08-26T16:56:13+02:00</time>
      </trkpt>
      <trkpt lon="16.537321" lat="43.522973">
        <ele>123.0</ele>
        <time>2026-08-26T16:56:15+02:00</time>
      </trkpt>
      <trkpt lon="16.537445" lat="43.523011">
        <ele>122.0</ele>
        <time>2026-08-26T16:56:16+02:00</time>
      </trkpt>
      <trkpt lon="16.537576" lat="43.523068">
        <ele>121.0</ele>
        <time>2026-08-26T16:56:17+02:00</time>
      </trkpt>
      <trkpt lon="16.53769" lat="43.523134">
        <ele>120.0</ele>
        <time>2026-08-26T16:56:18+02:00</time>
      </trkpt>
      <trkpt lon="16.537785" lat="43.523204">
        <ele>120.0</ele>
        <time>2026-08-26T16:56:19+02:00</time>
      </trkpt>
      <trkpt lon="16.537867" lat="43.523288">
        <ele>119.0</ele>
        <time>2026-08-26T16:56:20+02:00</time>
      </trkpt>
      <trkpt lon="16.537937" lat="43.523382">
        <ele>118.0</ele>
        <time>2026-08-26T16:56:21+02:00</time>
      </trkpt>
      <trkpt lon="16.538001" lat="43.523474">
        <ele>117.0</ele>
        <time>2026-08-26T16:56:22+02:00</time>
      </trkpt>
      <trkpt lon="16.538053" lat="43.523567">
        <ele>116.0</ele>
        <time>2026-08-26T16:56:23+02:00</time>
      </trkpt>
      <trkpt lon="16.538085" lat="43.523711">
        <ele>115.0</ele>
        <time>2026-08-26T16:56:25+02:00</time>
      </trkpt>
      <trkpt lon="16.538071" lat="43.523763">
        <ele>115.0</ele>
        <time>2026-08-26T16:56:26+02:00</time>
      </trkpt>
      <trkpt lon="16.538046" lat="43.523814">
        <ele>114.0</ele>
        <time>2026-08-26T16:56:27+02:00</time>
      </trkpt>
      <trkpt lon="16.538045" lat="43.523866">
        <ele>112.0</ele>
        <time>2026-08-26T16:56:28+02:00</time>
      </trkpt>
      <trkpt lon="16.538144" lat="43.52391">
        <ele>111.0</ele>
        <time>2026-08-26T16:56:30+02:00</time>
      </trkpt>
      <trkpt lon="16.538203" lat="43.523877">
        <ele>110.0</ele>
        <time>2026-08-26T16:56:31+02:00</time>
      </trkpt>
      <trkpt lon="16.538248" lat="43.52382">
        <ele>109.0</ele>
        <time>2026-08-26T16:56:32+02:00</time>
      </trkpt>
      <trkpt lon="16.538284" lat="43.523751">
        <ele>109.0</ele>
        <time>2026-08-26T16:56:33+02:00</time>
      </trkpt>
      <trkpt lon="16.53832" lat="43.523672">
        <ele>109.0</ele>
        <time>2026-08-26T16:56:34+02:00</time>
      </trkpt>
      <trkpt lon="16.538353" lat="43.523585">
        <ele>108.0</ele>
        <time>2026-08-26T16:56:35+02:00</time>
      </trkpt>
      <trkpt lon="16.53839" lat="43.523495">
        <ele>108.0</ele>
        <time>2026-08-26T16:56:36+02:00</time>
      </trkpt>
      <trkpt lon="16.538431" lat="43.523404">
        <ele>108.0</ele>
        <time>2026-08-26T16:56:37+02:00</time>
      </trkpt>
      <trkpt lon="16.538463" lat="43.523315">
        <ele>108.0</ele>
        <time>2026-08-26T16:56:38+02:00</time>
      </trkpt>
      <trkpt lon="16.538507" lat="43.523139">
        <ele>107.0</ele>
        <time>2026-08-26T16:56:40+02:00</time>
      </trkpt>
      <trkpt lon="16.538528" lat="43.522964">
        <ele>106.0</ele>
        <time>2026-08-26T16:56:42+02:00</time>
      </trkpt>
      <trkpt lon="16.538496" lat="43.522778">
        <ele>105.0</ele>
        <time>2026-08-26T16:56:44+02:00</time>
      </trkpt>
      <trkpt lon="16.538472" lat="43.522689">
        <ele>105.0</ele>
        <time>2026-08-26T16:56:45+02:00</time>
      </trkpt>
      <trkpt lon="16.538447" lat="43.522585">
        <ele>105.0</ele>
        <time>2026-08-26T16:56:46+02:00</time>
      </trkpt>
      <trkpt lon="16.538429" lat="43.522492">
        <ele>104.0</ele>
        <time>2026-08-26T16:56:47+02:00</time>
      </trkpt>
      <trkpt lon="16.538411" lat="43.522387">
        <ele>103.0</ele>
        <time>2026-08-26T16:56:48+02:00</time>
      </trkpt>
      <trkpt lon="16.538387" lat="43.522278">
        <ele>103.0</ele>
        <time>2026-08-26T16:56:49+02:00</time>
      </trkpt>
      <trkpt lon="16.538367" lat="43.522171">
        <ele>102.0</ele>
        <time>2026-08-26T16:56:50+02:00</time>
      </trkpt>
      <trkpt lon="16.538343" lat="43.522062">
        <ele>102.0</ele>
        <time>2026-08-26T16:56:51+02:00</time>
      </trkpt>
      <trkpt lon="16.53832" lat="43.521952">
        <ele>101.0</ele>
        <time>2026-08-26T16:56:52+02:00</time>
      </trkpt>
      <trkpt lon="16.538293" lat="43.521843">
        <ele>101.0</ele>
        <time>2026-08-26T16:56:53+02:00</time>
      </trkpt>
      <trkpt lon="16.538274" lat="43.521735">
        <ele>101.0</ele>
        <time>2026-08-26T16:56:54+02:00</time>
      </trkpt>
      <trkpt lon="16.538251" lat="43.521629">
        <ele>100.0</ele>
        <time>2026-08-26T16:56:55+02:00</time>
      </trkpt>
      <trkpt lon="16.538232" lat="43.521523">
        <ele>100.0</ele>
        <time>2026-08-26T16:56:56+02:00</time>
      </trkpt>
      <trkpt lon="16.538214" lat="43.521417">
        <ele>99.0</ele>
        <time>2026-08-26T16:56:57+02:00</time>
      </trkpt>
      <trkpt lon="16.538192" lat="43.521315">
        <ele>98.0</ele>
        <time>2026-08-26T16:56:58+02:00</time>
      </trkpt>
      <trkpt lon="16.538164" lat="43.521212">
        <ele>98.0</ele>
        <time>2026-08-26T16:56:59+02:00</time>
      </trkpt>
      <trkpt lon="16.538131" lat="43.521125">
        <ele>97.0</ele>
        <time>2026-08-26T16:57:00+02:00</time>
      </trkpt>
      <trkpt lon="16.538061" lat="43.520968">
        <ele>96.0</ele>
        <time>2026-08-26T16:57:02+02:00</time>
      </trkpt>
      <trkpt lon="16.538049" lat="43.52092">
        <ele>95.0</ele>
        <time>2026-08-26T16:57:03+02:00</time>
      </trkpt>
      <trkpt lon="16.538118" lat="43.520862">
        <ele>93.0</ele>
        <time>2026-08-26T16:57:05+02:00</time>
      </trkpt>
      <trkpt lon="16.538247" lat="43.520872">
        <ele>91.0</ele>
        <time>2026-08-26T16:57:07+02:00</time>
      </trkpt>
      <trkpt lon="16.538317" lat="43.520922">
        <ele>91.0</ele>
        <time>2026-08-26T16:57:08+02:00</time>
      </trkpt>
      <trkpt lon="16.538389" lat="43.520994">
        <ele>90.0</ele>
        <time>2026-08-26T16:57:09+02:00</time>
      </trkpt>
      <trkpt lon="16.538464" lat="43.521079">
        <ele>90.0</ele>
        <time>2026-08-26T16:57:10+02:00</time>
      </trkpt>
      <trkpt lon="16.538549" lat="43.521169">
        <ele>90.0</ele>
        <time>2026-08-26T16:57:11+02:00</time>
      </trkpt>
      <trkpt lon="16.538639" lat="43.521264">
        <ele>89.0</ele>
        <time>2026-08-26T16:57:12+02:00</time>
      </trkpt>
      <trkpt lon="16.538712" lat="43.521356">
        <ele>89.0</ele>
        <time>2026-08-26T16:57:13+02:00</time>
      </trkpt>
      <trkpt lon="16.538784" lat="43.521464">
        <ele>89.0</ele>
        <time>2026-08-26T16:57:14+02:00</time>
      </trkpt>
      <trkpt lon="16.538845" lat="43.521563">
        <ele>89.0</ele>
        <time>2026-08-26T16:57:15+02:00</time>
      </trkpt>
      <trkpt lon="16.5389" lat="43.521651">
        <ele>88.0</ele>
        <time>2026-08-26T16:57:16+02:00</time>
      </trkpt>
      <trkpt lon="16.538962" lat="43.521735">
        <ele>88.0</ele>
        <time>2026-08-26T16:57:17+02:00</time>
      </trkpt>
      <trkpt lon="16.539021" lat="43.52182">
        <ele>88.0</ele>
        <time>2026-08-26T16:57:18+02:00</time>
      </trkpt>
      <trkpt lon="16.539072" lat="43.521908">
        <ele>87.0</ele>
        <time>2026-08-26T16:57:19+02:00</time>
      </trkpt>
      <trkpt lon="16.539129" lat="43.52206">
        <ele>85.0</ele>
        <time>2026-08-26T16:57:21+02:00</time>
      </trkpt>
      <trkpt lon="16.539172" lat="43.5221">
        <ele>85.0</ele>
        <time>2026-08-26T16:57:22+02:00</time>
      </trkpt>
      <trkpt lon="16.539231" lat="43.522114">
        <ele>84.0</ele>
        <time>2026-08-26T16:57:23+02:00</time>
      </trkpt>
      <trkpt lon="16.539351" lat="43.522064">
        <ele>82.0</ele>
        <time>2026-08-26T16:57:25+02:00</time>
      </trkpt>
      <trkpt lon="16.539366" lat="43.522012">
        <ele>81.0</ele>
        <time>2026-08-26T16:57:26+02:00</time>
      </trkpt>
      <trkpt lon="16.539352" lat="43.521944">
        <ele>81.0</ele>
        <time>2026-08-26T16:57:27+02:00</time>
      </trkpt>
      <trkpt lon="16.539329" lat="43.521862">
        <ele>81.0</ele>
        <time>2026-08-26T16:57:28+02:00</time>
      </trkpt>
      <trkpt lon="16.539305" lat="43.521776">
        <ele>80.0</ele>
        <time>2026-08-26T16:57:29+02:00</time>
      </trkpt>
      <trkpt lon="16.539297" lat="43.521675">
        <ele>80.0</ele>
        <time>2026-08-26T16:57:30+02:00</time>
      </trkpt>
      <trkpt lon="16.53931" lat="43.521573">
        <ele>80.0</ele>
        <time>2026-08-26T16:57:31+02:00</time>
      </trkpt>
      <trkpt lon="16.539345" lat="43.521478">
        <ele>80.0</ele>
        <time>2026-08-26T16:57:32+02:00</time>
      </trkpt>
      <trkpt lon="16.53941" lat="43.521382">
        <ele>80.0</ele>
        <time>2026-08-26T16:57:33+02:00</time>
      </trkpt>
      <trkpt lon="16.53954" lat="43.521218">
        <ele>79.0</ele>
        <time>2026-08-26T16:57:35+02:00</time>
      </trkpt>
      <trkpt lon="16.539606" lat="43.521136">
        <ele>79.0</ele>
        <time>2026-08-26T16:57:36+02:00</time>
      </trkpt>
      <trkpt lon="16.539681" lat="43.521049">
        <ele>79.0</ele>
        <time>2026-08-26T16:57:37+02:00</time>
      </trkpt>
      <trkpt lon="16.539744" lat="43.520958">
        <ele>78.0</ele>
        <time>2026-08-26T16:57:38+02:00</time>
      </trkpt>
      <trkpt lon="16.539809" lat="43.520863">
        <ele>77.0</ele>
        <time>2026-08-26T16:57:39+02:00</time>
      </trkpt>
      <trkpt lon="16.539863" lat="43.520774">
        <ele>77.0</ele>
        <time>2026-08-26T16:57:40+02:00</time>
      </trkpt>
      <trkpt lon="16.539954" lat="43.52061">
        <ele>75.0</ele>
        <time>2026-08-26T16:57:42+02:00</time>
      </trkpt>
      <trkpt lon="16.539996" lat="43.520541">
        <ele>74.0</ele>
        <time>2026-08-26T16:57:43+02:00</time>
      </trkpt>
      <trkpt lon="16.540048" lat="43.520473">
        <ele>73.0</ele>
        <time>2026-08-26T16:57:44+02:00</time>
      </trkpt>
      <trkpt lon="16.540102" lat="43.520407">
        <ele>72.0</ele>
        <time>2026-08-26T16:57:45+02:00</time>
      </trkpt>
      <trkpt lon="16.540151" lat="43.520331">
        <ele>72.0</ele>
        <time>2026-08-26T16:57:46+02:00</time>
      </trkpt>
      <trkpt lon="16.540206" lat="43.520252">
        <ele>71.0</ele>
        <time>2026-08-26T16:57:47+02:00</time>
      </trkpt>
      <trkpt lon="16.54027" lat="43.520176">
        <ele>71.0</ele>
        <time>2026-08-26T16:57:48+02:00</time>
      </trkpt>
      <trkpt lon="16.540345" lat="43.5201">
        <ele>70.0</ele>
        <time>2026-08-26T16:57:49+02:00</time>
      </trkpt>
      <trkpt lon="16.540426" lat="43.52002">
        <ele>69.0</ele>
        <time>2026-08-26T16:57:50+02:00</time>
      </trkpt>
      <trkpt lon="16.540498" lat="43.519933">
        <ele>69.0</ele>
        <time>2026-08-26T16:57:51+02:00</time>
      </trkpt>
      <trkpt lon="16.540583" lat="43.519785">
        <ele>68.0</ele>
        <time>2026-08-26T16:57:53+02:00</time>
      </trkpt>
      <trkpt lon="16.540611" lat="43.519725">
        <ele>68.0</ele>
        <time>2026-08-26T16:57:54+02:00</time>
      </trkpt>
      <trkpt lon="16.540631" lat="43.519666">
        <ele>67.0</ele>
        <time>2026-08-26T16:57:55+02:00</time>
      </trkpt>
      <trkpt lon="16.540655" lat="43.519621">
        <ele>67.0</ele>
        <time>2026-08-26T16:57:56+02:00</time>
      </trkpt>
      <trkpt lon="16.540694" lat="43.519544">
        <ele>65.0</ele>
        <time>2026-08-26T16:57:58+02:00</time>
      </trkpt>
      <trkpt lon="16.540772" lat="43.519518">
        <ele>64.0</ele>
        <time>2026-08-26T16:58:00+02:00</time>
      </trkpt>
      <trkpt lon="16.540875" lat="43.519565">
        <ele>63.0</ele>
        <time>2026-08-26T16:58:02+02:00</time>
      </trkpt>
      <trkpt lon="16.540934" lat="43.519613">
        <ele>63.0</ele>
        <time>2026-08-26T16:58:03+02:00</time>
      </trkpt>
      <trkpt lon="16.541019" lat="43.519667">
        <ele>63.0</ele>
        <time>2026-08-26T16:58:04+02:00</time>
      </trkpt>
      <trkpt lon="16.541121" lat="43.519715">
        <ele>62.0</ele>
        <time>2026-08-26T16:58:05+02:00</time>
      </trkpt>
      <trkpt lon="16.541236" lat="43.519766">
        <ele>62.0</ele>
        <time>2026-08-26T16:58:06+02:00</time>
      </trkpt>
      <trkpt lon="16.541366" lat="43.519812">
        <ele>62.0</ele>
        <time>2026-08-26T16:58:07+02:00</time>
      </trkpt>
      <trkpt lon="16.541499" lat="43.519847">
        <ele>62.0</ele>
        <time>2026-08-26T16:58:08+02:00</time>
      </trkpt>
      <trkpt lon="16.541638" lat="43.519869">
        <ele>62.0</ele>
        <time>2026-08-26T16:58:09+02:00</time>
      </trkpt>
      <trkpt lon="16.541788" lat="43.519891">
        <ele>62.0</ele>
        <time>2026-08-26T16:58:10+02:00</time>
      </trkpt>
      <trkpt lon="16.54193" lat="43.519909">
        <ele>62.0</ele>
        <time>2026-08-26T16:58:11+02:00</time>
      </trkpt>
      <trkpt lon="16.542068" lat="43.519929">
        <ele>63.0</ele>
        <time>2026-08-26T16:58:12+02:00</time>
      </trkpt>
      <trkpt lon="16.542205" lat="43.519946">
        <ele>63.0</ele>
        <time>2026-08-26T16:58:13+02:00</time>
      </trkpt>
      <trkpt lon="16.542345" lat="43.519956">
        <ele>63.0</ele>
        <time>2026-08-26T16:58:14+02:00</time>
      </trkpt>
      <trkpt lon="16.54249" lat="43.519959">
        <ele>63.0</ele>
        <time>2026-08-26T16:58:15+02:00</time>
      </trkpt>
      <trkpt lon="16.542645" lat="43.519962">
        <ele>63.0</ele>
        <time>2026-08-26T16:58:16+02:00</time>
      </trkpt>
      <trkpt lon="16.542798" lat="43.519964">
        <ele>63.0</ele>
        <time>2026-08-26T16:58:17+02:00</time>
      </trkpt>
      <trkpt lon="16.542952" lat="43.519965">
        <ele>63.0</ele>
        <time>2026-08-26T16:58:18+02:00</time>
      </trkpt>
      <trkpt lon="16.5431" lat="43.519973">
        <ele>64.0</ele>
        <time>2026-08-26T16:58:19+02:00</time>
      </trkpt>
      <trkpt lon="16.543259" lat="43.519988">
        <ele>64.0</ele>
        <time>2026-08-26T16:58:20+02:00</time>
      </trkpt>
      <trkpt lon="16.543393" lat="43.520003">
        <ele>64.0</ele>
        <time>2026-08-26T16:58:21+02:00</time>
      </trkpt>
      <trkpt lon="16.543538" lat="43.520011">
        <ele>64.0</ele>
        <time>2026-08-26T16:58:22+02:00</time>
      </trkpt>
      <trkpt lon="16.543696" lat="43.520023">
        <ele>64.0</ele>
        <time>2026-08-26T16:58:23+02:00</time>
      </trkpt>
      <trkpt lon="16.54385" lat="43.520031">
        <ele>64.0</ele>
        <time>2026-08-26T16:58:24+02:00</time>
      </trkpt>
      <trkpt lon="16.544021" lat="43.520042">
        <ele>65.0</ele>
        <time>2026-08-26T16:58:25+02:00</time>
      </trkpt>
      <trkpt lon="16.544173" lat="43.520045">
        <ele>65.0</ele>
        <time>2026-08-26T16:58:26+02:00</time>
      </trkpt>
      <trkpt lon="16.544329" lat="43.520053">
        <ele>65.0</ele>
        <time>2026-08-26T16:58:27+02:00</time>
      </trkpt>
      <trkpt lon="16.544465" lat="43.52006">
        <ele>66.0</ele>
        <time>2026-08-26T16:58:28+02:00</time>
      </trkpt>
      <trkpt lon="16.544609" lat="43.520074">
        <ele>66.0</ele>
        <time>2026-08-26T16:58:29+02:00</time>
      </trkpt>
      <trkpt lon="16.544733" lat="43.520097">
        <ele>67.0</ele>
        <time>2026-08-26T16:58:30+02:00</time>
      </trkpt>
      <trkpt lon="16.544862" lat="43.520123">
        <ele>67.0</ele>
        <time>2026-08-26T16:58:31+02:00</time>
      </trkpt>
      <trkpt lon="16.544994" lat="43.52015">
        <ele>67.0</ele>
        <time>2026-08-26T16:58:32+02:00</time>
      </trkpt>
      <trkpt lon="16.545133" lat="43.520173">
        <ele>68.0</ele>
        <time>2026-08-26T16:58:33+02:00</time>
      </trkpt>
      <trkpt lon="16.54528" lat="43.520193">
        <ele>68.0</ele>
        <time>2026-08-26T16:58:34+02:00</time>
      </trkpt>
      <trkpt lon="16.545435" lat="43.520213">
        <ele>68.0</ele>
        <time>2026-08-26T16:58:35+02:00</time>
      </trkpt>
      <trkpt lon="16.545583" lat="43.520236">
        <ele>69.0</ele>
        <time>2026-08-26T16:58:36+02:00</time>
      </trkpt>
      <trkpt lon="16.545732" lat="43.520261">
        <ele>69.0</ele>
        <time>2026-08-26T16:58:37+02:00</time>
      </trkpt>
      <trkpt lon="16.545887" lat="43.520289">
        <ele>69.0</ele>
        <time>2026-08-26T16:58:38+02:00</time>
      </trkpt>
      <trkpt lon="16.54604" lat="43.520308">
        <ele>69.0</ele>
        <time>2026-08-26T16:58:39+02:00</time>
      </trkpt>
      <trkpt lon="16.54619" lat="43.520326">
        <ele>69.0</ele>
        <time>2026-08-26T16:58:40+02:00</time>
      </trkpt>
      <trkpt lon="16.546346" lat="43.520342">
        <ele>69.0</ele>
        <time>2026-08-26T16:58:41+02:00</time>
      </trkpt>
      <trkpt lon="16.546501" lat="43.520351">
        <ele>69.0</ele>
        <time>2026-08-26T16:58:42+02:00</time>
      </trkpt>
      <trkpt lon="16.546661" lat="43.520359">
        <ele>69.0</ele>
        <time>2026-08-26T16:58:43+02:00</time>
      </trkpt>
      <trkpt lon="16.546822" lat="43.520367">
        <ele>69.0</ele>
        <time>2026-08-26T16:58:44+02:00</time>
      </trkpt>
      <trkpt lon="16.54698" lat="43.520372">
        <ele>69.0</ele>
        <time>2026-08-26T16:58:45+02:00</time>
      </trkpt>
      <trkpt lon="16.547132" lat="43.520371">
        <ele>69.0</ele>
        <time>2026-08-26T16:58:46+02:00</time>
      </trkpt>
      <trkpt lon="16.547282" lat="43.520364">
        <ele>68.0</ele>
        <time>2026-08-26T16:58:47+02:00</time>
      </trkpt>
      <trkpt lon="16.54744" lat="43.520353">
        <ele>68.0</ele>
        <time>2026-08-26T16:58:48+02:00</time>
      </trkpt>
      <trkpt lon="16.547587" lat="43.520335">
        <ele>68.0</ele>
        <time>2026-08-26T16:58:49+02:00</time>
      </trkpt>
      <trkpt lon="16.54773" lat="43.520317">
        <ele>68.0</ele>
        <time>2026-08-26T16:58:50+02:00</time>
      </trkpt>
      <trkpt lon="16.54786" lat="43.520299">
        <ele>68.0</ele>
        <time>2026-08-26T16:58:51+02:00</time>
      </trkpt>
      <trkpt lon="16.548094" lat="43.520254">
        <ele>67.0</ele>
        <time>2026-08-26T16:58:53+02:00</time>
      </trkpt>
      <trkpt lon="16.548199" lat="43.520235">
        <ele>67.0</ele>
        <time>2026-08-26T16:58:54+02:00</time>
      </trkpt>
      <trkpt lon="16.548308" lat="43.520215">
        <ele>67.0</ele>
        <time>2026-08-26T16:58:55+02:00</time>
      </trkpt>
      <trkpt lon="16.548408" lat="43.520196">
        <ele>67.0</ele>
        <time>2026-08-26T16:58:56+02:00</time>
      </trkpt>
      <trkpt lon="16.548499" lat="43.520177">
        <ele>67.0</ele>
        <time>2026-08-26T16:58:57+02:00</time>
      </trkpt>
      <trkpt lon="16.548592" lat="43.520161">
        <ele>67.0</ele>
        <time>2026-08-26T16:58:58+02:00</time>
      </trkpt>
      <trkpt lon="16.548694" lat="43.520142">
        <ele>67.0</ele>
        <time>2026-08-26T16:58:59+02:00</time>
      </trkpt>
      <trkpt lon="16.5488" lat="43.520119">
        <ele>67.0</ele>
        <time>2026-08-26T16:59:00+02:00</time>
      </trkpt>
      <trkpt lon="16.548913" lat="43.520097">
        <ele>67.0</ele>
        <time>2026-08-26T16:59:01+02:00</time>
      </trkpt>
      <trkpt lon="16.549034" lat="43.520067">
        <ele>67.0</ele>
        <time>2026-08-26T16:59:02+02:00</time>
      </trkpt>
      <trkpt lon="16.54914" lat="43.520037">
        <ele>67.0</ele>
        <time>2026-08-26T16:59:03+02:00</time>
      </trkpt>
      <trkpt lon="16.549257" lat="43.519988">
        <ele>67.0</ele>
        <time>2026-08-26T16:59:04+02:00</time>
      </trkpt>
      <trkpt lon="16.549372" lat="43.519946">
        <ele>67.0</ele>
        <time>2026-08-26T16:59:05+02:00</time>
      </trkpt>
      <trkpt lon="16.549459" lat="43.51991">
        <ele>67.0</ele>
        <time>2026-08-26T16:59:06+02:00</time>
      </trkpt>
      <trkpt lon="16.549542" lat="43.519884">
        <ele>68.0</ele>
        <time>2026-08-26T16:59:07+02:00</time>
      </trkpt>
      <trkpt lon="16.549621" lat="43.519862">
        <ele>68.0</ele>
        <time>2026-08-26T16:59:08+02:00</time>
      </trkpt>
      <trkpt lon="16.549703" lat="43.519835">
        <ele>68.0</ele>
        <time>2026-08-26T16:59:09+02:00</time>
      </trkpt>
      <trkpt lon="16.54979" lat="43.519802">
        <ele>68.0</ele>
        <time>2026-08-26T16:59:10+02:00</time>
      </trkpt>
      <trkpt lon="16.549875" lat="43.519769">
        <ele>68.0</ele>
        <time>2026-08-26T16:59:11+02:00</time>
      </trkpt>
      <trkpt lon="16.549968" lat="43.519733">
        <ele>69.0</ele>
        <time>2026-08-26T16:59:12+02:00</time>
      </trkpt>
      <trkpt lon="16.550052" lat="43.519695">
        <ele>69.0</ele>
        <time>2026-08-26T16:59:13+02:00</time>
      </trkpt>
      <trkpt lon="16.550142" lat="43.519654">
        <ele>70.0</ele>
        <time>2026-08-26T16:59:14+02:00</time>
      </trkpt>
      <trkpt lon="16.550237" lat="43.519612">
        <ele>70.0</ele>
        <time>2026-08-26T16:59:15+02:00</time>
      </trkpt>
      <trkpt lon="16.550336" lat="43.519567">
        <ele>70.0</ele>
        <time>2026-08-26T16:59:16+02:00</time>
      </trkpt>
      <trkpt lon="16.550441" lat="43.519512">
        <ele>71.0</ele>
        <time>2026-08-26T16:59:17+02:00</time>
      </trkpt>
      <trkpt lon="16.550552" lat="43.519461">
        <ele>72.0</ele>
        <time>2026-08-26T16:59:18+02:00</time>
      </trkpt>
      <trkpt lon="16.550672" lat="43.519413">
        <ele>72.0</ele>
        <time>2026-08-26T16:59:19+02:00</time>
      </trkpt>
      <trkpt lon="16.550813" lat="43.519369">
        <ele>73.0</ele>
        <time>2026-08-26T16:59:20+02:00</time>
      </trkpt>
      <trkpt lon="16.550949" lat="43.51933">
        <ele>73.0</ele>
        <time>2026-08-26T16:59:21+02:00</time>
      </trkpt>
      <trkpt lon="16.551075" lat="43.519298">
        <ele>74.0</ele>
        <time>2026-08-26T16:59:22+02:00</time>
      </trkpt>
      <trkpt lon="16.551208" lat="43.519268">
        <ele>74.0</ele>
        <time>2026-08-26T16:59:23+02:00</time>
      </trkpt>
      <trkpt lon="16.551345" lat="43.519246">
        <ele>75.0</ele>
        <time>2026-08-26T16:59:24+02:00</time>
      </trkpt>
      <trkpt lon="16.551486" lat="43.519221">
        <ele>75.0</ele>
        <time>2026-08-26T16:59:25+02:00</time>
      </trkpt>
      <trkpt lon="16.551615" lat="43.519199">
        <ele>76.0</ele>
        <time>2026-08-26T16:59:26+02:00</time>
      </trkpt>
      <trkpt lon="16.551747" lat="43.519172">
        <ele>77.0</ele>
        <time>2026-08-26T16:59:27+02:00</time>
      </trkpt>
      <trkpt lon="16.551886" lat="43.519142">
        <ele>77.0</ele>
        <time>2026-08-26T16:59:28+02:00</time>
      </trkpt>
      <trkpt lon="16.55202" lat="43.519103">
        <ele>78.0</ele>
        <time>2026-08-26T16:59:29+02:00</time>
      </trkpt>
      <trkpt lon="16.55215" lat="43.519066">
        <ele>80.0</ele>
        <time>2026-08-26T16:59:30+02:00</time>
      </trkpt>
      <trkpt lon="16.552281" lat="43.519027">
        <ele>80.0</ele>
        <time>2026-08-26T16:59:31+02:00</time>
      </trkpt>
      <trkpt lon="16.552409" lat="43.518991">
        <ele>81.0</ele>
        <time>2026-08-26T16:59:32+02:00</time>
      </trkpt>
      <trkpt lon="16.552542" lat="43.518953">
        <ele>82.0</ele>
        <time>2026-08-26T16:59:33+02:00</time>
      </trkpt>
      <trkpt lon="16.552672" lat="43.518916">
        <ele>83.0</ele>
        <time>2026-08-26T16:59:34+02:00</time>
      </trkpt>
      <trkpt lon="16.552818" lat="43.518876">
        <ele>83.0</ele>
        <time>2026-08-26T16:59:35+02:00</time>
      </trkpt>
      <trkpt lon="16.552945" lat="43.518838">
        <ele>84.0</ele>
        <time>2026-08-26T16:59:36+02:00</time>
      </trkpt>
      <trkpt lon="16.553076" lat="43.518798">
        <ele>84.0</ele>
        <time>2026-08-26T16:59:37+02:00</time>
      </trkpt>
      <trkpt lon="16.553214" lat="43.518758">
        <ele>84.0</ele>
        <time>2026-08-26T16:59:38+02:00</time>
      </trkpt>
      <trkpt lon="16.553342" lat="43.518716">
        <ele>84.0</ele>
        <time>2026-08-26T16:59:39+02:00</time>
      </trkpt>
      <trkpt lon="16.553483" lat="43.518675">
        <ele>84.0</ele>
        <time>2026-08-26T16:59:40+02:00</time>
      </trkpt>
      <trkpt lon="16.553611" lat="43.518636">
        <ele>84.0</ele>
        <time>2026-08-26T16:59:41+02:00</time>
      </trkpt>
      <trkpt lon="16.553737" lat="43.51861">
        <ele>84.0</ele>
        <time>2026-08-26T16:59:42+02:00</time>
      </trkpt>
      <trkpt lon="16.55386" lat="43.518577">
        <ele>84.0</ele>
        <time>2026-08-26T16:59:43+02:00</time>
      </trkpt>
      <trkpt lon="16.553991" lat="43.518557">
        <ele>85.0</ele>
        <time>2026-08-26T16:59:44+02:00</time>
      </trkpt>
      <trkpt lon="16.554117" lat="43.518537">
        <ele>85.0</ele>
        <time>2026-08-26T16:59:45+02:00</time>
      </trkpt>
      <trkpt lon="16.554253" lat="43.518518">
        <ele>85.0</ele>
        <time>2026-08-26T16:59:46+02:00</time>
      </trkpt>
      <trkpt lon="16.554378" lat="43.518497">
        <ele>85.0</ele>
        <time>2026-08-26T16:59:47+02:00</time>
      </trkpt>
      <trkpt lon="16.554616" lat="43.518455">
        <ele>85.0</ele>
        <time>2026-08-26T16:59:49+02:00</time>
      </trkpt>
      <trkpt lon="16.554715" lat="43.518438">
        <ele>85.0</ele>
        <time>2026-08-26T16:59:50+02:00</time>
      </trkpt>
      <trkpt lon="16.554824" lat="43.518423">
        <ele>85.0</ele>
        <time>2026-08-26T16:59:51+02:00</time>
      </trkpt>
      <trkpt lon="16.55493" lat="43.51841">
        <ele>85.0</ele>
        <time>2026-08-26T16:59:52+02:00</time>
      </trkpt>
      <trkpt lon="16.555046" lat="43.518402">
        <ele>85.0</ele>
        <time>2026-08-26T16:59:53+02:00</time>
      </trkpt>
      <trkpt lon="16.555165" lat="43.518394">
        <ele>85.0</ele>
        <time>2026-08-26T16:59:54+02:00</time>
      </trkpt>
      <trkpt lon="16.555298" lat="43.518391">
        <ele>85.0</ele>
        <time>2026-08-26T16:59:55+02:00</time>
      </trkpt>
      <trkpt lon="16.555445" lat="43.518388">
        <ele>85.0</ele>
        <time>2026-08-26T16:59:56+02:00</time>
      </trkpt>
      <trkpt lon="16.555591" lat="43.51838">
        <ele>85.0</ele>
        <time>2026-08-26T16:59:57+02:00</time>
      </trkpt>
      <trkpt lon="16.555742" lat="43.518369">
        <ele>84.0</ele>
        <time>2026-08-26T16:59:58+02:00</time>
      </trkpt>
      <trkpt lon="16.555873" lat="43.518354">
        <ele>84.0</ele>
        <time>2026-08-26T16:59:59+02:00</time>
      </trkpt>
      <trkpt lon="16.556015" lat="43.518351">
        <ele>84.0</ele>
        <time>2026-08-26T17:00:00+02:00</time>
      </trkpt>
      <trkpt lon="16.556145" lat="43.518347">
        <ele>83.0</ele>
        <time>2026-08-26T17:00:01+02:00</time>
      </trkpt>
      <trkpt lon="16.556285" lat="43.518339">
        <ele>83.0</ele>
        <time>2026-08-26T17:00:02+02:00</time>
      </trkpt>
      <trkpt lon="16.556432" lat="43.518327">
        <ele>82.0</ele>
        <time>2026-08-26T17:00:03+02:00</time>
      </trkpt>
      <trkpt lon="16.556632" lat="43.518312">
        <ele>82.0</ele>
        <time>2026-08-26T17:00:05+02:00</time>
      </trkpt>
      <trkpt lon="16.556732" lat="43.518313">
        <ele>81.0</ele>
        <time>2026-08-26T17:00:06+02:00</time>
      </trkpt>
      <trkpt lon="16.556823" lat="43.518317">
        <ele>81.0</ele>
        <time>2026-08-26T17:00:07+02:00</time>
      </trkpt>
      <trkpt lon="16.556903" lat="43.518325">
        <ele>80.0</ele>
        <time>2026-08-26T17:00:08+02:00</time>
      </trkpt>
      <trkpt lon="16.556972" lat="43.518332">
        <ele>79.0</ele>
        <time>2026-08-26T17:00:09+02:00</time>
      </trkpt>
      <trkpt lon="16.557071" lat="43.518346">
        <ele>78.0</ele>
        <time>2026-08-26T17:00:11+02:00</time>
      </trkpt>
      <trkpt lon="16.557142" lat="43.518357">
        <ele>77.0</ele>
        <time>2026-08-26T17:00:13+02:00</time>
      </trkpt>
      <trkpt lon="16.557203" lat="43.518368">
        <ele>75.0</ele>
        <time>2026-08-26T17:00:16+02:00</time>
      </trkpt>
      <trkpt lon="16.557287" lat="43.518401">
        <ele>75.0</ele>
        <time>2026-08-26T17:00:19+02:00</time>
      </trkpt>
      <trkpt lon="16.557383" lat="43.518428">
        <ele>74.0</ele>
        <time>2026-08-26T17:00:21+02:00</time>
      </trkpt>
      <trkpt lon="16.557469" lat="43.518399">
        <ele>74.0</ele>
        <time>2026-08-26T17:00:23+02:00</time>
      </trkpt>
      <trkpt lon="16.557498" lat="43.51832">
        <ele>74.0</ele>
        <time>2026-08-26T17:00:25+02:00</time>
      </trkpt>
      <trkpt lon="16.557473" lat="43.518227">
        <ele>74.0</ele>
        <time>2026-08-26T17:00:27+02:00</time>
      </trkpt>
      <trkpt lon="16.557466" lat="43.518138">
        <ele>73.0</ele>
        <time>2026-08-26T17:00:29+02:00</time>
      </trkpt>
      <trkpt lon="16.557484" lat="43.518057">
        <ele>73.0</ele>
        <time>2026-08-26T17:00:31+02:00</time>
      </trkpt>
      <trkpt lon="16.557568" lat="43.518029">
        <ele>72.0</ele>
        <time>2026-08-26T17:00:33+02:00</time>
      </trkpt>
      <trkpt lon="16.557675" lat="43.518022">
        <ele>71.0</ele>
        <time>2026-08-26T17:00:35+02:00</time>
      </trkpt>
      <trkpt lon="16.557758" lat="43.517999">
        <ele>71.0</ele>
        <time>2026-08-26T17:00:36+02:00</time>
      </trkpt>
      <trkpt lon="16.55784" lat="43.51797">
        <ele>71.0</ele>
        <time>2026-08-26T17:00:37+02:00</time>
      </trkpt>
      <trkpt lon="16.557911" lat="43.517933">
        <ele>71.0</ele>
        <time>2026-08-26T17:00:38+02:00</time>
      </trkpt>
      <trkpt lon="16.557964" lat="43.5179">
        <ele>71.0</ele>
        <time>2026-08-26T17:00:39+02:00</time>
      </trkpt>
      <trkpt lon="16.55802" lat="43.517855">
        <ele>70.0</ele>
        <time>2026-08-26T17:00:41+02:00</time>
      </trkpt>
      <trkpt lon="16.558054" lat="43.517847">
        <ele>69.0</ele>
        <time>2026-08-26T17:00:45+02:00</time>
      </trkpt>
      <trkpt lon="16.558125" lat="43.517888">
        <ele>69.0</ele>
        <time>2026-08-26T17:00:50+02:00</time>
      </trkpt>
      <trkpt lon="16.558193" lat="43.517954">
        <ele>69.0</ele>
        <time>2026-08-26T17:00:52+02:00</time>
      </trkpt>
      <trkpt lon="16.558252" lat="43.518037">
        <ele>69.0</ele>
        <time>2026-08-26T17:00:54+02:00</time>
      </trkpt>
      <trkpt lon="16.558274" lat="43.518084">
        <ele>69.0</ele>
        <time>2026-08-26T17:00:55+02:00</time>
      </trkpt>
      <trkpt lon="16.558287" lat="43.518132">
        <ele>69.0</ele>
        <time>2026-08-26T17:00:56+02:00</time>
      </trkpt>
      <trkpt lon="16.558296" lat="43.518178">
        <ele>69.0</ele>
        <time>2026-08-26T17:00:57+02:00</time>
      </trkpt>
      <trkpt lon="16.558313" lat="43.518222">
        <ele>69.0</ele>
        <time>2026-08-26T17:00:58+02:00</time>
      </trkpt>
      <trkpt lon="16.558335" lat="43.518267">
        <ele>69.0</ele>
        <time>2026-08-26T17:00:59+02:00</time>
      </trkpt>
      <trkpt lon="16.55837" lat="43.518307">
        <ele>70.0</ele>
        <time>2026-08-26T17:01:00+02:00</time>
      </trkpt>
      <trkpt lon="16.558413" lat="43.518358">
        <ele>70.0</ele>
        <time>2026-08-26T17:01:01+02:00</time>
      </trkpt>
      <trkpt lon="16.558461" lat="43.518408">
        <ele>71.0</ele>
        <time>2026-08-26T17:01:02+02:00</time>
      </trkpt>
      <trkpt lon="16.558514" lat="43.51845">
        <ele>71.0</ele>
        <time>2026-08-26T17:01:03+02:00</time>
      </trkpt>
      <trkpt lon="16.558586" lat="43.5185">
        <ele>72.0</ele>
        <time>2026-08-26T17:01:04+02:00</time>
      </trkpt>
      <trkpt lon="16.558681" lat="43.518545">
        <ele>73.0</ele>
        <time>2026-08-26T17:01:05+02:00</time>
      </trkpt>
      <trkpt lon="16.558781" lat="43.518599">
        <ele>73.0</ele>
        <time>2026-08-26T17:01:06+02:00</time>
      </trkpt>
      <trkpt lon="16.558892" lat="43.518653">
        <ele>74.0</ele>
        <time>2026-08-26T17:01:07+02:00</time>
      </trkpt>
      <trkpt lon="16.559017" lat="43.518704">
        <ele>75.0</ele>
        <time>2026-08-26T17:01:08+02:00</time>
      </trkpt>
      <trkpt lon="16.559146" lat="43.518746">
        <ele>75.0</ele>
        <time>2026-08-26T17:01:09+02:00</time>
      </trkpt>
      <trkpt lon="16.559283" lat="43.518782">
        <ele>76.0</ele>
        <time>2026-08-26T17:01:10+02:00</time>
      </trkpt>
      <trkpt lon="16.559423" lat="43.518828">
        <ele>76.0</ele>
        <time>2026-08-26T17:01:11+02:00</time>
      </trkpt>
      <trkpt lon="16.559549" lat="43.518888">
        <ele>77.0</ele>
        <time>2026-08-26T17:01:12+02:00</time>
      </trkpt>
      <trkpt lon="16.559667" lat="43.518954">
        <ele>78.0</ele>
        <time>2026-08-26T17:01:13+02:00</time>
      </trkpt>
      <trkpt lon="16.559771" lat="43.519023">
        <ele>79.0</ele>
        <time>2026-08-26T17:01:14+02:00</time>
      </trkpt>
      <trkpt lon="16.559866" lat="43.519083">
        <ele>81.0</ele>
        <time>2026-08-26T17:01:15+02:00</time>
      </trkpt>
      <trkpt lon="16.560071" lat="43.519161">
        <ele>82.0</ele>
        <time>2026-08-26T17:01:17+02:00</time>
      </trkpt>
      <trkpt lon="16.560184" lat="43.519177">
        <ele>83.0</ele>
        <time>2026-08-26T17:01:18+02:00</time>
      </trkpt>
      <trkpt lon="16.560441" lat="43.519172">
        <ele>84.0</ele>
        <time>2026-08-26T17:01:20+02:00</time>
      </trkpt>
      <trkpt lon="16.560701" lat="43.519158">
        <ele>85.0</ele>
        <time>2026-08-26T17:01:22+02:00</time>
      </trkpt>
      <trkpt lon="16.560831" lat="43.519149">
        <ele>86.0</ele>
        <time>2026-08-26T17:01:23+02:00</time>
      </trkpt>
      <trkpt lon="16.560968" lat="43.51914">
        <ele>86.0</ele>
        <time>2026-08-26T17:01:24+02:00</time>
      </trkpt>
      <trkpt lon="16.561104" lat="43.519134">
        <ele>87.0</ele>
        <time>2026-08-26T17:01:25+02:00</time>
      </trkpt>
      <trkpt lon="16.561307" lat="43.519164">
        <ele>89.0</ele>
        <time>2026-08-26T17:01:27+02:00</time>
      </trkpt>
      <trkpt lon="16.561362" lat="43.519187">
        <ele>89.0</ele>
        <time>2026-08-26T17:01:28+02:00</time>
      </trkpt>
      <trkpt lon="16.561434" lat="43.519223">
        <ele>89.0</ele>
        <time>2026-08-26T17:01:29+02:00</time>
      </trkpt>
      <trkpt lon="16.561505" lat="43.519267">
        <ele>90.0</ele>
        <time>2026-08-26T17:01:30+02:00</time>
      </trkpt>
      <trkpt lon="16.561575" lat="43.519314">
        <ele>90.0</ele>
        <time>2026-08-26T17:01:31+02:00</time>
      </trkpt>
      <trkpt lon="16.561634" lat="43.519357">
        <ele>90.0</ele>
        <time>2026-08-26T17:01:32+02:00</time>
      </trkpt>
      <trkpt lon="16.561698" lat="43.519405">
        <ele>91.0</ele>
        <time>2026-08-26T17:01:33+02:00</time>
      </trkpt>
      <trkpt lon="16.561765" lat="43.519452">
        <ele>91.0</ele>
        <time>2026-08-26T17:01:34+02:00</time>
      </trkpt>
      <trkpt lon="16.56184" lat="43.519506">
        <ele>91.0</ele>
        <time>2026-08-26T17:01:35+02:00</time>
      </trkpt>
      <trkpt lon="16.561904" lat="43.519551">
        <ele>92.0</ele>
        <time>2026-08-26T17:01:36+02:00</time>
      </trkpt>
      <trkpt lon="16.561977" lat="43.519603">
        <ele>92.0</ele>
        <time>2026-08-26T17:01:37+02:00</time>
      </trkpt>
      <trkpt lon="16.562049" lat="43.519659">
        <ele>92.0</ele>
        <time>2026-08-26T17:01:38+02:00</time>
      </trkpt>
      <trkpt lon="16.562118" lat="43.519718">
        <ele>92.0</ele>
        <time>2026-08-26T17:01:39+02:00</time>
      </trkpt>
      <trkpt lon="16.562181" lat="43.519784">
        <ele>92.0</ele>
        <time>2026-08-26T17:01:40+02:00</time>
      </trkpt>
      <trkpt lon="16.562249" lat="43.519851">
        <ele>92.0</ele>
        <time>2026-08-26T17:01:41+02:00</time>
      </trkpt>
      <trkpt lon="16.562316" lat="43.51992">
        <ele>92.0</ele>
        <time>2026-08-26T17:01:42+02:00</time>
      </trkpt>
      <trkpt lon="16.562379" lat="43.519987">
        <ele>91.0</ele>
        <time>2026-08-26T17:01:43+02:00</time>
      </trkpt>
      <trkpt lon="16.562436" lat="43.520058">
        <ele>91.0</ele>
        <time>2026-08-26T17:01:44+02:00</time>
      </trkpt>
      <trkpt lon="16.562512" lat="43.520133">
        <ele>91.0</ele>
        <time>2026-08-26T17:01:45+02:00</time>
      </trkpt>
      <trkpt lon="16.562589" lat="43.520195">
        <ele>91.0</ele>
        <time>2026-08-26T17:01:46+02:00</time>
      </trkpt>
      <trkpt lon="16.562664" lat="43.520246">
        <ele>90.0</ele>
        <time>2026-08-26T17:01:47+02:00</time>
      </trkpt>
      <trkpt lon="16.562748" lat="43.52029">
        <ele>90.0</ele>
        <time>2026-08-26T17:01:48+02:00</time>
      </trkpt>
      <trkpt lon="16.562845" lat="43.520327">
        <ele>90.0</ele>
        <time>2026-08-26T17:01:49+02:00</time>
      </trkpt>
      <trkpt lon="16.562958" lat="43.520354">
        <ele>90.0</ele>
        <time>2026-08-26T17:01:50+02:00</time>
      </trkpt>
      <trkpt lon="16.563089" lat="43.520385">
        <ele>89.0</ele>
        <time>2026-08-26T17:01:51+02:00</time>
      </trkpt>
      <trkpt lon="16.563223" lat="43.520416">
        <ele>89.0</ele>
        <time>2026-08-26T17:01:52+02:00</time>
      </trkpt>
      <trkpt lon="16.563358" lat="43.52045">
        <ele>89.0</ele>
        <time>2026-08-26T17:01:53+02:00</time>
      </trkpt>
      <trkpt lon="16.563496" lat="43.52048">
        <ele>89.0</ele>
        <time>2026-08-26T17:01:54+02:00</time>
      </trkpt>
      <trkpt lon="16.563621" lat="43.520504">
        <ele>89.0</ele>
        <time>2026-08-26T17:01:55+02:00</time>
      </trkpt>
      <trkpt lon="16.563741" lat="43.520526">
        <ele>89.0</ele>
        <time>2026-08-26T17:01:56+02:00</time>
      </trkpt>
      <trkpt lon="16.563956" lat="43.520591">
        <ele>89.0</ele>
        <time>2026-08-26T17:01:58+02:00</time>
      </trkpt>
      <trkpt lon="16.564048" lat="43.520633">
        <ele>89.0</ele>
        <time>2026-08-26T17:01:59+02:00</time>
      </trkpt>
      <trkpt lon="16.564153" lat="43.520694">
        <ele>89.0</ele>
        <time>2026-08-26T17:02:00+02:00</time>
      </trkpt>
      <trkpt lon="16.564249" lat="43.520752">
        <ele>89.0</ele>
        <time>2026-08-26T17:02:01+02:00</time>
      </trkpt>
      <trkpt lon="16.56436" lat="43.520821">
        <ele>90.0</ele>
        <time>2026-08-26T17:02:02+02:00</time>
      </trkpt>
      <trkpt lon="16.564475" lat="43.520874">
        <ele>90.0</ele>
        <time>2026-08-26T17:02:03+02:00</time>
      </trkpt>
      <trkpt lon="16.564611" lat="43.52091">
        <ele>90.0</ele>
        <time>2026-08-26T17:02:04+02:00</time>
      </trkpt>
      <trkpt lon="16.564736" lat="43.52093">
        <ele>89.0</ele>
        <time>2026-08-26T17:02:05+02:00</time>
      </trkpt>
      <trkpt lon="16.564873" lat="43.520943">
        <ele>90.0</ele>
        <time>2026-08-26T17:02:06+02:00</time>
      </trkpt>
      <trkpt lon="16.565023" lat="43.520947">
        <ele>90.0</ele>
        <time>2026-08-26T17:02:07+02:00</time>
      </trkpt>
      <trkpt lon="16.565182" lat="43.520933">
        <ele>90.0</ele>
        <time>2026-08-26T17:02:08+02:00</time>
      </trkpt>
      <trkpt lon="16.565365" lat="43.520909">
        <ele>90.0</ele>
        <time>2026-08-26T17:02:09+02:00</time>
      </trkpt>
      <trkpt lon="16.565536" lat="43.520885">
        <ele>91.0</ele>
        <time>2026-08-26T17:02:10+02:00</time>
      </trkpt>
      <trkpt lon="16.565715" lat="43.52086">
        <ele>91.0</ele>
        <time>2026-08-26T17:02:11+02:00</time>
      </trkpt>
      <trkpt lon="16.565897" lat="43.520827">
        <ele>91.0</ele>
        <time>2026-08-26T17:02:12+02:00</time>
      </trkpt>
      <trkpt lon="16.56608" lat="43.520784">
        <ele>91.0</ele>
        <time>2026-08-26T17:02:13+02:00</time>
      </trkpt>
      <trkpt lon="16.566241" lat="43.52074">
        <ele>91.0</ele>
        <time>2026-08-26T17:02:14+02:00</time>
      </trkpt>
      <trkpt lon="16.566392" lat="43.520702">
        <ele>92.0</ele>
        <time>2026-08-26T17:02:15+02:00</time>
      </trkpt>
      <trkpt lon="16.566525" lat="43.520678">
        <ele>92.0</ele>
        <time>2026-08-26T17:02:16+02:00</time>
      </trkpt>
      <trkpt lon="16.56678" lat="43.520664">
        <ele>94.0</ele>
        <time>2026-08-26T17:02:18+02:00</time>
      </trkpt>
      <trkpt lon="16.566919" lat="43.52068">
        <ele>94.0</ele>
        <time>2026-08-26T17:02:19+02:00</time>
      </trkpt>
      <trkpt lon="16.567084" lat="43.520706">
        <ele>94.0</ele>
        <time>2026-08-26T17:02:20+02:00</time>
      </trkpt>
      <trkpt lon="16.567258" lat="43.520726">
        <ele>95.0</ele>
        <time>2026-08-26T17:02:21+02:00</time>
      </trkpt>
      <trkpt lon="16.56744" lat="43.520743">
        <ele>95.0</ele>
        <time>2026-08-26T17:02:22+02:00</time>
      </trkpt>
      <trkpt lon="16.567619" lat="43.520749">
        <ele>96.0</ele>
        <time>2026-08-26T17:02:23+02:00</time>
      </trkpt>
      <trkpt lon="16.567801" lat="43.520747">
        <ele>97.0</ele>
        <time>2026-08-26T17:02:24+02:00</time>
      </trkpt>
      <trkpt lon="16.567962" lat="43.520729">
        <ele>99.0</ele>
        <time>2026-08-26T17:02:25+02:00</time>
      </trkpt>
      <trkpt lon="16.56813" lat="43.520703">
        <ele>99.0</ele>
        <time>2026-08-26T17:02:26+02:00</time>
      </trkpt>
      <trkpt lon="16.568291" lat="43.52068">
        <ele>100.0</ele>
        <time>2026-08-26T17:02:27+02:00</time>
      </trkpt>
      <trkpt lon="16.568458" lat="43.520658">
        <ele>101.0</ele>
        <time>2026-08-26T17:02:28+02:00</time>
      </trkpt>
      <trkpt lon="16.568643" lat="43.520635">
        <ele>102.0</ele>
        <time>2026-08-26T17:02:29+02:00</time>
      </trkpt>
      <trkpt lon="16.568843" lat="43.520607">
        <ele>102.0</ele>
        <time>2026-08-26T17:02:30+02:00</time>
      </trkpt>
      <trkpt lon="16.569027" lat="43.520575">
        <ele>104.0</ele>
        <time>2026-08-26T17:02:31+02:00</time>
      </trkpt>
      <trkpt lon="16.569197" lat="43.520548">
        <ele>104.0</ele>
        <time>2026-08-26T17:02:32+02:00</time>
      </trkpt>
      <trkpt lon="16.569359" lat="43.520515">
        <ele>104.0</ele>
        <time>2026-08-26T17:02:33+02:00</time>
      </trkpt>
      <trkpt lon="16.56951" lat="43.520479">
        <ele>105.0</ele>
        <time>2026-08-26T17:02:34+02:00</time>
      </trkpt>
      <trkpt lon="16.569661" lat="43.520437">
        <ele>105.0</ele>
        <time>2026-08-26T17:02:35+02:00</time>
      </trkpt>
      <trkpt lon="16.569807" lat="43.520391">
        <ele>106.0</ele>
        <time>2026-08-26T17:02:36+02:00</time>
      </trkpt>
      <trkpt lon="16.569947" lat="43.520346">
        <ele>106.0</ele>
        <time>2026-08-26T17:02:37+02:00</time>
      </trkpt>
      <trkpt lon="16.570082" lat="43.520305">
        <ele>107.0</ele>
        <time>2026-08-26T17:02:38+02:00</time>
      </trkpt>
      <trkpt lon="16.570226" lat="43.52027">
        <ele>106.0</ele>
        <time>2026-08-26T17:02:39+02:00</time>
      </trkpt>
      <trkpt lon="16.570362" lat="43.520239">
        <ele>106.0</ele>
        <time>2026-08-26T17:02:40+02:00</time>
      </trkpt>
      <trkpt lon="16.570516" lat="43.520209">
        <ele>106.0</ele>
        <time>2026-08-26T17:02:41+02:00</time>
      </trkpt>
      <trkpt lon="16.570664" lat="43.520184">
        <ele>106.0</ele>
        <time>2026-08-26T17:02:42+02:00</time>
      </trkpt>
      <trkpt lon="16.57083" lat="43.520162">
        <ele>106.0</ele>
        <time>2026-08-26T17:02:43+02:00</time>
      </trkpt>
      <trkpt lon="16.570992" lat="43.52015">
        <ele>107.0</ele>
        <time>2026-08-26T17:02:44+02:00</time>
      </trkpt>
      <trkpt lon="16.571167" lat="43.520146">
        <ele>107.0</ele>
        <time>2026-08-26T17:02:45+02:00</time>
      </trkpt>
      <trkpt lon="16.57134" lat="43.520141">
        <ele>107.0</ele>
        <time>2026-08-26T17:02:46+02:00</time>
      </trkpt>
      <trkpt lon="16.571521" lat="43.52012">
        <ele>107.0</ele>
        <time>2026-08-26T17:02:47+02:00</time>
      </trkpt>
      <trkpt lon="16.571708" lat="43.520072">
        <ele>107.0</ele>
        <time>2026-08-26T17:02:48+02:00</time>
      </trkpt>
      <trkpt lon="16.571889" lat="43.519995">
        <ele>108.0</ele>
        <time>2026-08-26T17:02:49+02:00</time>
      </trkpt>
      <trkpt lon="16.572078" lat="43.5199">
        <ele>111.0</ele>
        <time>2026-08-26T17:02:50+02:00</time>
      </trkpt>
      <trkpt lon="16.572261" lat="43.519795">
        <ele>111.0</ele>
        <time>2026-08-26T17:02:51+02:00</time>
      </trkpt>
      <trkpt lon="16.572454" lat="43.519691">
        <ele>112.0</ele>
        <time>2026-08-26T17:02:52+02:00</time>
      </trkpt>
      <trkpt lon="16.572656" lat="43.519591">
        <ele>113.0</ele>
        <time>2026-08-26T17:02:53+02:00</time>
      </trkpt>
      <trkpt lon="16.572866" lat="43.519498">
        <ele>116.0</ele>
        <time>2026-08-26T17:02:54+02:00</time>
      </trkpt>
      <trkpt lon="16.573072" lat="43.519401">
        <ele>118.0</ele>
        <time>2026-08-26T17:02:55+02:00</time>
      </trkpt>
      <trkpt lon="16.573275" lat="43.519294">
        <ele>120.0</ele>
        <time>2026-08-26T17:02:56+02:00</time>
      </trkpt>
      <trkpt lon="16.573492" lat="43.51916">
        <ele>123.0</ele>
        <time>2026-08-26T17:02:57+02:00</time>
      </trkpt>
      <trkpt lon="16.573702" lat="43.519019">
        <ele>124.0</ele>
        <time>2026-08-26T17:02:58+02:00</time>
      </trkpt>
      <trkpt lon="16.573889" lat="43.518882">
        <ele>127.0</ele>
        <time>2026-08-26T17:02:59+02:00</time>
      </trkpt>
      <trkpt lon="16.574073" lat="43.518743">
        <ele>128.0</ele>
        <time>2026-08-26T17:03:00+02:00</time>
      </trkpt>
      <trkpt lon="16.574267" lat="43.518597">
        <ele>129.0</ele>
        <time>2026-08-26T17:03:01+02:00</time>
      </trkpt>
      <trkpt lon="16.574463" lat="43.518455">
        <ele>130.0</ele>
        <time>2026-08-26T17:03:02+02:00</time>
      </trkpt>
      <trkpt lon="16.574661" lat="43.518318">
        <ele>132.0</ele>
        <time>2026-08-26T17:03:03+02:00</time>
      </trkpt>
      <trkpt lon="16.574865" lat="43.518185">
        <ele>134.0</ele>
        <time>2026-08-26T17:03:04+02:00</time>
      </trkpt>
      <trkpt lon="16.575066" lat="43.518065">
        <ele>137.0</ele>
        <time>2026-08-26T17:03:05+02:00</time>
      </trkpt>
      <trkpt lon="16.575254" lat="43.51795">
        <ele>140.0</ele>
        <time>2026-08-26T17:03:06+02:00</time>
      </trkpt>
      <trkpt lon="16.57542" lat="43.517846">
        <ele>141.0</ele>
        <time>2026-08-26T17:03:07+02:00</time>
      </trkpt>
      <trkpt lon="16.575555" lat="43.517744">
        <ele>142.0</ele>
        <time>2026-08-26T17:03:08+02:00</time>
      </trkpt>
      <trkpt lon="16.575673" lat="43.517629">
        <ele>143.0</ele>
        <time>2026-08-26T17:03:09+02:00</time>
      </trkpt>
      <trkpt lon="16.575766" lat="43.517495">
        <ele>144.0</ele>
        <time>2026-08-26T17:03:10+02:00</time>
      </trkpt>
      <trkpt lon="16.575842" lat="43.517348">
        <ele>145.0</ele>
        <time>2026-08-26T17:03:11+02:00</time>
      </trkpt>
      <trkpt lon="16.575893" lat="43.517194">
        <ele>145.0</ele>
        <time>2026-08-26T17:03:12+02:00</time>
      </trkpt>
      <trkpt lon="16.575946" lat="43.517052">
        <ele>146.0</ele>
        <time>2026-08-26T17:03:13+02:00</time>
      </trkpt>
      <trkpt lon="16.576027" lat="43.516926">
        <ele>147.0</ele>
        <time>2026-08-26T17:03:14+02:00</time>
      </trkpt>
      <trkpt lon="16.576134" lat="43.516819">
        <ele>147.0</ele>
        <time>2026-08-26T17:03:15+02:00</time>
      </trkpt>
      <trkpt lon="16.57627" lat="43.516736">
        <ele>149.0</ele>
        <time>2026-08-26T17:03:16+02:00</time>
      </trkpt>
      <trkpt lon="16.576444" lat="43.516676">
        <ele>150.0</ele>
        <time>2026-08-26T17:03:17+02:00</time>
      </trkpt>
      <trkpt lon="16.57663" lat="43.51664">
        <ele>150.0</ele>
        <time>2026-08-26T17:03:18+02:00</time>
      </trkpt>
      <trkpt lon="16.576835" lat="43.516623">
        <ele>151.0</ele>
        <time>2026-08-26T17:03:19+02:00</time>
      </trkpt>
      <trkpt lon="16.577063" lat="43.516623">
        <ele>152.0</ele>
        <time>2026-08-26T17:03:20+02:00</time>
      </trkpt>
      <trkpt lon="16.577283" lat="43.516637">
        <ele>152.0</ele>
        <time>2026-08-26T17:03:21+02:00</time>
      </trkpt>
      <trkpt lon="16.577523" lat="43.516656">
        <ele>154.0</ele>
        <time>2026-08-26T17:03:22+02:00</time>
      </trkpt>
      <trkpt lon="16.577745" lat="43.516663">
        <ele>154.0</ele>
        <time>2026-08-26T17:03:23+02:00</time>
      </trkpt>
      <trkpt lon="16.57797" lat="43.516641">
        <ele>155.0</ele>
        <time>2026-08-26T17:03:24+02:00</time>
      </trkpt>
      <trkpt lon="16.57817" lat="43.51659">
        <ele>157.0</ele>
        <time>2026-08-26T17:03:25+02:00</time>
      </trkpt>
      <trkpt lon="16.578348" lat="43.516511">
        <ele>157.0</ele>
        <time>2026-08-26T17:03:26+02:00</time>
      </trkpt>
      <trkpt lon="16.578518" lat="43.516402">
        <ele>157.0</ele>
        <time>2026-08-26T17:03:27+02:00</time>
      </trkpt>
      <trkpt lon="16.578666" lat="43.516278">
        <ele>158.0</ele>
        <time>2026-08-26T17:03:28+02:00</time>
      </trkpt>
      <trkpt lon="16.578809" lat="43.516134">
        <ele>159.0</ele>
        <time>2026-08-26T17:03:29+02:00</time>
      </trkpt>
      <trkpt lon="16.57894" lat="43.515985">
        <ele>161.0</ele>
        <time>2026-08-26T17:03:30+02:00</time>
      </trkpt>
      <trkpt lon="16.579061" lat="43.515824">
        <ele>162.0</ele>
        <time>2026-08-26T17:03:31+02:00</time>
      </trkpt>
      <trkpt lon="16.579163" lat="43.515657">
        <ele>163.0</ele>
        <time>2026-08-26T17:03:32+02:00</time>
      </trkpt>
      <trkpt lon="16.579266" lat="43.515473">
        <ele>166.0</ele>
        <time>2026-08-26T17:03:33+02:00</time>
      </trkpt>
      <trkpt lon="16.579369" lat="43.51529">
        <ele>167.0</ele>
        <time>2026-08-26T17:03:34+02:00</time>
      </trkpt>
      <trkpt lon="16.579466" lat="43.515116">
        <ele>170.0</ele>
        <time>2026-08-26T17:03:35+02:00</time>
      </trkpt>
      <trkpt lon="16.579574" lat="43.514958">
        <ele>171.0</ele>
        <time>2026-08-26T17:03:36+02:00</time>
      </trkpt>
      <trkpt lon="16.57971" lat="43.514825">
        <ele>172.0</ele>
        <time>2026-08-26T17:03:37+02:00</time>
      </trkpt>
      <trkpt lon="16.579883" lat="43.514707">
        <ele>174.0</ele>
        <time>2026-08-26T17:03:38+02:00</time>
      </trkpt>
      <trkpt lon="16.580063" lat="43.514601">
        <ele>176.0</ele>
        <time>2026-08-26T17:03:39+02:00</time>
      </trkpt>
      <trkpt lon="16.580287" lat="43.514485">
        <ele>177.0</ele>
        <time>2026-08-26T17:03:40+02:00</time>
      </trkpt>
      <trkpt lon="16.580498" lat="43.514387">
        <ele>178.0</ele>
        <time>2026-08-26T17:03:41+02:00</time>
      </trkpt>
      <trkpt lon="16.580705" lat="43.514305">
        <ele>182.0</ele>
        <time>2026-08-26T17:03:42+02:00</time>
      </trkpt>
      <trkpt lon="16.580905" lat="43.514255">
        <ele>183.0</ele>
        <time>2026-08-26T17:03:43+02:00</time>
      </trkpt>
      <trkpt lon="16.581128" lat="43.514233">
        <ele>185.0</ele>
        <time>2026-08-26T17:03:44+02:00</time>
      </trkpt>
      <trkpt lon="16.581366" lat="43.514235">
        <ele>187.0</ele>
        <time>2026-08-26T17:03:45+02:00</time>
      </trkpt>
      <trkpt lon="16.581601" lat="43.514256">
        <ele>187.0</ele>
        <time>2026-08-26T17:03:46+02:00</time>
      </trkpt>
      <trkpt lon="16.581832" lat="43.514267">
        <ele>188.0</ele>
        <time>2026-08-26T17:03:47+02:00</time>
      </trkpt>
      <trkpt lon="16.582061" lat="43.514261">
        <ele>189.0</ele>
        <time>2026-08-26T17:03:48+02:00</time>
      </trkpt>
      <trkpt lon="16.582252" lat="43.514224">
        <ele>189.0</ele>
        <time>2026-08-26T17:03:49+02:00</time>
      </trkpt>
      <trkpt lon="16.582409" lat="43.514162">
        <ele>189.0</ele>
        <time>2026-08-26T17:03:50+02:00</time>
      </trkpt>
      <trkpt lon="16.582574" lat="43.514073">
        <ele>190.0</ele>
        <time>2026-08-26T17:03:51+02:00</time>
      </trkpt>
      <trkpt lon="16.582723" lat="43.513971">
        <ele>190.0</ele>
        <time>2026-08-26T17:03:52+02:00</time>
      </trkpt>
      <trkpt lon="16.582887" lat="43.513856">
        <ele>191.0</ele>
        <time>2026-08-26T17:03:53+02:00</time>
      </trkpt>
      <trkpt lon="16.583045" lat="43.513733">
        <ele>192.0</ele>
        <time>2026-08-26T17:03:54+02:00</time>
      </trkpt>
      <trkpt lon="16.583219" lat="43.513597">
        <ele>193.0</ele>
        <time>2026-08-26T17:03:55+02:00</time>
      </trkpt>
      <trkpt lon="16.583381" lat="43.51346">
        <ele>193.0</ele>
        <time>2026-08-26T17:03:56+02:00</time>
      </trkpt>
      <trkpt lon="16.583554" lat="43.51331">
        <ele>194.0</ele>
        <time>2026-08-26T17:03:57+02:00</time>
      </trkpt>
      <trkpt lon="16.583738" lat="43.513166">
        <ele>195.0</ele>
        <time>2026-08-26T17:03:58+02:00</time>
      </trkpt>
      <trkpt lon="16.583917" lat="43.513022">
        <ele>196.0</ele>
        <time>2026-08-26T17:03:59+02:00</time>
      </trkpt>
      <trkpt lon="16.584098" lat="43.51288">
        <ele>197.0</ele>
        <time>2026-08-26T17:04:00+02:00</time>
      </trkpt>
      <trkpt lon="16.584286" lat="43.512734">
        <ele>199.0</ele>
        <time>2026-08-26T17:04:01+02:00</time>
      </trkpt>
      <trkpt lon="16.584466" lat="43.512592">
        <ele>200.0</ele>
        <time>2026-08-26T17:04:02+02:00</time>
      </trkpt>
      <trkpt lon="16.58465" lat="43.512447">
        <ele>201.0</ele>
        <time>2026-08-26T17:04:03+02:00</time>
      </trkpt>
      <trkpt lon="16.584844" lat="43.512302">
        <ele>202.0</ele>
        <time>2026-08-26T17:04:04+02:00</time>
      </trkpt>
      <trkpt lon="16.58502" lat="43.512163">
        <ele>203.0</ele>
        <time>2026-08-26T17:04:05+02:00</time>
      </trkpt>
      <trkpt lon="16.585202" lat="43.512018">
        <ele>204.0</ele>
        <time>2026-08-26T17:04:06+02:00</time>
      </trkpt>
      <trkpt lon="16.585369" lat="43.511876">
        <ele>205.0</ele>
        <time>2026-08-26T17:04:07+02:00</time>
      </trkpt>
      <trkpt lon="16.585539" lat="43.511734">
        <ele>206.0</ele>
        <time>2026-08-26T17:04:08+02:00</time>
      </trkpt>
      <trkpt lon="16.585716" lat="43.511596">
        <ele>207.0</ele>
        <time>2026-08-26T17:04:09+02:00</time>
      </trkpt>
      <trkpt lon="16.585909" lat="43.511471">
        <ele>208.0</ele>
        <time>2026-08-26T17:04:10+02:00</time>
      </trkpt>
      <trkpt lon="16.586124" lat="43.511349">
        <ele>209.0</ele>
        <time>2026-08-26T17:04:11+02:00</time>
      </trkpt>
      <trkpt lon="16.586344" lat="43.511237">
        <ele>210.0</ele>
        <time>2026-08-26T17:04:12+02:00</time>
      </trkpt>
      <trkpt lon="16.586579" lat="43.511127">
        <ele>210.0</ele>
        <time>2026-08-26T17:04:13+02:00</time>
      </trkpt>
      <trkpt lon="16.586814" lat="43.511038">
        <ele>211.0</ele>
        <time>2026-08-26T17:04:14+02:00</time>
      </trkpt>
      <trkpt lon="16.58706" lat="43.510949">
        <ele>211.0</ele>
        <time>2026-08-26T17:04:15+02:00</time>
      </trkpt>
      <trkpt lon="16.587293" lat="43.510855">
        <ele>212.0</ele>
        <time>2026-08-26T17:04:16+02:00</time>
      </trkpt>
      <trkpt lon="16.587495" lat="43.510745">
        <ele>212.0</ele>
        <time>2026-08-26T17:04:17+02:00</time>
      </trkpt>
      <trkpt lon="16.58768" lat="43.510623">
        <ele>212.0</ele>
        <time>2026-08-26T17:04:18+02:00</time>
      </trkpt>
      <trkpt lon="16.587832" lat="43.510495">
        <ele>212.0</ele>
        <time>2026-08-26T17:04:19+02:00</time>
      </trkpt>
      <trkpt lon="16.587925" lat="43.510377">
        <ele>213.0</ele>
        <time>2026-08-26T17:04:20+02:00</time>
      </trkpt>
      <trkpt lon="16.587985" lat="43.510248">
        <ele>213.0</ele>
        <time>2026-08-26T17:04:21+02:00</time>
      </trkpt>
      <trkpt lon="16.588021" lat="43.51012">
        <ele>213.0</ele>
        <time>2026-08-26T17:04:22+02:00</time>
      </trkpt>
      <trkpt lon="16.588047" lat="43.509987">
        <ele>213.0</ele>
        <time>2026-08-26T17:04:23+02:00</time>
      </trkpt>
      <trkpt lon="16.588085" lat="43.509855">
        <ele>214.0</ele>
        <time>2026-08-26T17:04:24+02:00</time>
      </trkpt>
      <trkpt lon="16.588147" lat="43.509733">
        <ele>215.0</ele>
        <time>2026-08-26T17:04:25+02:00</time>
      </trkpt>
      <trkpt lon="16.58824" lat="43.509629">
        <ele>215.0</ele>
        <time>2026-08-26T17:04:26+02:00</time>
      </trkpt>
      <trkpt lon="16.588362" lat="43.509562">
        <ele>216.0</ele>
        <time>2026-08-26T17:04:27+02:00</time>
      </trkpt>
      <trkpt lon="16.5885" lat="43.509504">
        <ele>217.0</ele>
        <time>2026-08-26T17:04:28+02:00</time>
      </trkpt>
      <trkpt lon="16.588655" lat="43.509456">
        <ele>218.0</ele>
        <time>2026-08-26T17:04:29+02:00</time>
      </trkpt>
      <trkpt lon="16.588784" lat="43.509418">
        <ele>218.0</ele>
        <time>2026-08-26T17:04:30+02:00</time>
      </trkpt>
      <trkpt lon="16.588909" lat="43.509386">
        <ele>219.0</ele>
        <time>2026-08-26T17:04:31+02:00</time>
      </trkpt>
      <trkpt lon="16.589038" lat="43.509354">
        <ele>219.0</ele>
        <time>2026-08-26T17:04:32+02:00</time>
      </trkpt>
      <trkpt lon="16.589158" lat="43.509324">
        <ele>220.0</ele>
        <time>2026-08-26T17:04:33+02:00</time>
      </trkpt>
      <trkpt lon="16.589279" lat="43.509288">
        <ele>220.0</ele>
        <time>2026-08-26T17:04:34+02:00</time>
      </trkpt>
      <trkpt lon="16.589421" lat="43.509248">
        <ele>221.0</ele>
        <time>2026-08-26T17:04:35+02:00</time>
      </trkpt>
      <trkpt lon="16.589551" lat="43.5092">
        <ele>222.0</ele>
        <time>2026-08-26T17:04:36+02:00</time>
      </trkpt>
      <trkpt lon="16.589682" lat="43.509137">
        <ele>222.0</ele>
        <time>2026-08-26T17:04:37+02:00</time>
      </trkpt>
      <trkpt lon="16.589803" lat="43.509055">
        <ele>223.0</ele>
        <time>2026-08-26T17:04:38+02:00</time>
      </trkpt>
      <trkpt lon="16.589893" lat="43.508962">
        <ele>224.0</ele>
        <time>2026-08-26T17:04:39+02:00</time>
      </trkpt>
      <trkpt lon="16.590013" lat="43.50884">
        <ele>226.0</ele>
        <time>2026-08-26T17:04:41+02:00</time>
      </trkpt>
      <trkpt lon="16.590088" lat="43.508828">
        <ele>226.0</ele>
        <time>2026-08-26T17:04:42+02:00</time>
      </trkpt>
      <trkpt lon="16.590166" lat="43.508856">
        <ele>227.0</ele>
        <time>2026-08-26T17:04:43+02:00</time>
      </trkpt>
      <trkpt lon="16.590255" lat="43.508915">
        <ele>228.0</ele>
        <time>2026-08-26T17:04:44+02:00</time>
      </trkpt>
      <trkpt lon="16.590338" lat="43.509008">
        <ele>228.0</ele>
        <time>2026-08-26T17:04:45+02:00</time>
      </trkpt>
      <trkpt lon="16.590431" lat="43.509116">
        <ele>228.0</ele>
        <time>2026-08-26T17:04:46+02:00</time>
      </trkpt>
      <trkpt lon="16.590534" lat="43.509229">
        <ele>229.0</ele>
        <time>2026-08-26T17:04:47+02:00</time>
      </trkpt>
      <trkpt lon="16.590654" lat="43.509341">
        <ele>229.0</ele>
        <time>2026-08-26T17:04:48+02:00</time>
      </trkpt>
      <trkpt lon="16.590764" lat="43.509441">
        <ele>229.0</ele>
        <time>2026-08-26T17:04:49+02:00</time>
      </trkpt>
      <trkpt lon="16.590871" lat="43.50954">
        <ele>230.0</ele>
        <time>2026-08-26T17:04:50+02:00</time>
      </trkpt>
      <trkpt lon="16.590978" lat="43.509635">
        <ele>231.0</ele>
        <time>2026-08-26T17:04:51+02:00</time>
      </trkpt>
      <trkpt lon="16.591084" lat="43.509724">
        <ele>231.0</ele>
        <time>2026-08-26T17:04:52+02:00</time>
      </trkpt>
      <trkpt lon="16.59119" lat="43.509809">
        <ele>232.0</ele>
        <time>2026-08-26T17:04:53+02:00</time>
      </trkpt>
      <trkpt lon="16.591285" lat="43.509883">
        <ele>233.0</ele>
        <time>2026-08-26T17:04:54+02:00</time>
      </trkpt>
      <trkpt lon="16.591379" lat="43.509957">
        <ele>235.0</ele>
        <time>2026-08-26T17:04:55+02:00</time>
      </trkpt>
      <trkpt lon="16.591479" lat="43.51003">
        <ele>237.0</ele>
        <time>2026-08-26T17:04:56+02:00</time>
      </trkpt>
      <trkpt lon="16.591587" lat="43.510103">
        <ele>238.0</ele>
        <time>2026-08-26T17:04:57+02:00</time>
      </trkpt>
      <trkpt lon="16.591703" lat="43.510178">
        <ele>239.0</ele>
        <time>2026-08-26T17:04:58+02:00</time>
      </trkpt>
      <trkpt lon="16.59183" lat="43.510245">
        <ele>240.0</ele>
        <time>2026-08-26T17:04:59+02:00</time>
      </trkpt>
      <trkpt lon="16.591973" lat="43.510312">
        <ele>241.0</ele>
        <time>2026-08-26T17:05:00+02:00</time>
      </trkpt>
      <trkpt lon="16.592109" lat="43.510377">
        <ele>242.0</ele>
        <time>2026-08-26T17:05:01+02:00</time>
      </trkpt>
      <trkpt lon="16.592248" lat="43.510445">
        <ele>243.0</ele>
        <time>2026-08-26T17:05:02+02:00</time>
      </trkpt>
      <trkpt lon="16.592382" lat="43.510518">
        <ele>244.0</ele>
        <time>2026-08-26T17:05:03+02:00</time>
      </trkpt>
      <trkpt lon="16.592511" lat="43.510583">
        <ele>246.0</ele>
        <time>2026-08-26T17:05:04+02:00</time>
      </trkpt>
      <trkpt lon="16.592654" lat="43.510654">
        <ele>247.0</ele>
        <time>2026-08-26T17:05:05+02:00</time>
      </trkpt>
      <trkpt lon="16.592784" lat="43.510735">
        <ele>249.0</ele>
        <time>2026-08-26T17:05:06+02:00</time>
      </trkpt>
      <trkpt lon="16.592881" lat="43.510811">
        <ele>250.0</ele>
        <time>2026-08-26T17:05:07+02:00</time>
      </trkpt>
      <trkpt lon="16.592945" lat="43.510889">
        <ele>252.0</ele>
        <time>2026-08-26T17:05:08+02:00</time>
      </trkpt>
      <trkpt lon="16.592997" lat="43.510947">
        <ele>253.0</ele>
        <time>2026-08-26T17:05:09+02:00</time>
      </trkpt>
      <trkpt lon="16.59306" lat="43.510986">
        <ele>254.0</ele>
        <time>2026-08-26T17:05:10+02:00</time>
      </trkpt>
      <trkpt lon="16.593123" lat="43.510992">
        <ele>256.0</ele>
        <time>2026-08-26T17:05:11+02:00</time>
      </trkpt>
      <trkpt lon="16.59318" lat="43.510908">
        <ele>257.0</ele>
        <time>2026-08-26T17:05:13+02:00</time>
      </trkpt>
      <trkpt lon="16.59317" lat="43.510844">
        <ele>258.0</ele>
        <time>2026-08-26T17:05:14+02:00</time>
      </trkpt>
      <trkpt lon="16.593127" lat="43.510763">
        <ele>258.0</ele>
        <time>2026-08-26T17:05:15+02:00</time>
      </trkpt>
      <trkpt lon="16.593081" lat="43.510675">
        <ele>259.0</ele>
        <time>2026-08-26T17:05:16+02:00</time>
      </trkpt>
      <trkpt lon="16.593066" lat="43.510587">
        <ele>259.0</ele>
        <time>2026-08-26T17:05:17+02:00</time>
      </trkpt>
      <trkpt lon="16.593093" lat="43.510515">
        <ele>260.0</ele>
        <time>2026-08-26T17:05:18+02:00</time>
      </trkpt>
      <trkpt lon="16.593134" lat="43.510463">
        <ele>261.0</ele>
        <time>2026-08-26T17:05:19+02:00</time>
      </trkpt>
      <trkpt lon="16.593195" lat="43.510386">
        <ele>261.0</ele>
        <time>2026-08-26T17:05:20+02:00</time>
      </trkpt>
      <trkpt lon="16.59326" lat="43.510303">
        <ele>262.0</ele>
        <time>2026-08-26T17:05:21+02:00</time>
      </trkpt>
      <trkpt lon="16.593321" lat="43.510223">
        <ele>263.0</ele>
        <time>2026-08-26T17:05:22+02:00</time>
      </trkpt>
      <trkpt lon="16.593381" lat="43.510145">
        <ele>265.0</ele>
        <time>2026-08-26T17:05:23+02:00</time>
      </trkpt>
      <trkpt lon="16.593447" lat="43.510071">
        <ele>266.0</ele>
        <time>2026-08-26T17:05:24+02:00</time>
      </trkpt>
      <trkpt lon="16.593499" lat="43.509982">
        <ele>266.0</ele>
        <time>2026-08-26T17:05:25+02:00</time>
      </trkpt>
      <trkpt lon="16.593527" lat="43.509893">
        <ele>267.0</ele>
        <time>2026-08-26T17:05:26+02:00</time>
      </trkpt>
      <trkpt lon="16.593533" lat="43.5098">
        <ele>268.0</ele>
        <time>2026-08-26T17:05:27+02:00</time>
      </trkpt>
      <trkpt lon="16.593531" lat="43.509697">
        <ele>269.0</ele>
        <time>2026-08-26T17:05:28+02:00</time>
      </trkpt>
      <trkpt lon="16.593517" lat="43.509517">
        <ele>271.0</ele>
        <time>2026-08-26T17:05:30+02:00</time>
      </trkpt>
      <trkpt lon="16.593536" lat="43.509436">
        <ele>272.0</ele>
        <time>2026-08-26T17:05:31+02:00</time>
      </trkpt>
      <trkpt lon="16.593581" lat="43.509351">
        <ele>272.0</ele>
        <time>2026-08-26T17:05:32+02:00</time>
      </trkpt>
      <trkpt lon="16.593639" lat="43.509265">
        <ele>273.0</ele>
        <time>2026-08-26T17:05:33+02:00</time>
      </trkpt>
      <trkpt lon="16.593694" lat="43.509169">
        <ele>274.0</ele>
        <time>2026-08-26T17:05:34+02:00</time>
      </trkpt>
      <trkpt lon="16.593731" lat="43.509069">
        <ele>275.0</ele>
        <time>2026-08-26T17:05:35+02:00</time>
      </trkpt>
      <trkpt lon="16.593766" lat="43.50897">
        <ele>276.0</ele>
        <time>2026-08-26T17:05:36+02:00</time>
      </trkpt>
      <trkpt lon="16.593817" lat="43.508869">
        <ele>277.0</ele>
        <time>2026-08-26T17:05:37+02:00</time>
      </trkpt>
      <trkpt lon="16.593872" lat="43.50877">
        <ele>278.0</ele>
        <time>2026-08-26T17:05:38+02:00</time>
      </trkpt>
      <trkpt lon="16.593931" lat="43.508678">
        <ele>279.0</ele>
        <time>2026-08-26T17:05:39+02:00</time>
      </trkpt>
      <trkpt lon="16.593998" lat="43.508587">
        <ele>280.0</ele>
        <time>2026-08-26T17:05:40+02:00</time>
      </trkpt>
      <trkpt lon="16.594072" lat="43.508501">
        <ele>281.0</ele>
        <time>2026-08-26T17:05:41+02:00</time>
      </trkpt>
      <trkpt lon="16.59416" lat="43.508423">
        <ele>282.0</ele>
        <time>2026-08-26T17:05:42+02:00</time>
      </trkpt>
      <trkpt lon="16.594251" lat="43.508348">
        <ele>283.0</ele>
        <time>2026-08-26T17:05:43+02:00</time>
      </trkpt>
      <trkpt lon="16.594352" lat="43.508269">
        <ele>284.0</ele>
        <time>2026-08-26T17:05:44+02:00</time>
      </trkpt>
      <trkpt lon="16.594466" lat="43.508197">
        <ele>285.0</ele>
        <time>2026-08-26T17:05:45+02:00</time>
      </trkpt>
      <trkpt lon="16.594572" lat="43.508125">
        <ele>286.0</ele>
        <time>2026-08-26T17:05:46+02:00</time>
      </trkpt>
      <trkpt lon="16.594675" lat="43.50805">
        <ele>287.0</ele>
        <time>2026-08-26T17:05:47+02:00</time>
      </trkpt>
      <trkpt lon="16.594781" lat="43.50797">
        <ele>288.0</ele>
        <time>2026-08-26T17:05:48+02:00</time>
      </trkpt>
      <trkpt lon="16.59488" lat="43.507879">
        <ele>289.0</ele>
        <time>2026-08-26T17:05:49+02:00</time>
      </trkpt>
      <trkpt lon="16.594987" lat="43.507787">
        <ele>290.0</ele>
        <time>2026-08-26T17:05:50+02:00</time>
      </trkpt>
      <trkpt lon="16.595076" lat="43.507706">
        <ele>291.0</ele>
        <time>2026-08-26T17:05:51+02:00</time>
      </trkpt>
      <trkpt lon="16.595221" lat="43.507574">
        <ele>293.0</ele>
        <time>2026-08-26T17:05:53+02:00</time>
      </trkpt>
      <trkpt lon="16.59529" lat="43.507516">
        <ele>294.0</ele>
        <time>2026-08-26T17:05:54+02:00</time>
      </trkpt>
      <trkpt lon="16.595369" lat="43.507453">
        <ele>295.0</ele>
        <time>2026-08-26T17:05:55+02:00</time>
      </trkpt>
      <trkpt lon="16.59546" lat="43.507382">
        <ele>296.0</ele>
        <time>2026-08-26T17:05:56+02:00</time>
      </trkpt>
      <trkpt lon="16.595554" lat="43.507307">
        <ele>297.0</ele>
        <time>2026-08-26T17:05:57+02:00</time>
      </trkpt>
      <trkpt lon="16.595649" lat="43.507224">
        <ele>298.0</ele>
        <time>2026-08-26T17:05:58+02:00</time>
      </trkpt>
      <trkpt lon="16.595746" lat="43.507142">
        <ele>299.0</ele>
        <time>2026-08-26T17:05:59+02:00</time>
      </trkpt>
      <trkpt lon="16.595843" lat="43.50707">
        <ele>300.0</ele>
        <time>2026-08-26T17:06:00+02:00</time>
      </trkpt>
      <trkpt lon="16.595973" lat="43.506976">
        <ele>301.0</ele>
        <time>2026-08-26T17:06:02+02:00</time>
      </trkpt>
      <trkpt lon="16.596033" lat="43.506933">
        <ele>301.0</ele>
        <time>2026-08-26T17:06:03+02:00</time>
      </trkpt>
      <trkpt lon="16.596116" lat="43.506885">
        <ele>302.0</ele>
        <time>2026-08-26T17:06:04+02:00</time>
      </trkpt>
      <trkpt lon="16.596198" lat="43.506832">
        <ele>303.0</ele>
        <time>2026-08-26T17:06:05+02:00</time>
      </trkpt>
      <trkpt lon="16.596278" lat="43.506787">
        <ele>303.0</ele>
        <time>2026-08-26T17:06:06+02:00</time>
      </trkpt>
      <trkpt lon="16.59635" lat="43.506743">
        <ele>304.0</ele>
        <time>2026-08-26T17:06:07+02:00</time>
      </trkpt>
      <trkpt lon="16.596425" lat="43.506702">
        <ele>304.0</ele>
        <time>2026-08-26T17:06:08+02:00</time>
      </trkpt>
      <trkpt lon="16.596496" lat="43.506659">
        <ele>304.0</ele>
        <time>2026-08-26T17:06:09+02:00</time>
      </trkpt>
      <trkpt lon="16.596583" lat="43.506607">
        <ele>304.0</ele>
        <time>2026-08-26T17:06:10+02:00</time>
      </trkpt>
      <trkpt lon="16.596671" lat="43.506553">
        <ele>304.0</ele>
        <time>2026-08-26T17:06:11+02:00</time>
      </trkpt>
      <trkpt lon="16.596748" lat="43.506503">
        <ele>304.0</ele>
        <time>2026-08-26T17:06:12+02:00</time>
      </trkpt>
      <trkpt lon="16.596818" lat="43.506459">
        <ele>304.0</ele>
        <time>2026-08-26T17:06:13+02:00</time>
      </trkpt>
      <trkpt lon="16.596876" lat="43.506422">
        <ele>304.0</ele>
        <time>2026-08-26T17:06:14+02:00</time>
      </trkpt>
      <trkpt lon="16.59694" lat="43.506383">
        <ele>304.0</ele>
        <time>2026-08-26T17:06:15+02:00</time>
      </trkpt>
      <trkpt lon="16.597012" lat="43.506335">
        <ele>304.0</ele>
        <time>2026-08-26T17:06:16+02:00</time>
      </trkpt>
      <trkpt lon="16.5971" lat="43.506275">
        <ele>304.0</ele>
        <time>2026-08-26T17:06:17+02:00</time>
      </trkpt>
      <trkpt lon="16.597189" lat="43.506218">
        <ele>304.0</ele>
        <time>2026-08-26T17:06:18+02:00</time>
      </trkpt>
      <trkpt lon="16.597271" lat="43.506166">
        <ele>304.0</ele>
        <time>2026-08-26T17:06:19+02:00</time>
      </trkpt>
      <trkpt lon="16.597345" lat="43.506122">
        <ele>303.0</ele>
        <time>2026-08-26T17:06:20+02:00</time>
      </trkpt>
      <trkpt lon="16.597417" lat="43.506085">
        <ele>303.0</ele>
        <time>2026-08-26T17:06:21+02:00</time>
      </trkpt>
      <trkpt lon="16.597495" lat="43.506042">
        <ele>303.0</ele>
        <time>2026-08-26T17:06:22+02:00</time>
      </trkpt>
      <trkpt lon="16.597589" lat="43.505988">
        <ele>302.0</ele>
        <time>2026-08-26T17:06:23+02:00</time>
      </trkpt>
      <trkpt lon="16.597701" lat="43.505942">
        <ele>302.0</ele>
        <time>2026-08-26T17:06:24+02:00</time>
      </trkpt>
      <trkpt lon="16.59783" lat="43.5059">
        <ele>302.0</ele>
        <time>2026-08-26T17:06:25+02:00</time>
      </trkpt>
      <trkpt lon="16.59798" lat="43.505867">
        <ele>301.0</ele>
        <time>2026-08-26T17:06:26+02:00</time>
      </trkpt>
      <trkpt lon="16.598127" lat="43.505841">
        <ele>301.0</ele>
        <time>2026-08-26T17:06:27+02:00</time>
      </trkpt>
      <trkpt lon="16.598285" lat="43.505814">
        <ele>301.0</ele>
        <time>2026-08-26T17:06:28+02:00</time>
      </trkpt>
      <trkpt lon="16.598442" lat="43.505782">
        <ele>300.0</ele>
        <time>2026-08-26T17:06:29+02:00</time>
      </trkpt>
      <trkpt lon="16.598575" lat="43.505752">
        <ele>300.0</ele>
        <time>2026-08-26T17:06:30+02:00</time>
      </trkpt>
      <trkpt lon="16.59869" lat="43.505715">
        <ele>298.0</ele>
        <time>2026-08-26T17:06:31+02:00</time>
      </trkpt>
      <trkpt lon="16.598785" lat="43.50565">
        <ele>298.0</ele>
        <time>2026-08-26T17:06:32+02:00</time>
      </trkpt>
      <trkpt lon="16.598866" lat="43.505462">
        <ele>296.0</ele>
        <time>2026-08-26T17:06:34+02:00</time>
      </trkpt>
      <trkpt lon="16.598871" lat="43.50535">
        <ele>295.0</ele>
        <time>2026-08-26T17:06:35+02:00</time>
      </trkpt>
      <trkpt lon="16.598875" lat="43.505223">
        <ele>295.0</ele>
        <time>2026-08-26T17:06:36+02:00</time>
      </trkpt>
      <trkpt lon="16.598879" lat="43.505083">
        <ele>295.0</ele>
        <time>2026-08-26T17:06:37+02:00</time>
      </trkpt>
      <trkpt lon="16.598888" lat="43.504932">
        <ele>295.0</ele>
        <time>2026-08-26T17:06:38+02:00</time>
      </trkpt>
      <trkpt lon="16.598897" lat="43.504775">
        <ele>295.0</ele>
        <time>2026-08-26T17:06:39+02:00</time>
      </trkpt>
      <trkpt lon="16.598906" lat="43.504613">
        <ele>295.0</ele>
        <time>2026-08-26T17:06:40+02:00</time>
      </trkpt>
      <trkpt lon="16.598912" lat="43.504459">
        <ele>297.0</ele>
        <time>2026-08-26T17:06:41+02:00</time>
      </trkpt>
      <trkpt lon="16.598929" lat="43.504315">
        <ele>298.0</ele>
        <time>2026-08-26T17:06:42+02:00</time>
      </trkpt>
      <trkpt lon="16.598976" lat="43.504176">
        <ele>299.0</ele>
        <time>2026-08-26T17:06:43+02:00</time>
      </trkpt>
      <trkpt lon="16.59906" lat="43.504038">
        <ele>300.0</ele>
        <time>2026-08-26T17:06:44+02:00</time>
      </trkpt>
      <trkpt lon="16.599159" lat="43.503916">
        <ele>300.0</ele>
        <time>2026-08-26T17:06:45+02:00</time>
      </trkpt>
      <trkpt lon="16.599293" lat="43.503806">
        <ele>301.0</ele>
        <time>2026-08-26T17:06:46+02:00</time>
      </trkpt>
      <trkpt lon="16.599431" lat="43.503736">
        <ele>302.0</ele>
        <time>2026-08-26T17:06:47+02:00</time>
      </trkpt>
      <trkpt lon="16.599569" lat="43.503698">
        <ele>303.0</ele>
        <time>2026-08-26T17:06:48+02:00</time>
      </trkpt>
      <trkpt lon="16.599769" lat="43.503638">
        <ele>304.0</ele>
        <time>2026-08-26T17:06:50+02:00</time>
      </trkpt>
      <trkpt lon="16.599766" lat="43.503562">
        <ele>306.0</ele>
        <time>2026-08-26T17:06:52+02:00</time>
      </trkpt>
      <trkpt lon="16.59971" lat="43.503533">
        <ele>306.0</ele>
        <time>2026-08-26T17:06:53+02:00</time>
      </trkpt>
      <trkpt lon="16.599615" lat="43.503531">
        <ele>307.0</ele>
        <time>2026-08-26T17:06:54+02:00</time>
      </trkpt>
      <trkpt lon="16.599515" lat="43.503565">
        <ele>308.0</ele>
        <time>2026-08-26T17:06:55+02:00</time>
      </trkpt>
      <trkpt lon="16.599396" lat="43.503617">
        <ele>309.0</ele>
        <time>2026-08-26T17:06:56+02:00</time>
      </trkpt>
      <trkpt lon="16.599251" lat="43.50365">
        <ele>309.0</ele>
        <time>2026-08-26T17:06:57+02:00</time>
      </trkpt>
      <trkpt lon="16.599085" lat="43.503664">
        <ele>310.0</ele>
        <time>2026-08-26T17:06:58+02:00</time>
      </trkpt>
      <trkpt lon="16.598883" lat="43.503664">
        <ele>310.0</ele>
        <time>2026-08-26T17:06:59+02:00</time>
      </trkpt>
      <trkpt lon="16.598693" lat="43.503668">
        <ele>311.0</ele>
        <time>2026-08-26T17:07:00+02:00</time>
      </trkpt>
      <trkpt lon="16.598509" lat="43.503679">
        <ele>313.0</ele>
        <time>2026-08-26T17:07:01+02:00</time>
      </trkpt>
      <trkpt lon="16.598327" lat="43.503686">
        <ele>313.0</ele>
        <time>2026-08-26T17:07:02+02:00</time>
      </trkpt>
      <trkpt lon="16.598145" lat="43.503694">
        <ele>314.0</ele>
        <time>2026-08-26T17:07:03+02:00</time>
      </trkpt>
      <trkpt lon="16.597968" lat="43.503711">
        <ele>316.0</ele>
        <time>2026-08-26T17:07:04+02:00</time>
      </trkpt>
      <trkpt lon="16.597813" lat="43.503731">
        <ele>316.0</ele>
        <time>2026-08-26T17:07:05+02:00</time>
      </trkpt>
      <trkpt lon="16.597683" lat="43.503753">
        <ele>317.0</ele>
        <time>2026-08-26T17:07:06+02:00</time>
      </trkpt>
      <trkpt lon="16.597534" lat="43.503717">
        <ele>318.0</ele>
        <time>2026-08-26T17:07:08+02:00</time>
      </trkpt>
      <trkpt lon="16.597538" lat="43.50367">
        <ele>318.0</ele>
        <time>2026-08-26T17:07:09+02:00</time>
      </trkpt>
      <trkpt lon="16.597585" lat="43.503613">
        <ele>318.0</ele>
        <time>2026-08-26T17:07:10+02:00</time>
      </trkpt>
      <trkpt lon="16.59768" lat="43.503576">
        <ele>318.0</ele>
        <time>2026-08-26T17:07:11+02:00</time>
      </trkpt>
      <trkpt lon="16.597945" lat="43.503601">
        <ele>318.0</ele>
        <time>2026-08-26T17:07:13+02:00</time>
      </trkpt>
      <trkpt lon="16.598093" lat="43.50361">
        <ele>319.0</ele>
        <time>2026-08-26T17:07:14+02:00</time>
      </trkpt>
      <trkpt lon="16.598283" lat="43.5036">
        <ele>319.0</ele>
        <time>2026-08-26T17:07:15+02:00</time>
      </trkpt>
      <trkpt lon="16.598468" lat="43.503566">
        <ele>319.0</ele>
        <time>2026-08-26T17:07:16+02:00</time>
      </trkpt>
      <trkpt lon="16.598673" lat="43.503519">
        <ele>319.0</ele>
        <time>2026-08-26T17:07:17+02:00</time>
      </trkpt>
      <trkpt lon="16.598877" lat="43.503459">
        <ele>320.0</ele>
        <time>2026-08-26T17:07:18+02:00</time>
      </trkpt>
      <trkpt lon="16.59908" lat="43.503387">
        <ele>321.0</ele>
        <time>2026-08-26T17:07:19+02:00</time>
      </trkpt>
      <trkpt lon="16.599289" lat="43.503303">
        <ele>323.0</ele>
        <time>2026-08-26T17:07:20+02:00</time>
      </trkpt>
      <trkpt lon="16.599495" lat="43.503216">
        <ele>324.0</ele>
        <time>2026-08-26T17:07:21+02:00</time>
      </trkpt>
      <trkpt lon="16.599694" lat="43.503142">
        <ele>325.0</ele>
        <time>2026-08-26T17:07:22+02:00</time>
      </trkpt>
      <trkpt lon="16.599865" lat="43.503088">
        <ele>327.0</ele>
        <time>2026-08-26T17:07:23+02:00</time>
      </trkpt>
      <trkpt lon="16.600004" lat="43.503051">
        <ele>328.0</ele>
        <time>2026-08-26T17:07:24+02:00</time>
      </trkpt>
      <trkpt lon="16.600154" lat="43.502977">
        <ele>332.0</ele>
        <time>2026-08-26T17:07:26+02:00</time>
      </trkpt>
      <trkpt lon="16.600121" lat="43.502887">
        <ele>335.0</ele>
        <time>2026-08-26T17:07:28+02:00</time>
      </trkpt>
      <trkpt lon="16.600048" lat="43.502864">
        <ele>335.0</ele>
        <time>2026-08-26T17:07:29+02:00</time>
      </trkpt>
      <trkpt lon="16.59996" lat="43.502869">
        <ele>336.0</ele>
        <time>2026-08-26T17:07:30+02:00</time>
      </trkpt>
      <trkpt lon="16.599846" lat="43.502901">
        <ele>336.0</ele>
        <time>2026-08-26T17:07:31+02:00</time>
      </trkpt>
      <trkpt lon="16.59971" lat="43.502942">
        <ele>337.0</ele>
        <time>2026-08-26T17:07:32+02:00</time>
      </trkpt>
      <trkpt lon="16.599541" lat="43.502972">
        <ele>337.0</ele>
        <time>2026-08-26T17:07:33+02:00</time>
      </trkpt>
      <trkpt lon="16.599345" lat="43.502996">
        <ele>338.0</ele>
        <time>2026-08-26T17:07:34+02:00</time>
      </trkpt>
      <trkpt lon="16.599141" lat="43.503007">
        <ele>338.0</ele>
        <time>2026-08-26T17:07:35+02:00</time>
      </trkpt>
      <trkpt lon="16.598934" lat="43.503016">
        <ele>339.0</ele>
        <time>2026-08-26T17:07:36+02:00</time>
      </trkpt>
      <trkpt lon="16.598734" lat="43.503032">
        <ele>340.0</ele>
        <time>2026-08-26T17:07:37+02:00</time>
      </trkpt>
      <trkpt lon="16.598563" lat="43.503062">
        <ele>342.0</ele>
        <time>2026-08-26T17:07:38+02:00</time>
      </trkpt>
      <trkpt lon="16.598431" lat="43.503097">
        <ele>343.0</ele>
        <time>2026-08-26T17:07:39+02:00</time>
      </trkpt>
      <trkpt lon="16.598248" lat="43.503079">
        <ele>345.0</ele>
        <time>2026-08-26T17:07:41+02:00</time>
      </trkpt>
      <trkpt lon="16.598226" lat="43.503036">
        <ele>346.0</ele>
        <time>2026-08-26T17:07:42+02:00</time>
      </trkpt>
      <trkpt lon="16.598249" lat="43.502987">
        <ele>346.0</ele>
        <time>2026-08-26T17:07:43+02:00</time>
      </trkpt>
      <trkpt lon="16.598309" lat="43.502945">
        <ele>346.0</ele>
        <time>2026-08-26T17:07:44+02:00</time>
      </trkpt>
      <trkpt lon="16.598425" lat="43.502925">
        <ele>346.0</ele>
        <time>2026-08-26T17:07:45+02:00</time>
      </trkpt>
      <trkpt lon="16.598566" lat="43.502923">
        <ele>346.0</ele>
        <time>2026-08-26T17:07:46+02:00</time>
      </trkpt>
      <trkpt lon="16.598714" lat="43.502904">
        <ele>346.0</ele>
        <time>2026-08-26T17:07:47+02:00</time>
      </trkpt>
      <trkpt lon="16.598886" lat="43.502861">
        <ele>346.0</ele>
        <time>2026-08-26T17:07:48+02:00</time>
      </trkpt>
      <trkpt lon="16.599057" lat="43.502805">
        <ele>346.0</ele>
        <time>2026-08-26T17:07:49+02:00</time>
      </trkpt>
      <trkpt lon="16.599234" lat="43.502743">
        <ele>346.0</ele>
        <time>2026-08-26T17:07:50+02:00</time>
      </trkpt>
      <trkpt lon="16.599419" lat="43.502676">
        <ele>348.0</ele>
        <time>2026-08-26T17:07:51+02:00</time>
      </trkpt>
      <trkpt lon="16.599598" lat="43.502614">
        <ele>349.0</ele>
        <time>2026-08-26T17:07:52+02:00</time>
      </trkpt>
      <trkpt lon="16.599788" lat="43.502544">
        <ele>350.0</ele>
        <time>2026-08-26T17:07:53+02:00</time>
      </trkpt>
      <trkpt lon="16.599972" lat="43.502475">
        <ele>352.0</ele>
        <time>2026-08-26T17:07:54+02:00</time>
      </trkpt>
      <trkpt lon="16.600157" lat="43.5024">
        <ele>355.0</ele>
        <time>2026-08-26T17:07:55+02:00</time>
      </trkpt>
      <trkpt lon="16.600336" lat="43.502331">
        <ele>356.0</ele>
        <time>2026-08-26T17:07:56+02:00</time>
      </trkpt>
      <trkpt lon="16.600509" lat="43.502266">
        <ele>357.0</ele>
        <time>2026-08-26T17:07:57+02:00</time>
      </trkpt>
      <trkpt lon="16.600686" lat="43.502198">
        <ele>359.0</ele>
        <time>2026-08-26T17:07:58+02:00</time>
      </trkpt>
      <trkpt lon="16.600853" lat="43.502134">
        <ele>361.0</ele>
        <time>2026-08-26T17:07:59+02:00</time>
      </trkpt>
      <trkpt lon="16.601038" lat="43.502062">
        <ele>363.0</ele>
        <time>2026-08-26T17:08:00+02:00</time>
      </trkpt>
      <trkpt lon="16.601207" lat="43.501992">
        <ele>364.0</ele>
        <time>2026-08-26T17:08:01+02:00</time>
      </trkpt>
      <trkpt lon="16.601381" lat="43.501923">
        <ele>366.0</ele>
        <time>2026-08-26T17:08:02+02:00</time>
      </trkpt>
      <trkpt lon="16.601572" lat="43.50185">
        <ele>368.0</ele>
        <time>2026-08-26T17:08:03+02:00</time>
      </trkpt>
      <trkpt lon="16.601755" lat="43.501775">
        <ele>369.0</ele>
        <time>2026-08-26T17:08:04+02:00</time>
      </trkpt>
      <trkpt lon="16.601944" lat="43.501703">
        <ele>370.0</ele>
        <time>2026-08-26T17:08:05+02:00</time>
      </trkpt>
      <trkpt lon="16.602115" lat="43.501642">
        <ele>372.0</ele>
        <time>2026-08-26T17:08:06+02:00</time>
      </trkpt>
      <trkpt lon="16.60228" lat="43.501575">
        <ele>374.0</ele>
        <time>2026-08-26T17:08:07+02:00</time>
      </trkpt>
      <trkpt lon="16.602447" lat="43.501511">
        <ele>375.0</ele>
        <time>2026-08-26T17:08:08+02:00</time>
      </trkpt>
      <trkpt lon="16.602611" lat="43.501445">
        <ele>377.0</ele>
        <time>2026-08-26T17:08:09+02:00</time>
      </trkpt>
      <trkpt lon="16.602766" lat="43.501383">
        <ele>379.0</ele>
        <time>2026-08-26T17:08:10+02:00</time>
      </trkpt>
      <trkpt lon="16.602925" lat="43.501322">
        <ele>381.0</ele>
        <time>2026-08-26T17:08:11+02:00</time>
      </trkpt>
      <trkpt lon="16.603081" lat="43.501262">
        <ele>383.0</ele>
        <time>2026-08-26T17:08:12+02:00</time>
      </trkpt>
      <trkpt lon="16.603226" lat="43.501201">
        <ele>384.0</ele>
        <time>2026-08-26T17:08:13+02:00</time>
      </trkpt>
      <trkpt lon="16.603355" lat="43.501138">
        <ele>386.0</ele>
        <time>2026-08-26T17:08:14+02:00</time>
      </trkpt>
      <trkpt lon="16.603495" lat="43.501087">
        <ele>387.0</ele>
        <time>2026-08-26T17:08:15+02:00</time>
      </trkpt>
      <trkpt lon="16.603636" lat="43.501038">
        <ele>389.0</ele>
        <time>2026-08-26T17:08:16+02:00</time>
      </trkpt>
      <trkpt lon="16.603768" lat="43.500989">
        <ele>390.0</ele>
        <time>2026-08-26T17:08:17+02:00</time>
      </trkpt>
      <trkpt lon="16.603906" lat="43.500923">
        <ele>391.0</ele>
        <time>2026-08-26T17:08:18+02:00</time>
      </trkpt>
      <trkpt lon="16.604021" lat="43.50085">
        <ele>392.0</ele>
        <time>2026-08-26T17:08:19+02:00</time>
      </trkpt>
      <trkpt lon="16.604144" lat="43.50077">
        <ele>393.0</ele>
        <time>2026-08-26T17:08:20+02:00</time>
      </trkpt>
      <trkpt lon="16.604258" lat="43.500682">
        <ele>394.0</ele>
        <time>2026-08-26T17:08:21+02:00</time>
      </trkpt>
      <trkpt lon="16.604366" lat="43.500584">
        <ele>395.0</ele>
        <time>2026-08-26T17:08:22+02:00</time>
      </trkpt>
      <trkpt lon="16.604479" lat="43.500483">
        <ele>395.0</ele>
        <time>2026-08-26T17:08:23+02:00</time>
      </trkpt>
      <trkpt lon="16.60459" lat="43.500389">
        <ele>396.0</ele>
        <time>2026-08-26T17:08:24+02:00</time>
      </trkpt>
      <trkpt lon="16.6047" lat="43.500294">
        <ele>396.0</ele>
        <time>2026-08-26T17:08:25+02:00</time>
      </trkpt>
      <trkpt lon="16.60481" lat="43.500196">
        <ele>397.0</ele>
        <time>2026-08-26T17:08:26+02:00</time>
      </trkpt>
      <trkpt lon="16.604921" lat="43.500104">
        <ele>398.0</ele>
        <time>2026-08-26T17:08:27+02:00</time>
      </trkpt>
      <trkpt lon="16.605025" lat="43.500023">
        <ele>399.0</ele>
        <time>2026-08-26T17:08:28+02:00</time>
      </trkpt>
      <trkpt lon="16.605146" lat="43.499951">
        <ele>399.0</ele>
        <time>2026-08-26T17:08:29+02:00</time>
      </trkpt>
      <trkpt lon="16.605279" lat="43.499894">
        <ele>400.0</ele>
        <time>2026-08-26T17:08:30+02:00</time>
      </trkpt>
      <trkpt lon="16.605439" lat="43.49984">
        <ele>400.0</ele>
        <time>2026-08-26T17:08:31+02:00</time>
      </trkpt>
      <trkpt lon="16.60561" lat="43.499801">
        <ele>401.0</ele>
        <time>2026-08-26T17:08:32+02:00</time>
      </trkpt>
      <trkpt lon="16.605788" lat="43.499786">
        <ele>401.0</ele>
        <time>2026-08-26T17:08:33+02:00</time>
      </trkpt>
      <trkpt lon="16.605973" lat="43.499788">
        <ele>402.0</ele>
        <time>2026-08-26T17:08:34+02:00</time>
      </trkpt>
      <trkpt lon="16.606167" lat="43.499788">
        <ele>402.0</ele>
        <time>2026-08-26T17:08:35+02:00</time>
      </trkpt>
      <trkpt lon="16.606362" lat="43.499785">
        <ele>402.0</ele>
        <time>2026-08-26T17:08:36+02:00</time>
      </trkpt>
      <trkpt lon="16.606565" lat="43.499779">
        <ele>402.0</ele>
        <time>2026-08-26T17:08:37+02:00</time>
      </trkpt>
      <trkpt lon="16.606768" lat="43.499777">
        <ele>403.0</ele>
        <time>2026-08-26T17:08:38+02:00</time>
      </trkpt>
      <trkpt lon="16.606969" lat="43.499773">
        <ele>403.0</ele>
        <time>2026-08-26T17:08:39+02:00</time>
      </trkpt>
      <trkpt lon="16.607171" lat="43.499765">
        <ele>405.0</ele>
        <time>2026-08-26T17:08:40+02:00</time>
      </trkpt>
      <trkpt lon="16.607362" lat="43.499756">
        <ele>405.0</ele>
        <time>2026-08-26T17:08:41+02:00</time>
      </trkpt>
      <trkpt lon="16.607559" lat="43.499742">
        <ele>406.0</ele>
        <time>2026-08-26T17:08:42+02:00</time>
      </trkpt>
      <trkpt lon="16.60775" lat="43.499728">
        <ele>407.0</ele>
        <time>2026-08-26T17:08:43+02:00</time>
      </trkpt>
      <trkpt lon="16.607926" lat="43.499712">
        <ele>407.0</ele>
        <time>2026-08-26T17:08:44+02:00</time>
      </trkpt>
      <trkpt lon="16.608102" lat="43.499685">
        <ele>408.0</ele>
        <time>2026-08-26T17:08:45+02:00</time>
      </trkpt>
      <trkpt lon="16.608277" lat="43.499655">
        <ele>408.0</ele>
        <time>2026-08-26T17:08:46+02:00</time>
      </trkpt>
      <trkpt lon="16.608447" lat="43.499612">
        <ele>409.0</ele>
        <time>2026-08-26T17:08:47+02:00</time>
      </trkpt>
      <trkpt lon="16.608627" lat="43.499557">
        <ele>410.0</ele>
        <time>2026-08-26T17:08:48+02:00</time>
      </trkpt>
      <trkpt lon="16.608785" lat="43.49951">
        <ele>410.0</ele>
        <time>2026-08-26T17:08:49+02:00</time>
      </trkpt>
      <trkpt lon="16.608962" lat="43.499469">
        <ele>411.0</ele>
        <time>2026-08-26T17:08:50+02:00</time>
      </trkpt>
      <trkpt lon="16.609124" lat="43.499433">
        <ele>412.0</ele>
        <time>2026-08-26T17:08:51+02:00</time>
      </trkpt>
      <trkpt lon="16.60927" lat="43.499394">
        <ele>413.0</ele>
        <time>2026-08-26T17:08:52+02:00</time>
      </trkpt>
      <trkpt lon="16.609402" lat="43.499345">
        <ele>413.0</ele>
        <time>2026-08-26T17:08:53+02:00</time>
      </trkpt>
      <trkpt lon="16.609524" lat="43.49928">
        <ele>414.0</ele>
        <time>2026-08-26T17:08:54+02:00</time>
      </trkpt>
      <trkpt lon="16.609644" lat="43.499213">
        <ele>415.0</ele>
        <time>2026-08-26T17:08:55+02:00</time>
      </trkpt>
      <trkpt lon="16.609756" lat="43.499142">
        <ele>415.0</ele>
        <time>2026-08-26T17:08:56+02:00</time>
      </trkpt>
      <trkpt lon="16.60988" lat="43.49906">
        <ele>415.0</ele>
        <time>2026-08-26T17:08:57+02:00</time>
      </trkpt>
      <trkpt lon="16.609997" lat="43.49898">
        <ele>416.0</ele>
        <time>2026-08-26T17:08:58+02:00</time>
      </trkpt>
      <trkpt lon="16.610107" lat="43.498902">
        <ele>416.0</ele>
        <time>2026-08-26T17:08:59+02:00</time>
      </trkpt>
      <trkpt lon="16.610221" lat="43.498828">
        <ele>417.0</ele>
        <time>2026-08-26T17:09:00+02:00</time>
      </trkpt>
      <trkpt lon="16.610331" lat="43.498756">
        <ele>418.0</ele>
        <time>2026-08-26T17:09:01+02:00</time>
      </trkpt>
      <trkpt lon="16.610491" lat="43.498652">
        <ele>419.0</ele>
        <time>2026-08-26T17:09:03+02:00</time>
      </trkpt>
      <trkpt lon="16.610554" lat="43.498616">
        <ele>420.0</ele>
        <time>2026-08-26T17:09:04+02:00</time>
      </trkpt>
      <trkpt lon="16.610607" lat="43.498587">
        <ele>421.0</ele>
        <time>2026-08-26T17:09:05+02:00</time>
      </trkpt>
      <trkpt lon="16.61066" lat="43.498556">
        <ele>421.0</ele>
        <time>2026-08-26T17:09:06+02:00</time>
      </trkpt>
      <trkpt lon="16.610705" lat="43.498525">
        <ele>422.0</ele>
        <time>2026-08-26T17:09:07+02:00</time>
      </trkpt>
      <trkpt lon="16.610749" lat="43.498491">
        <ele>422.0</ele>
        <time>2026-08-26T17:09:08+02:00</time>
      </trkpt>
      <trkpt lon="16.610787" lat="43.498455">
        <ele>423.0</ele>
        <time>2026-08-26T17:09:09+02:00</time>
      </trkpt>
      <trkpt lon="16.610842" lat="43.498414">
        <ele>423.0</ele>
        <time>2026-08-26T17:09:10+02:00</time>
      </trkpt>
      <trkpt lon="16.610883" lat="43.498374">
        <ele>423.0</ele>
        <time>2026-08-26T17:09:11+02:00</time>
      </trkpt>
      <trkpt lon="16.610934" lat="43.498342">
        <ele>424.0</ele>
        <time>2026-08-26T17:09:12+02:00</time>
      </trkpt>
      <trkpt lon="16.611016" lat="43.49835">
        <ele>424.0</ele>
        <time>2026-08-26T17:09:14+02:00</time>
      </trkpt>
      <trkpt lon="16.610969" lat="43.498439">
        <ele>424.0</ele>
        <time>2026-08-26T17:09:16+02:00</time>
      </trkpt>
      <trkpt lon="16.61087" lat="43.498434">
        <ele>424.0</ele>
        <time>2026-08-26T17:09:18+02:00</time>
      </trkpt>
      <trkpt lon="16.610846" lat="43.498383">
        <ele>424.0</ele>
        <time>2026-08-26T17:09:20+02:00</time>
      </trkpt>
      <trkpt lon="16.610902" lat="43.498332">
        <ele>424.0</ele>
        <time>2026-08-26T17:09:22+02:00</time>
      </trkpt>
      <trkpt lon="16.61092" lat="43.498324">
        <ele>424.0</ele>
        <time>2026-08-26T17:09:24+02:00</time>
      </trkpt>
      <trkpt lon="16.610898" lat="43.498317">
        <ele>424.0</ele>
        <time>2026-08-26T17:09:38+02:00</time>
      </trkpt>
      <trkpt lon="16.610965" lat="43.498318">
        <ele>424.0</ele>
        <time>2026-08-26T17:11:27+02:00</time>
      </trkpt>
      <trkpt lon="16.611007" lat="43.498357">
        <ele>424.0</ele>
        <time>2026-08-26T17:11:29+02:00</time>
      </trkpt>
      <trkpt lon="16.61093" lat="43.498423">
        <ele>424.0</ele>
        <time>2026-08-26T17:11:31+02:00</time>
      </trkpt>
      <trkpt lon="16.61087" lat="43.498451">
        <ele>425.0</ele>
        <time>2026-08-26T17:11:32+02:00</time>
      </trkpt>
      <trkpt lon="16.610799" lat="43.498491">
        <ele>425.0</ele>
        <time>2026-08-26T17:11:33+02:00</time>
      </trkpt>
      <trkpt lon="16.610736" lat="43.498541">
        <ele>425.0</ele>
        <time>2026-08-26T17:11:34+02:00</time>
      </trkpt>
      <trkpt lon="16.61067" lat="43.498613">
        <ele>425.0</ele>
        <time>2026-08-26T17:11:35+02:00</time>
      </trkpt>
      <trkpt lon="16.610609" lat="43.498678">
        <ele>425.0</ele>
        <time>2026-08-26T17:11:36+02:00</time>
      </trkpt>
      <trkpt lon="16.610528" lat="43.498753">
        <ele>425.0</ele>
        <time>2026-08-26T17:11:37+02:00</time>
      </trkpt>
      <trkpt lon="16.610456" lat="43.498842">
        <ele>425.0</ele>
        <time>2026-08-26T17:11:38+02:00</time>
      </trkpt>
      <trkpt lon="16.610381" lat="43.498933">
        <ele>425.0</ele>
        <time>2026-08-26T17:11:39+02:00</time>
      </trkpt>
      <trkpt lon="16.610303" lat="43.499032">
        <ele>425.0</ele>
        <time>2026-08-26T17:11:40+02:00</time>
      </trkpt>
      <trkpt lon="16.610216" lat="43.499127">
        <ele>425.0</ele>
        <time>2026-08-26T17:11:41+02:00</time>
      </trkpt>
      <trkpt lon="16.610138" lat="43.499224">
        <ele>426.0</ele>
        <time>2026-08-26T17:11:42+02:00</time>
      </trkpt>
      <trkpt lon="16.610051" lat="43.499325">
        <ele>426.0</ele>
        <time>2026-08-26T17:11:43+02:00</time>
      </trkpt>
      <trkpt lon="16.609951" lat="43.499433">
        <ele>427.0</ele>
        <time>2026-08-26T17:11:44+02:00</time>
      </trkpt>
      <trkpt lon="16.609846" lat="43.499539">
        <ele>428.0</ele>
        <time>2026-08-26T17:11:45+02:00</time>
      </trkpt>
      <trkpt lon="16.609731" lat="43.499652">
        <ele>430.0</ele>
        <time>2026-08-26T17:11:46+02:00</time>
      </trkpt>
      <trkpt lon="16.609609" lat="43.499752">
        <ele>431.0</ele>
        <time>2026-08-26T17:11:47+02:00</time>
      </trkpt>
      <trkpt lon="16.609473" lat="43.499855">
        <ele>432.0</ele>
        <time>2026-08-26T17:11:48+02:00</time>
      </trkpt>
      <trkpt lon="16.609326" lat="43.499964">
        <ele>433.0</ele>
        <time>2026-08-26T17:11:49+02:00</time>
      </trkpt>
      <trkpt lon="16.609195" lat="43.500064">
        <ele>435.0</ele>
        <time>2026-08-26T17:11:50+02:00</time>
      </trkpt>
      <trkpt lon="16.609053" lat="43.500167">
        <ele>437.0</ele>
        <time>2026-08-26T17:11:51+02:00</time>
      </trkpt>
      <trkpt lon="16.608929" lat="43.500256">
        <ele>438.0</ele>
        <time>2026-08-26T17:11:52+02:00</time>
      </trkpt>
      <trkpt lon="16.608807" lat="43.500348">
        <ele>440.0</ele>
        <time>2026-08-26T17:11:53+02:00</time>
      </trkpt>
      <trkpt lon="16.608685" lat="43.500438">
        <ele>441.0</ele>
        <time>2026-08-26T17:11:54+02:00</time>
      </trkpt>
      <trkpt lon="16.608556" lat="43.500524">
        <ele>443.0</ele>
        <time>2026-08-26T17:11:55+02:00</time>
      </trkpt>
      <trkpt lon="16.608407" lat="43.500597">
        <ele>444.0</ele>
        <time>2026-08-26T17:11:56+02:00</time>
      </trkpt>
      <trkpt lon="16.608227" lat="43.500653">
        <ele>444.0</ele>
        <time>2026-08-26T17:11:57+02:00</time>
      </trkpt>
      <trkpt lon="16.60805" lat="43.500698">
        <ele>446.0</ele>
        <time>2026-08-26T17:11:58+02:00</time>
      </trkpt>
      <trkpt lon="16.607877" lat="43.500747">
        <ele>447.0</ele>
        <time>2026-08-26T17:11:59+02:00</time>
      </trkpt>
      <trkpt lon="16.607702" lat="43.500807">
        <ele>448.0</ele>
        <time>2026-08-26T17:12:00+02:00</time>
      </trkpt>
      <trkpt lon="16.607516" lat="43.500883">
        <ele>450.0</ele>
        <time>2026-08-26T17:12:01+02:00</time>
      </trkpt>
      <trkpt lon="16.607342" lat="43.500959">
        <ele>450.0</ele>
        <time>2026-08-26T17:12:02+02:00</time>
      </trkpt>
      <trkpt lon="16.607164" lat="43.501038">
        <ele>451.0</ele>
        <time>2026-08-26T17:12:03+02:00</time>
      </trkpt>
      <trkpt lon="16.606991" lat="43.501119">
        <ele>454.0</ele>
        <time>2026-08-26T17:12:04+02:00</time>
      </trkpt>
      <trkpt lon="16.606834" lat="43.501208">
        <ele>455.0</ele>
        <time>2026-08-26T17:12:05+02:00</time>
      </trkpt>
      <trkpt lon="16.606686" lat="43.501305">
        <ele>456.0</ele>
        <time>2026-08-26T17:12:06+02:00</time>
      </trkpt>
      <trkpt lon="16.606543" lat="43.501401">
        <ele>457.0</ele>
        <time>2026-08-26T17:12:07+02:00</time>
      </trkpt>
      <trkpt lon="16.606403" lat="43.50148">
        <ele>458.0</ele>
        <time>2026-08-26T17:12:08+02:00</time>
      </trkpt>
      <trkpt lon="16.606263" lat="43.501555">
        <ele>459.0</ele>
        <time>2026-08-26T17:12:09+02:00</time>
      </trkpt>
      <trkpt lon="16.606133" lat="43.50163">
        <ele>461.0</ele>
        <time>2026-08-26T17:12:10+02:00</time>
      </trkpt>
      <trkpt lon="16.605999" lat="43.501727">
        <ele>462.0</ele>
        <time>2026-08-26T17:12:11+02:00</time>
      </trkpt>
      <trkpt lon="16.605898" lat="43.501826">
        <ele>462.0</ele>
        <time>2026-08-26T17:12:12+02:00</time>
      </trkpt>
      <trkpt lon="16.605814" lat="43.501941">
        <ele>462.0</ele>
        <time>2026-08-26T17:12:13+02:00</time>
      </trkpt>
      <trkpt lon="16.605752" lat="43.502074">
        <ele>462.0</ele>
        <time>2026-08-26T17:12:14+02:00</time>
      </trkpt>
      <trkpt lon="16.6057" lat="43.502214">
        <ele>463.0</ele>
        <time>2026-08-26T17:12:15+02:00</time>
      </trkpt>
      <trkpt lon="16.605652" lat="43.502363">
        <ele>463.0</ele>
        <time>2026-08-26T17:12:16+02:00</time>
      </trkpt>
      <trkpt lon="16.605607" lat="43.502523">
        <ele>463.0</ele>
        <time>2026-08-26T17:12:17+02:00</time>
      </trkpt>
      <trkpt lon="16.605563" lat="43.502674">
        <ele>463.0</ele>
        <time>2026-08-26T17:12:18+02:00</time>
      </trkpt>
      <trkpt lon="16.605514" lat="43.502832">
        <ele>463.0</ele>
        <time>2026-08-26T17:12:19+02:00</time>
      </trkpt>
      <trkpt lon="16.605469" lat="43.502975">
        <ele>463.0</ele>
        <time>2026-08-26T17:12:20+02:00</time>
      </trkpt>
      <trkpt lon="16.605414" lat="43.50312">
        <ele>464.0</ele>
        <time>2026-08-26T17:12:21+02:00</time>
      </trkpt>
      <trkpt lon="16.605361" lat="43.503249">
        <ele>464.0</ele>
        <time>2026-08-26T17:12:22+02:00</time>
      </trkpt>
      <trkpt lon="16.605315" lat="43.503391">
        <ele>464.0</ele>
        <time>2026-08-26T17:12:23+02:00</time>
      </trkpt>
      <trkpt lon="16.605284" lat="43.503529">
        <ele>466.0</ele>
        <time>2026-08-26T17:12:24+02:00</time>
      </trkpt>
      <trkpt lon="16.605273" lat="43.503666">
        <ele>465.0</ele>
        <time>2026-08-26T17:12:25+02:00</time>
      </trkpt>
      <trkpt lon="16.605286" lat="43.503795">
        <ele>466.0</ele>
        <time>2026-08-26T17:12:26+02:00</time>
      </trkpt>
      <trkpt lon="16.605338" lat="43.50391">
        <ele>467.0</ele>
        <time>2026-08-26T17:12:27+02:00</time>
      </trkpt>
      <trkpt lon="16.605425" lat="43.504013">
        <ele>467.0</ele>
        <time>2026-08-26T17:12:28+02:00</time>
      </trkpt>
      <trkpt lon="16.605526" lat="43.504115">
        <ele>468.0</ele>
        <time>2026-08-26T17:12:29+02:00</time>
      </trkpt>
      <trkpt lon="16.605638" lat="43.504217">
        <ele>468.0</ele>
        <time>2026-08-26T17:12:30+02:00</time>
      </trkpt>
      <trkpt lon="16.605747" lat="43.504303">
        <ele>469.0</ele>
        <time>2026-08-26T17:12:31+02:00</time>
      </trkpt>
      <trkpt lon="16.605849" lat="43.504377">
        <ele>469.0</ele>
        <time>2026-08-26T17:12:32+02:00</time>
      </trkpt>
      <trkpt lon="16.605922" lat="43.504469">
        <ele>470.0</ele>
        <time>2026-08-26T17:12:33+02:00</time>
      </trkpt>
      <trkpt lon="16.605939" lat="43.504572">
        <ele>469.0</ele>
        <time>2026-08-26T17:12:34+02:00</time>
      </trkpt>
      <trkpt lon="16.605899" lat="43.504669">
        <ele>470.0</ele>
        <time>2026-08-26T17:12:35+02:00</time>
      </trkpt>
      <trkpt lon="16.60582" lat="43.504775">
        <ele>470.0</ele>
        <time>2026-08-26T17:12:36+02:00</time>
      </trkpt>
      <trkpt lon="16.605727" lat="43.504881">
        <ele>471.0</ele>
        <time>2026-08-26T17:12:37+02:00</time>
      </trkpt>
      <trkpt lon="16.605623" lat="43.504988">
        <ele>471.0</ele>
        <time>2026-08-26T17:12:38+02:00</time>
      </trkpt>
      <trkpt lon="16.605508" lat="43.505104">
        <ele>472.0</ele>
        <time>2026-08-26T17:12:39+02:00</time>
      </trkpt>
      <trkpt lon="16.605375" lat="43.505232">
        <ele>473.0</ele>
        <time>2026-08-26T17:12:40+02:00</time>
      </trkpt>
      <trkpt lon="16.605241" lat="43.505356">
        <ele>474.0</ele>
        <time>2026-08-26T17:12:41+02:00</time>
      </trkpt>
      <trkpt lon="16.605097" lat="43.505481">
        <ele>475.0</ele>
        <time>2026-08-26T17:12:42+02:00</time>
      </trkpt>
      <trkpt lon="16.604973" lat="43.505591">
        <ele>476.0</ele>
        <time>2026-08-26T17:12:43+02:00</time>
      </trkpt>
      <trkpt lon="16.604849" lat="43.505689">
        <ele>478.0</ele>
        <time>2026-08-26T17:12:44+02:00</time>
      </trkpt>
      <trkpt lon="16.604748" lat="43.505783">
        <ele>479.0</ele>
        <time>2026-08-26T17:12:45+02:00</time>
      </trkpt>
      <trkpt lon="16.604694" lat="43.505871">
        <ele>480.0</ele>
        <time>2026-08-26T17:12:46+02:00</time>
      </trkpt>
      <trkpt lon="16.604746" lat="43.506051">
        <ele>481.0</ele>
        <time>2026-08-26T17:12:48+02:00</time>
      </trkpt>
      <trkpt lon="16.604827" lat="43.506144">
        <ele>481.0</ele>
        <time>2026-08-26T17:12:49+02:00</time>
      </trkpt>
      <trkpt lon="16.604934" lat="43.506249">
        <ele>482.0</ele>
        <time>2026-08-26T17:12:50+02:00</time>
      </trkpt>
      <trkpt lon="16.605057" lat="43.506361">
        <ele>482.0</ele>
        <time>2026-08-26T17:12:51+02:00</time>
      </trkpt>
      <trkpt lon="16.605184" lat="43.506471">
        <ele>482.0</ele>
        <time>2026-08-26T17:12:52+02:00</time>
      </trkpt>
      <trkpt lon="16.605317" lat="43.506587">
        <ele>482.0</ele>
        <time>2026-08-26T17:12:53+02:00</time>
      </trkpt>
      <trkpt lon="16.605451" lat="43.506696">
        <ele>483.0</ele>
        <time>2026-08-26T17:12:54+02:00</time>
      </trkpt>
      <trkpt lon="16.605599" lat="43.506775">
        <ele>483.0</ele>
        <time>2026-08-26T17:12:55+02:00</time>
      </trkpt>
      <trkpt lon="16.605725" lat="43.506844">
        <ele>484.0</ele>
        <time>2026-08-26T17:12:56+02:00</time>
      </trkpt>
      <trkpt lon="16.605835" lat="43.506937">
        <ele>484.0</ele>
        <time>2026-08-26T17:12:57+02:00</time>
      </trkpt>
      <trkpt lon="16.605909" lat="43.507047">
        <ele>485.0</ele>
        <time>2026-08-26T17:12:58+02:00</time>
      </trkpt>
      <trkpt lon="16.605948" lat="43.507174">
        <ele>487.0</ele>
        <time>2026-08-26T17:12:59+02:00</time>
      </trkpt>
      <trkpt lon="16.606011" lat="43.507302">
        <ele>487.0</ele>
        <time>2026-08-26T17:13:00+02:00</time>
      </trkpt>
      <trkpt lon="16.606104" lat="43.507399">
        <ele>486.0</ele>
        <time>2026-08-26T17:13:01+02:00</time>
      </trkpt>
      <trkpt lon="16.606218" lat="43.50748">
        <ele>487.0</ele>
        <time>2026-08-26T17:13:02+02:00</time>
      </trkpt>
      <trkpt lon="16.606305" lat="43.507578">
        <ele>488.0</ele>
        <time>2026-08-26T17:13:03+02:00</time>
      </trkpt>
      <trkpt lon="16.606355" lat="43.507692">
        <ele>489.0</ele>
        <time>2026-08-26T17:13:04+02:00</time>
      </trkpt>
      <trkpt lon="16.606367" lat="43.50783">
        <ele>490.0</ele>
        <time>2026-08-26T17:13:05+02:00</time>
      </trkpt>
      <trkpt lon="16.606354" lat="43.507983">
        <ele>490.0</ele>
        <time>2026-08-26T17:13:06+02:00</time>
      </trkpt>
      <trkpt lon="16.606333" lat="43.50813">
        <ele>490.0</ele>
        <time>2026-08-26T17:13:07+02:00</time>
      </trkpt>
      <trkpt lon="16.606311" lat="43.508284">
        <ele>491.0</ele>
        <time>2026-08-26T17:13:08+02:00</time>
      </trkpt>
      <trkpt lon="16.606289" lat="43.508425">
        <ele>491.0</ele>
        <time>2026-08-26T17:13:09+02:00</time>
      </trkpt>
      <trkpt lon="16.606261" lat="43.508566">
        <ele>493.0</ele>
        <time>2026-08-26T17:13:10+02:00</time>
      </trkpt>
      <trkpt lon="16.606223" lat="43.508706">
        <ele>495.0</ele>
        <time>2026-08-26T17:13:11+02:00</time>
      </trkpt>
      <trkpt lon="16.606159" lat="43.508846">
        <ele>497.0</ele>
        <time>2026-08-26T17:13:12+02:00</time>
      </trkpt>
      <trkpt lon="16.606078" lat="43.508977">
        <ele>497.0</ele>
        <time>2026-08-26T17:13:13+02:00</time>
      </trkpt>
      <trkpt lon="16.605968" lat="43.50912">
        <ele>499.0</ele>
        <time>2026-08-26T17:13:14+02:00</time>
      </trkpt>
      <trkpt lon="16.60586" lat="43.509248">
        <ele>500.0</ele>
        <time>2026-08-26T17:13:15+02:00</time>
      </trkpt>
      <trkpt lon="16.605743" lat="43.509386">
        <ele>501.0</ele>
        <time>2026-08-26T17:13:16+02:00</time>
      </trkpt>
      <trkpt lon="16.605632" lat="43.509523">
        <ele>501.0</ele>
        <time>2026-08-26T17:13:17+02:00</time>
      </trkpt>
      <trkpt lon="16.605513" lat="43.50966">
        <ele>504.0</ele>
        <time>2026-08-26T17:13:18+02:00</time>
      </trkpt>
      <trkpt lon="16.605385" lat="43.509784">
        <ele>505.0</ele>
        <time>2026-08-26T17:13:19+02:00</time>
      </trkpt>
      <trkpt lon="16.605256" lat="43.509894">
        <ele>506.0</ele>
        <time>2026-08-26T17:13:20+02:00</time>
      </trkpt>
      <trkpt lon="16.605152" lat="43.510006">
        <ele>508.0</ele>
        <time>2026-08-26T17:13:21+02:00</time>
      </trkpt>
      <trkpt lon="16.605072" lat="43.510132">
        <ele>510.0</ele>
        <time>2026-08-26T17:13:22+02:00</time>
      </trkpt>
      <trkpt lon="16.605014" lat="43.510246">
        <ele>511.0</ele>
        <time>2026-08-26T17:13:23+02:00</time>
      </trkpt>
      <trkpt lon="16.604994" lat="43.510362">
        <ele>512.0</ele>
        <time>2026-08-26T17:13:24+02:00</time>
      </trkpt>
      <trkpt lon="16.60502" lat="43.510456">
        <ele>513.0</ele>
        <time>2026-08-26T17:13:25+02:00</time>
      </trkpt>
      <trkpt lon="16.605095" lat="43.510545">
        <ele>515.0</ele>
        <time>2026-08-26T17:13:26+02:00</time>
      </trkpt>
      <trkpt lon="16.605207" lat="43.510628">
        <ele>515.0</ele>
        <time>2026-08-26T17:13:27+02:00</time>
      </trkpt>
      <trkpt lon="16.60534" lat="43.510711">
        <ele>515.0</ele>
        <time>2026-08-26T17:13:28+02:00</time>
      </trkpt>
      <trkpt lon="16.605466" lat="43.510772">
        <ele>515.0</ele>
        <time>2026-08-26T17:13:29+02:00</time>
      </trkpt>
      <trkpt lon="16.60571" lat="43.510826">
        <ele>517.0</ele>
        <time>2026-08-26T17:13:31+02:00</time>
      </trkpt>
      <trkpt lon="16.605835" lat="43.510845">
        <ele>518.0</ele>
        <time>2026-08-26T17:13:32+02:00</time>
      </trkpt>
      <trkpt lon="16.60603" lat="43.510896">
        <ele>519.0</ele>
        <time>2026-08-26T17:13:34+02:00</time>
      </trkpt>
      <trkpt lon="16.606112" lat="43.510952">
        <ele>521.0</ele>
        <time>2026-08-26T17:13:36+02:00</time>
      </trkpt>
      <trkpt lon="16.606077" lat="43.51102">
        <ele>521.0</ele>
        <time>2026-08-26T17:13:38+02:00</time>
      </trkpt>
      <trkpt lon="16.605971" lat="43.511012">
        <ele>521.0</ele>
        <time>2026-08-26T17:13:40+02:00</time>
      </trkpt>
      <trkpt lon="16.605935" lat="43.510971">
        <ele>521.0</ele>
        <time>2026-08-26T17:13:41+02:00</time>
      </trkpt>
      <trkpt lon="16.605886" lat="43.510917">
        <ele>521.0</ele>
        <time>2026-08-26T17:13:42+02:00</time>
      </trkpt>
      <trkpt lon="16.605811" lat="43.51087">
        <ele>521.0</ele>
        <time>2026-08-26T17:13:43+02:00</time>
      </trkpt>
      <trkpt lon="16.605703" lat="43.510833">
        <ele>521.0</ele>
        <time>2026-08-26T17:13:44+02:00</time>
      </trkpt>
      <trkpt lon="16.605605" lat="43.510816">
        <ele>522.0</ele>
        <time>2026-08-26T17:13:45+02:00</time>
      </trkpt>
      <trkpt lon="16.605507" lat="43.510806">
        <ele>522.0</ele>
        <time>2026-08-26T17:13:46+02:00</time>
      </trkpt>
      <trkpt lon="16.605428" lat="43.510791">
        <ele>522.0</ele>
        <time>2026-08-26T17:13:47+02:00</time>
      </trkpt>
      <trkpt lon="16.605363" lat="43.51077">
        <ele>521.0</ele>
        <time>2026-08-26T17:13:48+02:00</time>
      </trkpt>
      <trkpt lon="16.6053" lat="43.510738">
        <ele>521.0</ele>
        <time>2026-08-26T17:13:49+02:00</time>
      </trkpt>
      <trkpt lon="16.605249" lat="43.510705">
        <ele>521.0</ele>
        <time>2026-08-26T17:13:50+02:00</time>
      </trkpt>
      <trkpt lon="16.605204" lat="43.510671">
        <ele>520.0</ele>
        <time>2026-08-26T17:13:51+02:00</time>
      </trkpt>
      <trkpt lon="16.605149" lat="43.510632">
        <ele>519.0</ele>
        <time>2026-08-26T17:13:53+02:00</time>
      </trkpt>
      <trkpt lon="16.605129" lat="43.51062">
        <ele>520.0</ele>
        <time>2026-08-26T17:13:55+02:00</time>
      </trkpt>
      <trkpt lon="16.605134" lat="43.510623">
        <ele>517.0</ele>
        <time>2026-08-26T17:14:05+02:00</time>
      </trkpt>
      <trkpt lon="16.605193" lat="43.510637">
        <ele>528.0</ele>
        <time>2026-08-26T17:21:14+02:00</time>
      </trkpt>
      <trkpt lon="16.605133" lat="43.510649">
        <ele>531.0</ele>
        <time>2026-08-26T17:23:52+02:00</time>
      </trkpt>
      <trkpt lon="16.605168" lat="43.51061">
        <ele>531.0</ele>
        <time>2026-08-26T17:25:19+02:00</time>
      </trkpt>
      <trkpt lon="16.605289" lat="43.510624">
        <ele>531.0</ele>
        <time>2026-08-26T17:34:50+02:00</time>
      </trkpt>
      <trkpt lon="16.605377" lat="43.510694">
        <ele>531.0</ele>
        <time>2026-08-26T17:34:51+02:00</time>
      </trkpt>
      <trkpt lon="16.605455" lat="43.510755">
        <ele>531.0</ele>
        <time>2026-08-26T17:34:52+02:00</time>
      </trkpt>
      <trkpt lon="16.605514" lat="43.510794">
        <ele>531.0</ele>
        <time>2026-08-26T17:34:53+02:00</time>
      </trkpt>
      <trkpt lon="16.605543" lat="43.510737">
        <ele>533.0</ele>
        <time>2026-08-26T17:34:56+02:00</time>
      </trkpt>
      <trkpt lon="16.605481" lat="43.510674">
        <ele>533.0</ele>
        <time>2026-08-26T17:34:58+02:00</time>
      </trkpt>
      <trkpt lon="16.605416" lat="43.510619">
        <ele>533.0</ele>
        <time>2026-08-26T17:34:59+02:00</time>
      </trkpt>
      <trkpt lon="16.605345" lat="43.51056">
        <ele>534.0</ele>
        <time>2026-08-26T17:35:00+02:00</time>
      </trkpt>
      <trkpt lon="16.605285" lat="43.510504">
        <ele>534.0</ele>
        <time>2026-08-26T17:35:01+02:00</time>
      </trkpt>
      <trkpt lon="16.605241" lat="43.510456">
        <ele>534.0</ele>
        <time>2026-08-26T17:35:02+02:00</time>
      </trkpt>
      <trkpt lon="16.605215" lat="43.510404">
        <ele>534.0</ele>
        <time>2026-08-26T17:35:03+02:00</time>
      </trkpt>
      <trkpt lon="16.605212" lat="43.510355">
        <ele>535.0</ele>
        <time>2026-08-26T17:35:04+02:00</time>
      </trkpt>
      <trkpt lon="16.605267" lat="43.510294">
        <ele>535.0</ele>
        <time>2026-08-26T17:35:06+02:00</time>
      </trkpt>
      <trkpt lon="16.605365" lat="43.510293">
        <ele>535.0</ele>
        <time>2026-08-26T17:35:08+02:00</time>
      </trkpt>
      <trkpt lon="16.605406" lat="43.510366">
        <ele>535.0</ele>
        <time>2026-08-26T17:35:10+02:00</time>
      </trkpt>
      <trkpt lon="16.605401" lat="43.510426">
        <ele>535.0</ele>
        <time>2026-08-26T17:35:11+02:00</time>
      </trkpt>
      <trkpt lon="16.605406" lat="43.510483">
        <ele>535.0</ele>
        <time>2026-08-26T17:35:12+02:00</time>
      </trkpt>
      <trkpt lon="16.605414" lat="43.510557">
        <ele>535.0</ele>
        <time>2026-08-26T17:35:13+02:00</time>
      </trkpt>
      <trkpt lon="16.605445" lat="43.510618">
        <ele>535.0</ele>
        <time>2026-08-26T17:35:14+02:00</time>
      </trkpt>
      <trkpt lon="16.605471" lat="43.510666">
        <ele>535.0</ele>
        <time>2026-08-26T17:35:15+02:00</time>
      </trkpt>
      <trkpt lon="16.605509" lat="43.510702">
        <ele>535.0</ele>
        <time>2026-08-26T17:35:16+02:00</time>
      </trkpt>
      <trkpt lon="16.605572" lat="43.510758">
        <ele>535.0</ele>
        <time>2026-08-26T17:35:18+02:00</time>
      </trkpt>
      <trkpt lon="16.605682" lat="43.510817">
        <ele>534.0</ele>
        <time>2026-08-26T17:35:20+02:00</time>
      </trkpt>
      <trkpt lon="16.605791" lat="43.510847">
        <ele>534.0</ele>
        <time>2026-08-26T17:35:22+02:00</time>
      </trkpt>
      <trkpt lon="16.605878" lat="43.510862">
        <ele>535.0</ele>
        <time>2026-08-26T17:35:23+02:00</time>
      </trkpt>
      <trkpt lon="16.606007" lat="43.510899">
        <ele>535.0</ele>
        <time>2026-08-26T17:35:24+02:00</time>
      </trkpt>
      <trkpt lon="16.606157" lat="43.510939">
        <ele>535.0</ele>
        <time>2026-08-26T17:35:25+02:00</time>
      </trkpt>
      <trkpt lon="16.606315" lat="43.510956">
        <ele>535.0</ele>
        <time>2026-08-26T17:35:26+02:00</time>
      </trkpt>
      <trkpt lon="16.606488" lat="43.510975">
        <ele>535.0</ele>
        <time>2026-08-26T17:35:27+02:00</time>
      </trkpt>
      <trkpt lon="16.60667" lat="43.511005">
        <ele>536.0</ele>
        <time>2026-08-26T17:35:28+02:00</time>
      </trkpt>
      <trkpt lon="16.606849" lat="43.511053">
        <ele>537.0</ele>
        <time>2026-08-26T17:35:29+02:00</time>
      </trkpt>
      <trkpt lon="16.607038" lat="43.5111">
        <ele>537.0</ele>
        <time>2026-08-26T17:35:30+02:00</time>
      </trkpt>
      <trkpt lon="16.607226" lat="43.511141">
        <ele>538.0</ele>
        <time>2026-08-26T17:35:31+02:00</time>
      </trkpt>
      <trkpt lon="16.607435" lat="43.511179">
        <ele>538.0</ele>
        <time>2026-08-26T17:35:32+02:00</time>
      </trkpt>
      <trkpt lon="16.607615" lat="43.511219">
        <ele>539.0</ele>
        <time>2026-08-26T17:35:33+02:00</time>
      </trkpt>
      <trkpt lon="16.607809" lat="43.511266">
        <ele>539.0</ele>
        <time>2026-08-26T17:35:34+02:00</time>
      </trkpt>
      <trkpt lon="16.607957" lat="43.511305">
        <ele>540.0</ele>
        <time>2026-08-26T17:35:35+02:00</time>
      </trkpt>
      <trkpt lon="16.608094" lat="43.511352">
        <ele>540.0</ele>
        <time>2026-08-26T17:35:36+02:00</time>
      </trkpt>
      <trkpt lon="16.608201" lat="43.511414">
        <ele>541.0</ele>
        <time>2026-08-26T17:35:37+02:00</time>
      </trkpt>
      <trkpt lon="16.608324" lat="43.511504">
        <ele>542.0</ele>
        <time>2026-08-26T17:35:38+02:00</time>
      </trkpt>
      <trkpt lon="16.608467" lat="43.511608">
        <ele>542.0</ele>
        <time>2026-08-26T17:35:39+02:00</time>
      </trkpt>
      <trkpt lon="16.608617" lat="43.511704">
        <ele>543.0</ele>
        <time>2026-08-26T17:35:40+02:00</time>
      </trkpt>
      <trkpt lon="16.608773" lat="43.51179">
        <ele>543.0</ele>
        <time>2026-08-26T17:35:41+02:00</time>
      </trkpt>
      <trkpt lon="16.608911" lat="43.511883">
        <ele>544.0</ele>
        <time>2026-08-26T17:35:42+02:00</time>
      </trkpt>
      <trkpt lon="16.609051" lat="43.511976">
        <ele>545.0</ele>
        <time>2026-08-26T17:35:43+02:00</time>
      </trkpt>
      <trkpt lon="16.609147" lat="43.512045">
        <ele>545.0</ele>
        <time>2026-08-26T17:35:44+02:00</time>
      </trkpt>
      <trkpt lon="16.609327" lat="43.512111">
        <ele>547.0</ele>
        <time>2026-08-26T17:35:45+02:00</time>
      </trkpt>
      <trkpt lon="16.609422" lat="43.512095">
        <ele>548.0</ele>
        <time>2026-08-26T17:35:46+02:00</time>
      </trkpt>
      <trkpt lon="16.609522" lat="43.512044">
        <ele>548.0</ele>
        <time>2026-08-26T17:35:47+02:00</time>
      </trkpt>
      <trkpt lon="16.609646" lat="43.511975">
        <ele>548.0</ele>
        <time>2026-08-26T17:35:48+02:00</time>
      </trkpt>
      <trkpt lon="16.609761" lat="43.511921">
        <ele>549.0</ele>
        <time>2026-08-26T17:35:49+02:00</time>
      </trkpt>
      <trkpt lon="16.609916" lat="43.511879">
        <ele>549.0</ele>
        <time>2026-08-26T17:35:50+02:00</time>
      </trkpt>
      <trkpt lon="16.610106" lat="43.511844">
        <ele>550.0</ele>
        <time>2026-08-26T17:35:51+02:00</time>
      </trkpt>
      <trkpt lon="16.610296" lat="43.511807">
        <ele>551.0</ele>
        <time>2026-08-26T17:35:52+02:00</time>
      </trkpt>
      <trkpt lon="16.610487" lat="43.511771">
        <ele>551.0</ele>
        <time>2026-08-26T17:35:53+02:00</time>
      </trkpt>
      <trkpt lon="16.610695" lat="43.511731">
        <ele>552.0</ele>
        <time>2026-08-26T17:35:54+02:00</time>
      </trkpt>
      <trkpt lon="16.610922" lat="43.511688">
        <ele>554.0</ele>
        <time>2026-08-26T17:35:55+02:00</time>
      </trkpt>
      <trkpt lon="16.611152" lat="43.511637">
        <ele>555.0</ele>
        <time>2026-08-26T17:35:56+02:00</time>
      </trkpt>
      <trkpt lon="16.61143" lat="43.511574">
        <ele>556.0</ele>
        <time>2026-08-26T17:35:57+02:00</time>
      </trkpt>
      <trkpt lon="16.611677" lat="43.511516">
        <ele>557.0</ele>
        <time>2026-08-26T17:35:58+02:00</time>
      </trkpt>
      <trkpt lon="16.611948" lat="43.51145">
        <ele>557.0</ele>
        <time>2026-08-26T17:35:59+02:00</time>
      </trkpt>
      <trkpt lon="16.612219" lat="43.511386">
        <ele>557.0</ele>
        <time>2026-08-26T17:36:00+02:00</time>
      </trkpt>
      <trkpt lon="16.612499" lat="43.511321">
        <ele>558.0</ele>
        <time>2026-08-26T17:36:01+02:00</time>
      </trkpt>
      <trkpt lon="16.612774" lat="43.511258">
        <ele>558.0</ele>
        <time>2026-08-26T17:36:02+02:00</time>
      </trkpt>
      <trkpt lon="16.613068" lat="43.511192">
        <ele>558.0</ele>
        <time>2026-08-26T17:36:03+02:00</time>
      </trkpt>
      <trkpt lon="16.613351" lat="43.511127">
        <ele>558.0</ele>
        <time>2026-08-26T17:36:04+02:00</time>
      </trkpt>
      <trkpt lon="16.613606" lat="43.511067">
        <ele>559.0</ele>
        <time>2026-08-26T17:36:05+02:00</time>
      </trkpt>
      <trkpt lon="16.613848" lat="43.511009">
        <ele>558.0</ele>
        <time>2026-08-26T17:36:06+02:00</time>
      </trkpt>
      <trkpt lon="16.614062" lat="43.510952">
        <ele>558.0</ele>
        <time>2026-08-26T17:36:07+02:00</time>
      </trkpt>
      <trkpt lon="16.614272" lat="43.510883">
        <ele>558.0</ele>
        <time>2026-08-26T17:36:08+02:00</time>
      </trkpt>
      <trkpt lon="16.614487" lat="43.510814">
        <ele>557.0</ele>
        <time>2026-08-26T17:36:09+02:00</time>
      </trkpt>
      <trkpt lon="16.6147" lat="43.510745">
        <ele>557.0</ele>
        <time>2026-08-26T17:36:10+02:00</time>
      </trkpt>
      <trkpt lon="16.614924" lat="43.510676">
        <ele>557.0</ele>
        <time>2026-08-26T17:36:11+02:00</time>
      </trkpt>
      <trkpt lon="16.615162" lat="43.510607">
        <ele>557.0</ele>
        <time>2026-08-26T17:36:12+02:00</time>
      </trkpt>
      <trkpt lon="16.61541" lat="43.510543">
        <ele>557.0</ele>
        <time>2026-08-26T17:36:13+02:00</time>
      </trkpt>
      <trkpt lon="16.615655" lat="43.51049">
        <ele>557.0</ele>
        <time>2026-08-26T17:36:14+02:00</time>
      </trkpt>
      <trkpt lon="16.615877" lat="43.510442">
        <ele>557.0</ele>
        <time>2026-08-26T17:36:15+02:00</time>
      </trkpt>
      <trkpt lon="16.61608" lat="43.510395">
        <ele>557.0</ele>
        <time>2026-08-26T17:36:16+02:00</time>
      </trkpt>
      <trkpt lon="16.616262" lat="43.510355">
        <ele>557.0</ele>
        <time>2026-08-26T17:36:17+02:00</time>
      </trkpt>
      <trkpt lon="16.616461" lat="43.510347">
        <ele>557.0</ele>
        <time>2026-08-26T17:36:18+02:00</time>
      </trkpt>
      <trkpt lon="16.616667" lat="43.510365">
        <ele>556.0</ele>
        <time>2026-08-26T17:36:19+02:00</time>
      </trkpt>
      <trkpt lon="16.616892" lat="43.510399">
        <ele>556.0</ele>
        <time>2026-08-26T17:36:20+02:00</time>
      </trkpt>
      <trkpt lon="16.617092" lat="43.510428">
        <ele>556.0</ele>
        <time>2026-08-26T17:36:21+02:00</time>
      </trkpt>
      <trkpt lon="16.617254" lat="43.510427">
        <ele>556.0</ele>
        <time>2026-08-26T17:36:22+02:00</time>
      </trkpt>
      <trkpt lon="16.617407" lat="43.510361">
        <ele>555.0</ele>
        <time>2026-08-26T17:36:24+02:00</time>
      </trkpt>
      <trkpt lon="16.617433" lat="43.510303">
        <ele>554.0</ele>
        <time>2026-08-26T17:36:25+02:00</time>
      </trkpt>
      <trkpt lon="16.617457" lat="43.510221">
        <ele>554.0</ele>
        <time>2026-08-26T17:36:26+02:00</time>
      </trkpt>
      <trkpt lon="16.6175" lat="43.510128">
        <ele>553.0</ele>
        <time>2026-08-26T17:36:27+02:00</time>
      </trkpt>
      <trkpt lon="16.617562" lat="43.510029">
        <ele>552.0</ele>
        <time>2026-08-26T17:36:28+02:00</time>
      </trkpt>
      <trkpt lon="16.61764" lat="43.509912">
        <ele>552.0</ele>
        <time>2026-08-26T17:36:29+02:00</time>
      </trkpt>
      <trkpt lon="16.617705" lat="43.509811">
        <ele>551.0</ele>
        <time>2026-08-26T17:36:30+02:00</time>
      </trkpt>
      <trkpt lon="16.617793" lat="43.50972">
        <ele>551.0</ele>
        <time>2026-08-26T17:36:31+02:00</time>
      </trkpt>
      <trkpt lon="16.617904" lat="43.509652">
        <ele>550.0</ele>
        <time>2026-08-26T17:36:32+02:00</time>
      </trkpt>
      <trkpt lon="16.61805" lat="43.509598">
        <ele>550.0</ele>
        <time>2026-08-26T17:36:33+02:00</time>
      </trkpt>
      <trkpt lon="16.618222" lat="43.509544">
        <ele>549.0</ele>
        <time>2026-08-26T17:36:34+02:00</time>
      </trkpt>
      <trkpt lon="16.61841" lat="43.509483">
        <ele>549.0</ele>
        <time>2026-08-26T17:36:35+02:00</time>
      </trkpt>
      <trkpt lon="16.618615" lat="43.509413">
        <ele>548.0</ele>
        <time>2026-08-26T17:36:36+02:00</time>
      </trkpt>
      <trkpt lon="16.618823" lat="43.509343">
        <ele>548.0</ele>
        <time>2026-08-26T17:36:37+02:00</time>
      </trkpt>
      <trkpt lon="16.619012" lat="43.509274">
        <ele>548.0</ele>
        <time>2026-08-26T17:36:38+02:00</time>
      </trkpt>
      <trkpt lon="16.619173" lat="43.509197">
        <ele>547.0</ele>
        <time>2026-08-26T17:36:39+02:00</time>
      </trkpt>
      <trkpt lon="16.619321" lat="43.509095">
        <ele>547.0</ele>
        <time>2026-08-26T17:36:40+02:00</time>
      </trkpt>
      <trkpt lon="16.619453" lat="43.508969">
        <ele>546.0</ele>
        <time>2026-08-26T17:36:41+02:00</time>
      </trkpt>
      <trkpt lon="16.619583" lat="43.508826">
        <ele>546.0</ele>
        <time>2026-08-26T17:36:42+02:00</time>
      </trkpt>
      <trkpt lon="16.619725" lat="43.508686">
        <ele>545.0</ele>
        <time>2026-08-26T17:36:43+02:00</time>
      </trkpt>
      <trkpt lon="16.619866" lat="43.508555">
        <ele>544.0</ele>
        <time>2026-08-26T17:36:44+02:00</time>
      </trkpt>
      <trkpt lon="16.620013" lat="43.508433">
        <ele>543.0</ele>
        <time>2026-08-26T17:36:45+02:00</time>
      </trkpt>
      <trkpt lon="16.620145" lat="43.508324">
        <ele>543.0</ele>
        <time>2026-08-26T17:36:46+02:00</time>
      </trkpt>
      <trkpt lon="16.620286" lat="43.508204">
        <ele>543.0</ele>
        <time>2026-08-26T17:36:47+02:00</time>
      </trkpt>
      <trkpt lon="16.620403" lat="43.508108">
        <ele>542.0</ele>
        <time>2026-08-26T17:36:48+02:00</time>
      </trkpt>
      <trkpt lon="16.620536" lat="43.50801">
        <ele>542.0</ele>
        <time>2026-08-26T17:36:49+02:00</time>
      </trkpt>
      <trkpt lon="16.620656" lat="43.507921">
        <ele>541.0</ele>
        <time>2026-08-26T17:36:50+02:00</time>
      </trkpt>
      <trkpt lon="16.620766" lat="43.50783">
        <ele>541.0</ele>
        <time>2026-08-26T17:36:51+02:00</time>
      </trkpt>
      <trkpt lon="16.620873" lat="43.507743">
        <ele>539.0</ele>
        <time>2026-08-26T17:36:52+02:00</time>
      </trkpt>
      <trkpt lon="16.621007" lat="43.507655">
        <ele>537.0</ele>
        <time>2026-08-26T17:36:53+02:00</time>
      </trkpt>
      <trkpt lon="16.621165" lat="43.507564">
        <ele>533.0</ele>
        <time>2026-08-26T17:36:54+02:00</time>
      </trkpt>
      <trkpt lon="16.621338" lat="43.507462">
        <ele>531.0</ele>
        <time>2026-08-26T17:36:55+02:00</time>
      </trkpt>
      <trkpt lon="16.621515" lat="43.507348">
        <ele>530.0</ele>
        <time>2026-08-26T17:36:56+02:00</time>
      </trkpt>
      <trkpt lon="16.621678" lat="43.507221">
        <ele>529.0</ele>
        <time>2026-08-26T17:36:57+02:00</time>
      </trkpt>
      <trkpt lon="16.621841" lat="43.507089">
        <ele>529.0</ele>
        <time>2026-08-26T17:36:58+02:00</time>
      </trkpt>
      <trkpt lon="16.622008" lat="43.506957">
        <ele>528.0</ele>
        <time>2026-08-26T17:36:59+02:00</time>
      </trkpt>
      <trkpt lon="16.622149" lat="43.506849">
        <ele>528.0</ele>
        <time>2026-08-26T17:37:00+02:00</time>
      </trkpt>
      <trkpt lon="16.622276" lat="43.506748">
        <ele>528.0</ele>
        <time>2026-08-26T17:37:01+02:00</time>
      </trkpt>
      <trkpt lon="16.622391" lat="43.506659">
        <ele>526.0</ele>
        <time>2026-08-26T17:37:02+02:00</time>
      </trkpt>
      <trkpt lon="16.622493" lat="43.506585">
        <ele>525.0</ele>
        <time>2026-08-26T17:37:03+02:00</time>
      </trkpt>
      <trkpt lon="16.622588" lat="43.506514">
        <ele>524.0</ele>
        <time>2026-08-26T17:37:04+02:00</time>
      </trkpt>
      <trkpt lon="16.622675" lat="43.506441">
        <ele>522.0</ele>
        <time>2026-08-26T17:37:05+02:00</time>
      </trkpt>
      <trkpt lon="16.622773" lat="43.506348">
        <ele>521.0</ele>
        <time>2026-08-26T17:37:06+02:00</time>
      </trkpt>
      <trkpt lon="16.62286" lat="43.506255">
        <ele>519.0</ele>
        <time>2026-08-26T17:37:07+02:00</time>
      </trkpt>
      <trkpt lon="16.622937" lat="43.506158">
        <ele>518.0</ele>
        <time>2026-08-26T17:37:08+02:00</time>
      </trkpt>
      <trkpt lon="16.623046" lat="43.506018">
        <ele>516.0</ele>
        <time>2026-08-26T17:37:10+02:00</time>
      </trkpt>
      <trkpt lon="16.623092" lat="43.505964">
        <ele>515.0</ele>
        <time>2026-08-26T17:37:11+02:00</time>
      </trkpt>
      <trkpt lon="16.62313" lat="43.505921">
        <ele>514.0</ele>
        <time>2026-08-26T17:37:12+02:00</time>
      </trkpt>
      <trkpt lon="16.623155" lat="43.505871">
        <ele>512.0</ele>
        <time>2026-08-26T17:37:15+02:00</time>
      </trkpt>
      <trkpt lon="16.623151" lat="43.505876">
        <ele>511.0</ele>
        <time>2026-08-26T17:37:16+02:00</time>
      </trkpt>
      <trkpt lon="16.623147" lat="43.505876">
        <ele>510.0</ele>
        <time>2026-08-26T17:37:47+02:00</time>
      </trkpt>
      <trkpt lon="16.623224" lat="43.505841">
        <ele>510.0</ele>
        <time>2026-08-26T17:38:35+02:00</time>
      </trkpt>
      <trkpt lon="16.623324" lat="43.505753">
        <ele>510.0</ele>
        <time>2026-08-26T17:38:37+02:00</time>
      </trkpt>
      <trkpt lon="16.623389" lat="43.505687">
        <ele>510.0</ele>
        <time>2026-08-26T17:38:38+02:00</time>
      </trkpt>
      <trkpt lon="16.623472" lat="43.505608">
        <ele>510.0</ele>
        <time>2026-08-26T17:38:39+02:00</time>
      </trkpt>
      <trkpt lon="16.623541" lat="43.505534">
        <ele>510.0</ele>
        <time>2026-08-26T17:38:40+02:00</time>
      </trkpt>
      <trkpt lon="16.623615" lat="43.505461">
        <ele>510.0</ele>
        <time>2026-08-26T17:38:41+02:00</time>
      </trkpt>
      <trkpt lon="16.623675" lat="43.505391">
        <ele>510.0</ele>
        <time>2026-08-26T17:38:42+02:00</time>
      </trkpt>
      <trkpt lon="16.623714" lat="43.505308">
        <ele>510.0</ele>
        <time>2026-08-26T17:38:43+02:00</time>
      </trkpt>
      <trkpt lon="16.623718" lat="43.505223">
        <ele>510.0</ele>
        <time>2026-08-26T17:38:44+02:00</time>
      </trkpt>
      <trkpt lon="16.623715" lat="43.505121">
        <ele>510.0</ele>
        <time>2026-08-26T17:38:45+02:00</time>
      </trkpt>
      <trkpt lon="16.623704" lat="43.505">
        <ele>510.0</ele>
        <time>2026-08-26T17:38:46+02:00</time>
      </trkpt>
      <trkpt lon="16.623694" lat="43.504867">
        <ele>510.0</ele>
        <time>2026-08-26T17:38:47+02:00</time>
      </trkpt>
      <trkpt lon="16.62369" lat="43.504723">
        <ele>510.0</ele>
        <time>2026-08-26T17:38:48+02:00</time>
      </trkpt>
      <trkpt lon="16.6237" lat="43.504581">
        <ele>510.0</ele>
        <time>2026-08-26T17:38:49+02:00</time>
      </trkpt>
      <trkpt lon="16.623734" lat="43.504438">
        <ele>510.0</ele>
        <time>2026-08-26T17:38:50+02:00</time>
      </trkpt>
      <trkpt lon="16.623773" lat="43.504296">
        <ele>510.0</ele>
        <time>2026-08-26T17:38:51+02:00</time>
      </trkpt>
      <trkpt lon="16.62383" lat="43.504155">
        <ele>510.0</ele>
        <time>2026-08-26T17:38:52+02:00</time>
      </trkpt>
      <trkpt lon="16.62391" lat="43.504041">
        <ele>510.0</ele>
        <time>2026-08-26T17:38:53+02:00</time>
      </trkpt>
      <trkpt lon="16.624023" lat="43.503926">
        <ele>510.0</ele>
        <time>2026-08-26T17:38:54+02:00</time>
      </trkpt>
      <trkpt lon="16.624155" lat="43.503819">
        <ele>510.0</ele>
        <time>2026-08-26T17:38:55+02:00</time>
      </trkpt>
      <trkpt lon="16.624304" lat="43.503718">
        <ele>510.0</ele>
        <time>2026-08-26T17:38:56+02:00</time>
      </trkpt>
      <trkpt lon="16.624464" lat="43.503616">
        <ele>509.0</ele>
        <time>2026-08-26T17:38:57+02:00</time>
      </trkpt>
      <trkpt lon="16.624623" lat="43.503506">
        <ele>509.0</ele>
        <time>2026-08-26T17:38:58+02:00</time>
      </trkpt>
      <trkpt lon="16.624775" lat="43.503401">
        <ele>509.0</ele>
        <time>2026-08-26T17:38:59+02:00</time>
      </trkpt>
      <trkpt lon="16.624918" lat="43.503305">
        <ele>509.0</ele>
        <time>2026-08-26T17:39:00+02:00</time>
      </trkpt>
      <trkpt lon="16.625053" lat="43.503216">
        <ele>509.0</ele>
        <time>2026-08-26T17:39:01+02:00</time>
      </trkpt>
      <trkpt lon="16.625169" lat="43.50312">
        <ele>508.0</ele>
        <time>2026-08-26T17:39:02+02:00</time>
      </trkpt>
      <trkpt lon="16.625237" lat="43.503021">
        <ele>508.0</ele>
        <time>2026-08-26T17:39:03+02:00</time>
      </trkpt>
      <trkpt lon="16.625301" lat="43.502907">
        <ele>508.0</ele>
        <time>2026-08-26T17:39:04+02:00</time>
      </trkpt>
      <trkpt lon="16.625384" lat="43.502789">
        <ele>508.0</ele>
        <time>2026-08-26T17:39:05+02:00</time>
      </trkpt>
      <trkpt lon="16.625491" lat="43.502665">
        <ele>508.0</ele>
        <time>2026-08-26T17:39:06+02:00</time>
      </trkpt>
      <trkpt lon="16.625609" lat="43.502537">
        <ele>508.0</ele>
        <time>2026-08-26T17:39:07+02:00</time>
      </trkpt>
      <trkpt lon="16.625737" lat="43.502393">
        <ele>507.0</ele>
        <time>2026-08-26T17:39:08+02:00</time>
      </trkpt>
      <trkpt lon="16.625849" lat="43.502264">
        <ele>507.0</ele>
        <time>2026-08-26T17:39:09+02:00</time>
      </trkpt>
      <trkpt lon="16.625972" lat="43.50214">
        <ele>507.0</ele>
        <time>2026-08-26T17:39:10+02:00</time>
      </trkpt>
      <trkpt lon="16.62611" lat="43.502021">
        <ele>508.0</ele>
        <time>2026-08-26T17:39:11+02:00</time>
      </trkpt>
      <trkpt lon="16.626258" lat="43.501911">
        <ele>508.0</ele>
        <time>2026-08-26T17:39:12+02:00</time>
      </trkpt>
      <trkpt lon="16.626411" lat="43.501802">
        <ele>508.0</ele>
        <time>2026-08-26T17:39:13+02:00</time>
      </trkpt>
      <trkpt lon="16.626576" lat="43.501692">
        <ele>508.0</ele>
        <time>2026-08-26T17:39:14+02:00</time>
      </trkpt>
      <trkpt lon="16.626756" lat="43.50158">
        <ele>508.0</ele>
        <time>2026-08-26T17:39:15+02:00</time>
      </trkpt>
      <trkpt lon="16.62693" lat="43.501476">
        <ele>508.0</ele>
        <time>2026-08-26T17:39:16+02:00</time>
      </trkpt>
      <trkpt lon="16.627116" lat="43.501363">
        <ele>508.0</ele>
        <time>2026-08-26T17:39:17+02:00</time>
      </trkpt>
      <trkpt lon="16.6273" lat="43.501243">
        <ele>508.0</ele>
        <time>2026-08-26T17:39:18+02:00</time>
      </trkpt>
      <trkpt lon="16.627482" lat="43.501115">
        <ele>508.0</ele>
        <time>2026-08-26T17:39:19+02:00</time>
      </trkpt>
      <trkpt lon="16.627672" lat="43.500992">
        <ele>508.0</ele>
        <time>2026-08-26T17:39:20+02:00</time>
      </trkpt>
      <trkpt lon="16.627865" lat="43.500868">
        <ele>508.0</ele>
        <time>2026-08-26T17:39:21+02:00</time>
      </trkpt>
      <trkpt lon="16.628047" lat="43.500746">
        <ele>508.0</ele>
        <time>2026-08-26T17:39:22+02:00</time>
      </trkpt>
      <trkpt lon="16.62821" lat="43.500622">
        <ele>508.0</ele>
        <time>2026-08-26T17:39:23+02:00</time>
      </trkpt>
      <trkpt lon="16.628382" lat="43.500496">
        <ele>507.0</ele>
        <time>2026-08-26T17:39:24+02:00</time>
      </trkpt>
      <trkpt lon="16.628567" lat="43.50037">
        <ele>507.0</ele>
        <time>2026-08-26T17:39:25+02:00</time>
      </trkpt>
      <trkpt lon="16.628764" lat="43.500252">
        <ele>507.0</ele>
        <time>2026-08-26T17:39:26+02:00</time>
      </trkpt>
      <trkpt lon="16.628979" lat="43.500132">
        <ele>506.0</ele>
        <time>2026-08-26T17:39:27+02:00</time>
      </trkpt>
      <trkpt lon="16.629175" lat="43.50002">
        <ele>506.0</ele>
        <time>2026-08-26T17:39:28+02:00</time>
      </trkpt>
      <trkpt lon="16.629371" lat="43.499897">
        <ele>506.0</ele>
        <time>2026-08-26T17:39:29+02:00</time>
      </trkpt>
      <trkpt lon="16.629555" lat="43.499771">
        <ele>506.0</ele>
        <time>2026-08-26T17:39:30+02:00</time>
      </trkpt>
      <trkpt lon="16.629748" lat="43.49964">
        <ele>506.0</ele>
        <time>2026-08-26T17:39:31+02:00</time>
      </trkpt>
      <trkpt lon="16.62994" lat="43.499515">
        <ele>506.0</ele>
        <time>2026-08-26T17:39:32+02:00</time>
      </trkpt>
      <trkpt lon="16.63014" lat="43.499391">
        <ele>506.0</ele>
        <time>2026-08-26T17:39:33+02:00</time>
      </trkpt>
      <trkpt lon="16.63033" lat="43.499271">
        <ele>505.0</ele>
        <time>2026-08-26T17:39:34+02:00</time>
      </trkpt>
      <trkpt lon="16.63052" lat="43.499165">
        <ele>505.0</ele>
        <time>2026-08-26T17:39:35+02:00</time>
      </trkpt>
      <trkpt lon="16.630715" lat="43.499072">
        <ele>505.0</ele>
        <time>2026-08-26T17:39:36+02:00</time>
      </trkpt>
      <trkpt lon="16.630912" lat="43.498986">
        <ele>505.0</ele>
        <time>2026-08-26T17:39:37+02:00</time>
      </trkpt>
      <trkpt lon="16.631115" lat="43.498885">
        <ele>505.0</ele>
        <time>2026-08-26T17:39:38+02:00</time>
      </trkpt>
      <trkpt lon="16.631297" lat="43.498776">
        <ele>505.0</ele>
        <time>2026-08-26T17:39:39+02:00</time>
      </trkpt>
      <trkpt lon="16.631464" lat="43.498661">
        <ele>505.0</ele>
        <time>2026-08-26T17:39:40+02:00</time>
      </trkpt>
      <trkpt lon="16.631624" lat="43.498543">
        <ele>505.0</ele>
        <time>2026-08-26T17:39:41+02:00</time>
      </trkpt>
      <trkpt lon="16.631785" lat="43.498422">
        <ele>504.0</ele>
        <time>2026-08-26T17:39:42+02:00</time>
      </trkpt>
      <trkpt lon="16.631947" lat="43.498301">
        <ele>504.0</ele>
        <time>2026-08-26T17:39:43+02:00</time>
      </trkpt>
      <trkpt lon="16.632114" lat="43.498181">
        <ele>504.0</ele>
        <time>2026-08-26T17:39:44+02:00</time>
      </trkpt>
      <trkpt lon="16.632286" lat="43.49807">
        <ele>504.0</ele>
        <time>2026-08-26T17:39:45+02:00</time>
      </trkpt>
      <trkpt lon="16.632475" lat="43.497958">
        <ele>503.0</ele>
        <time>2026-08-26T17:39:46+02:00</time>
      </trkpt>
      <trkpt lon="16.632663" lat="43.497865">
        <ele>503.0</ele>
        <time>2026-08-26T17:39:47+02:00</time>
      </trkpt>
      <trkpt lon="16.632855" lat="43.497781">
        <ele>503.0</ele>
        <time>2026-08-26T17:39:48+02:00</time>
      </trkpt>
      <trkpt lon="16.633047" lat="43.497712">
        <ele>502.0</ele>
        <time>2026-08-26T17:39:49+02:00</time>
      </trkpt>
      <trkpt lon="16.633237" lat="43.497666">
        <ele>502.0</ele>
        <time>2026-08-26T17:39:50+02:00</time>
      </trkpt>
      <trkpt lon="16.633429" lat="43.497654">
        <ele>501.0</ele>
        <time>2026-08-26T17:39:51+02:00</time>
      </trkpt>
      <trkpt lon="16.633602" lat="43.49765">
        <ele>501.0</ele>
        <time>2026-08-26T17:39:52+02:00</time>
      </trkpt>
      <trkpt lon="16.633758" lat="43.49762">
        <ele>499.0</ele>
        <time>2026-08-26T17:39:53+02:00</time>
      </trkpt>
      <trkpt lon="16.63391" lat="43.497563">
        <ele>498.0</ele>
        <time>2026-08-26T17:39:54+02:00</time>
      </trkpt>
      <trkpt lon="16.634055" lat="43.497483">
        <ele>497.0</ele>
        <time>2026-08-26T17:39:55+02:00</time>
      </trkpt>
      <trkpt lon="16.634222" lat="43.497393">
        <ele>497.0</ele>
        <time>2026-08-26T17:39:56+02:00</time>
      </trkpt>
      <trkpt lon="16.634394" lat="43.497305">
        <ele>496.0</ele>
        <time>2026-08-26T17:39:57+02:00</time>
      </trkpt>
      <trkpt lon="16.634581" lat="43.497204">
        <ele>496.0</ele>
        <time>2026-08-26T17:39:58+02:00</time>
      </trkpt>
      <trkpt lon="16.634751" lat="43.497097">
        <ele>496.0</ele>
        <time>2026-08-26T17:39:59+02:00</time>
      </trkpt>
      <trkpt lon="16.634932" lat="43.49698">
        <ele>496.0</ele>
        <time>2026-08-26T17:40:00+02:00</time>
      </trkpt>
      <trkpt lon="16.635109" lat="43.496863">
        <ele>496.0</ele>
        <time>2026-08-26T17:40:01+02:00</time>
      </trkpt>
      <trkpt lon="16.635292" lat="43.496754">
        <ele>496.0</ele>
        <time>2026-08-26T17:40:02+02:00</time>
      </trkpt>
      <trkpt lon="16.635485" lat="43.496661">
        <ele>497.0</ele>
        <time>2026-08-26T17:40:03+02:00</time>
      </trkpt>
      <trkpt lon="16.635688" lat="43.496574">
        <ele>497.0</ele>
        <time>2026-08-26T17:40:04+02:00</time>
      </trkpt>
      <trkpt lon="16.635895" lat="43.496487">
        <ele>497.0</ele>
        <time>2026-08-26T17:40:05+02:00</time>
      </trkpt>
      <trkpt lon="16.636084" lat="43.496382">
        <ele>497.0</ele>
        <time>2026-08-26T17:40:06+02:00</time>
      </trkpt>
      <trkpt lon="16.636245" lat="43.496264">
        <ele>497.0</ele>
        <time>2026-08-26T17:40:07+02:00</time>
      </trkpt>
      <trkpt lon="16.636407" lat="43.496129">
        <ele>496.0</ele>
        <time>2026-08-26T17:40:08+02:00</time>
      </trkpt>
      <trkpt lon="16.636582" lat="43.49598">
        <ele>495.0</ele>
        <time>2026-08-26T17:40:09+02:00</time>
      </trkpt>
      <trkpt lon="16.636765" lat="43.49584">
        <ele>494.0</ele>
        <time>2026-08-26T17:40:10+02:00</time>
      </trkpt>
      <trkpt lon="16.636955" lat="43.495694">
        <ele>494.0</ele>
        <time>2026-08-26T17:40:11+02:00</time>
      </trkpt>
      <trkpt lon="16.637157" lat="43.495546">
        <ele>493.0</ele>
        <time>2026-08-26T17:40:12+02:00</time>
      </trkpt>
      <trkpt lon="16.637339" lat="43.495401">
        <ele>493.0</ele>
        <time>2026-08-26T17:40:13+02:00</time>
      </trkpt>
      <trkpt lon="16.637534" lat="43.495266">
        <ele>493.0</ele>
        <time>2026-08-26T17:40:14+02:00</time>
      </trkpt>
      <trkpt lon="16.637741" lat="43.495146">
        <ele>492.0</ele>
        <time>2026-08-26T17:40:15+02:00</time>
      </trkpt>
      <trkpt lon="16.637916" lat="43.495056">
        <ele>492.0</ele>
        <time>2026-08-26T17:40:16+02:00</time>
      </trkpt>
      <trkpt lon="16.638104" lat="43.494944">
        <ele>492.0</ele>
        <time>2026-08-26T17:40:17+02:00</time>
      </trkpt>
      <trkpt lon="16.63828" lat="43.494835">
        <ele>492.0</ele>
        <time>2026-08-26T17:40:18+02:00</time>
      </trkpt>
      <trkpt lon="16.638463" lat="43.494731">
        <ele>492.0</ele>
        <time>2026-08-26T17:40:19+02:00</time>
      </trkpt>
      <trkpt lon="16.638666" lat="43.494628">
        <ele>491.0</ele>
        <time>2026-08-26T17:40:20+02:00</time>
      </trkpt>
      <trkpt lon="16.638885" lat="43.494524">
        <ele>490.0</ele>
        <time>2026-08-26T17:40:21+02:00</time>
      </trkpt>
      <trkpt lon="16.639085" lat="43.494417">
        <ele>489.0</ele>
        <time>2026-08-26T17:40:22+02:00</time>
      </trkpt>
      <trkpt lon="16.639259" lat="43.494312">
        <ele>488.0</ele>
        <time>2026-08-26T17:40:23+02:00</time>
      </trkpt>
      <trkpt lon="16.639403" lat="43.494215">
        <ele>488.0</ele>
        <time>2026-08-26T17:40:24+02:00</time>
      </trkpt>
      <trkpt lon="16.639533" lat="43.494134">
        <ele>487.0</ele>
        <time>2026-08-26T17:40:25+02:00</time>
      </trkpt>
      <trkpt lon="16.639668" lat="43.494047">
        <ele>486.0</ele>
        <time>2026-08-26T17:40:26+02:00</time>
      </trkpt>
      <trkpt lon="16.63981" lat="43.493946">
        <ele>484.0</ele>
        <time>2026-08-26T17:40:27+02:00</time>
      </trkpt>
      <trkpt lon="16.639967" lat="43.493835">
        <ele>483.0</ele>
        <time>2026-08-26T17:40:28+02:00</time>
      </trkpt>
      <trkpt lon="16.640134" lat="43.49372">
        <ele>482.0</ele>
        <time>2026-08-26T17:40:29+02:00</time>
      </trkpt>
      <trkpt lon="16.64032" lat="43.49361">
        <ele>481.0</ele>
        <time>2026-08-26T17:40:30+02:00</time>
      </trkpt>
      <trkpt lon="16.640526" lat="43.493496">
        <ele>480.0</ele>
        <time>2026-08-26T17:40:31+02:00</time>
      </trkpt>
      <trkpt lon="16.640729" lat="43.493375">
        <ele>480.0</ele>
        <time>2026-08-26T17:40:32+02:00</time>
      </trkpt>
      <trkpt lon="16.640922" lat="43.493242">
        <ele>480.0</ele>
        <time>2026-08-26T17:40:33+02:00</time>
      </trkpt>
      <trkpt lon="16.641114" lat="43.493106">
        <ele>479.0</ele>
        <time>2026-08-26T17:40:34+02:00</time>
      </trkpt>
      <trkpt lon="16.64133" lat="43.492967">
        <ele>479.0</ele>
        <time>2026-08-26T17:40:35+02:00</time>
      </trkpt>
      <trkpt lon="16.641534" lat="43.492836">
        <ele>479.0</ele>
        <time>2026-08-26T17:40:36+02:00</time>
      </trkpt>
      <trkpt lon="16.641743" lat="43.492701">
        <ele>479.0</ele>
        <time>2026-08-26T17:40:37+02:00</time>
      </trkpt>
      <trkpt lon="16.641967" lat="43.492559">
        <ele>479.0</ele>
        <time>2026-08-26T17:40:38+02:00</time>
      </trkpt>
      <trkpt lon="16.642187" lat="43.492421">
        <ele>479.0</ele>
        <time>2026-08-26T17:40:39+02:00</time>
      </trkpt>
      <trkpt lon="16.642401" lat="43.492287">
        <ele>479.0</ele>
        <time>2026-08-26T17:40:40+02:00</time>
      </trkpt>
      <trkpt lon="16.642613" lat="43.492174">
        <ele>478.0</ele>
        <time>2026-08-26T17:40:41+02:00</time>
      </trkpt>
      <trkpt lon="16.64284" lat="43.492062">
        <ele>477.0</ele>
        <time>2026-08-26T17:40:42+02:00</time>
      </trkpt>
      <trkpt lon="16.643073" lat="43.491952">
        <ele>477.0</ele>
        <time>2026-08-26T17:40:43+02:00</time>
      </trkpt>
      <trkpt lon="16.643304" lat="43.491847">
        <ele>476.0</ele>
        <time>2026-08-26T17:40:44+02:00</time>
      </trkpt>
      <trkpt lon="16.643517" lat="43.491754">
        <ele>475.0</ele>
        <time>2026-08-26T17:40:45+02:00</time>
      </trkpt>
      <trkpt lon="16.643719" lat="43.49165">
        <ele>475.0</ele>
        <time>2026-08-26T17:40:46+02:00</time>
      </trkpt>
      <trkpt lon="16.643919" lat="43.491528">
        <ele>474.0</ele>
        <time>2026-08-26T17:40:47+02:00</time>
      </trkpt>
      <trkpt lon="16.644106" lat="43.491404">
        <ele>473.0</ele>
        <time>2026-08-26T17:40:48+02:00</time>
      </trkpt>
      <trkpt lon="16.6443" lat="43.491274">
        <ele>472.0</ele>
        <time>2026-08-26T17:40:49+02:00</time>
      </trkpt>
      <trkpt lon="16.644508" lat="43.491127">
        <ele>471.0</ele>
        <time>2026-08-26T17:40:50+02:00</time>
      </trkpt>
      <trkpt lon="16.6447" lat="43.490996">
        <ele>470.0</ele>
        <time>2026-08-26T17:40:51+02:00</time>
      </trkpt>
      <trkpt lon="16.644902" lat="43.490855">
        <ele>469.0</ele>
        <time>2026-08-26T17:40:52+02:00</time>
      </trkpt>
      <trkpt lon="16.645091" lat="43.490708">
        <ele>468.0</ele>
        <time>2026-08-26T17:40:53+02:00</time>
      </trkpt>
      <trkpt lon="16.645287" lat="43.490562">
        <ele>468.0</ele>
        <time>2026-08-26T17:40:54+02:00</time>
      </trkpt>
      <trkpt lon="16.645472" lat="43.490418">
        <ele>467.0</ele>
        <time>2026-08-26T17:40:55+02:00</time>
      </trkpt>
      <trkpt lon="16.645646" lat="43.490294">
        <ele>467.0</ele>
        <time>2026-08-26T17:40:56+02:00</time>
      </trkpt>
      <trkpt lon="16.645815" lat="43.490202">
        <ele>466.0</ele>
        <time>2026-08-26T17:40:57+02:00</time>
      </trkpt>
      <trkpt lon="16.646016" lat="43.490115">
        <ele>466.0</ele>
        <time>2026-08-26T17:40:58+02:00</time>
      </trkpt>
      <trkpt lon="16.646228" lat="43.490031">
        <ele>465.0</ele>
        <time>2026-08-26T17:40:59+02:00</time>
      </trkpt>
      <trkpt lon="16.646448" lat="43.489943">
        <ele>465.0</ele>
        <time>2026-08-26T17:41:00+02:00</time>
      </trkpt>
      <trkpt lon="16.646663" lat="43.489832">
        <ele>464.0</ele>
        <time>2026-08-26T17:41:01+02:00</time>
      </trkpt>
      <trkpt lon="16.646861" lat="43.489704">
        <ele>463.0</ele>
        <time>2026-08-26T17:41:02+02:00</time>
      </trkpt>
      <trkpt lon="16.647052" lat="43.489575">
        <ele>462.0</ele>
        <time>2026-08-26T17:41:03+02:00</time>
      </trkpt>
      <trkpt lon="16.647259" lat="43.489448">
        <ele>462.0</ele>
        <time>2026-08-26T17:41:04+02:00</time>
      </trkpt>
      <trkpt lon="16.647481" lat="43.48932">
        <ele>461.0</ele>
        <time>2026-08-26T17:41:05+02:00</time>
      </trkpt>
      <trkpt lon="16.647708" lat="43.489197">
        <ele>461.0</ele>
        <time>2026-08-26T17:41:06+02:00</time>
      </trkpt>
      <trkpt lon="16.6479" lat="43.489099">
        <ele>461.0</ele>
        <time>2026-08-26T17:41:07+02:00</time>
      </trkpt>
      <trkpt lon="16.648092" lat="43.489016">
        <ele>460.0</ele>
        <time>2026-08-26T17:41:08+02:00</time>
      </trkpt>
      <trkpt lon="16.648273" lat="43.488952">
        <ele>459.0</ele>
        <time>2026-08-26T17:41:09+02:00</time>
      </trkpt>
      <trkpt lon="16.648439" lat="43.48889">
        <ele>458.0</ele>
        <time>2026-08-26T17:41:10+02:00</time>
      </trkpt>
      <trkpt lon="16.648576" lat="43.488812">
        <ele>457.0</ele>
        <time>2026-08-26T17:41:11+02:00</time>
      </trkpt>
      <trkpt lon="16.648729" lat="43.488709">
        <ele>456.0</ele>
        <time>2026-08-26T17:41:12+02:00</time>
      </trkpt>
      <trkpt lon="16.6489" lat="43.488607">
        <ele>456.0</ele>
        <time>2026-08-26T17:41:13+02:00</time>
      </trkpt>
      <trkpt lon="16.649087" lat="43.48852">
        <ele>455.0</ele>
        <time>2026-08-26T17:41:14+02:00</time>
      </trkpt>
      <trkpt lon="16.649291" lat="43.488437">
        <ele>455.0</ele>
        <time>2026-08-26T17:41:15+02:00</time>
      </trkpt>
      <trkpt lon="16.649468" lat="43.488378">
        <ele>455.0</ele>
        <time>2026-08-26T17:41:16+02:00</time>
      </trkpt>
      <trkpt lon="16.649618" lat="43.488311">
        <ele>454.0</ele>
        <time>2026-08-26T17:41:17+02:00</time>
      </trkpt>
      <trkpt lon="16.649754" lat="43.488221">
        <ele>453.0</ele>
        <time>2026-08-26T17:41:18+02:00</time>
      </trkpt>
      <trkpt lon="16.64987" lat="43.488132">
        <ele>453.0</ele>
        <time>2026-08-26T17:41:19+02:00</time>
      </trkpt>
      <trkpt lon="16.649987" lat="43.488022">
        <ele>453.0</ele>
        <time>2026-08-26T17:41:20+02:00</time>
      </trkpt>
      <trkpt lon="16.650118" lat="43.487887">
        <ele>452.0</ele>
        <time>2026-08-26T17:41:21+02:00</time>
      </trkpt>
      <trkpt lon="16.650258" lat="43.487757">
        <ele>451.0</ele>
        <time>2026-08-26T17:41:22+02:00</time>
      </trkpt>
      <trkpt lon="16.650392" lat="43.487628">
        <ele>450.0</ele>
        <time>2026-08-26T17:41:23+02:00</time>
      </trkpt>
      <trkpt lon="16.650516" lat="43.487508">
        <ele>449.0</ele>
        <time>2026-08-26T17:41:24+02:00</time>
      </trkpt>
      <trkpt lon="16.650638" lat="43.487399">
        <ele>448.0</ele>
        <time>2026-08-26T17:41:25+02:00</time>
      </trkpt>
      <trkpt lon="16.650747" lat="43.487322">
        <ele>446.0</ele>
        <time>2026-08-26T17:41:26+02:00</time>
      </trkpt>
      <trkpt lon="16.65098" lat="43.487243">
        <ele>443.0</ele>
        <time>2026-08-26T17:41:28+02:00</time>
      </trkpt>
      <trkpt lon="16.651111" lat="43.487239">
        <ele>441.0</ele>
        <time>2026-08-26T17:41:29+02:00</time>
      </trkpt>
      <trkpt lon="16.651264" lat="43.487225">
        <ele>439.0</ele>
        <time>2026-08-26T17:41:30+02:00</time>
      </trkpt>
      <trkpt lon="16.651405" lat="43.487188">
        <ele>438.0</ele>
        <time>2026-08-26T17:41:31+02:00</time>
      </trkpt>
      <trkpt lon="16.651544" lat="43.487122">
        <ele>437.0</ele>
        <time>2026-08-26T17:41:32+02:00</time>
      </trkpt>
      <trkpt lon="16.651679" lat="43.487022">
        <ele>436.0</ele>
        <time>2026-08-26T17:41:33+02:00</time>
      </trkpt>
      <trkpt lon="16.651807" lat="43.486905">
        <ele>436.0</ele>
        <time>2026-08-26T17:41:34+02:00</time>
      </trkpt>
      <trkpt lon="16.651912" lat="43.486784">
        <ele>436.0</ele>
        <time>2026-08-26T17:41:35+02:00</time>
      </trkpt>
      <trkpt lon="16.652018" lat="43.486676">
        <ele>435.0</ele>
        <time>2026-08-26T17:41:36+02:00</time>
      </trkpt>
      <trkpt lon="16.652149" lat="43.486603">
        <ele>435.0</ele>
        <time>2026-08-26T17:41:37+02:00</time>
      </trkpt>
      <trkpt lon="16.652297" lat="43.486549">
        <ele>435.0</ele>
        <time>2026-08-26T17:41:38+02:00</time>
      </trkpt>
      <trkpt lon="16.65245" lat="43.486506">
        <ele>434.0</ele>
        <time>2026-08-26T17:41:39+02:00</time>
      </trkpt>
      <trkpt lon="16.6526" lat="43.486435">
        <ele>433.0</ele>
        <time>2026-08-26T17:41:40+02:00</time>
      </trkpt>
      <trkpt lon="16.652737" lat="43.486337">
        <ele>432.0</ele>
        <time>2026-08-26T17:41:41+02:00</time>
      </trkpt>
      <trkpt lon="16.652861" lat="43.486212">
        <ele>431.0</ele>
        <time>2026-08-26T17:41:42+02:00</time>
      </trkpt>
      <trkpt lon="16.652986" lat="43.486067">
        <ele>431.0</ele>
        <time>2026-08-26T17:41:43+02:00</time>
      </trkpt>
      <trkpt lon="16.653114" lat="43.485918">
        <ele>431.0</ele>
        <time>2026-08-26T17:41:44+02:00</time>
      </trkpt>
      <trkpt lon="16.653252" lat="43.485777">
        <ele>431.0</ele>
        <time>2026-08-26T17:41:45+02:00</time>
      </trkpt>
      <trkpt lon="16.653404" lat="43.48565">
        <ele>431.0</ele>
        <time>2026-08-26T17:41:46+02:00</time>
      </trkpt>
      <trkpt lon="16.653589" lat="43.485537">
        <ele>431.0</ele>
        <time>2026-08-26T17:41:47+02:00</time>
      </trkpt>
      <trkpt lon="16.653785" lat="43.485436">
        <ele>431.0</ele>
        <time>2026-08-26T17:41:48+02:00</time>
      </trkpt>
      <trkpt lon="16.653991" lat="43.485336">
        <ele>431.0</ele>
        <time>2026-08-26T17:41:49+02:00</time>
      </trkpt>
      <trkpt lon="16.654191" lat="43.485236">
        <ele>430.0</ele>
        <time>2026-08-26T17:41:50+02:00</time>
      </trkpt>
      <trkpt lon="16.654376" lat="43.48514">
        <ele>430.0</ele>
        <time>2026-08-26T17:41:51+02:00</time>
      </trkpt>
      <trkpt lon="16.654521" lat="43.485068">
        <ele>430.0</ele>
        <time>2026-08-26T17:41:52+02:00</time>
      </trkpt>
      <trkpt lon="16.654668" lat="43.485004">
        <ele>429.0</ele>
        <time>2026-08-26T17:41:53+02:00</time>
      </trkpt>
      <trkpt lon="16.654825" lat="43.484966">
        <ele>429.0</ele>
        <time>2026-08-26T17:41:54+02:00</time>
      </trkpt>
      <trkpt lon="16.654986" lat="43.484931">
        <ele>428.0</ele>
        <time>2026-08-26T17:41:55+02:00</time>
      </trkpt>
      <trkpt lon="16.655148" lat="43.484873">
        <ele>427.0</ele>
        <time>2026-08-26T17:41:56+02:00</time>
      </trkpt>
      <trkpt lon="16.655311" lat="43.484805">
        <ele>426.0</ele>
        <time>2026-08-26T17:41:57+02:00</time>
      </trkpt>
      <trkpt lon="16.655488" lat="43.484705">
        <ele>426.0</ele>
        <time>2026-08-26T17:41:58+02:00</time>
      </trkpt>
      <trkpt lon="16.65565" lat="43.484592">
        <ele>425.0</ele>
        <time>2026-08-26T17:41:59+02:00</time>
      </trkpt>
      <trkpt lon="16.655807" lat="43.484471">
        <ele>425.0</ele>
        <time>2026-08-26T17:42:00+02:00</time>
      </trkpt>
      <trkpt lon="16.655963" lat="43.484366">
        <ele>425.0</ele>
        <time>2026-08-26T17:42:01+02:00</time>
      </trkpt>
      <trkpt lon="16.656137" lat="43.484263">
        <ele>425.0</ele>
        <time>2026-08-26T17:42:02+02:00</time>
      </trkpt>
      <trkpt lon="16.656309" lat="43.484138">
        <ele>425.0</ele>
        <time>2026-08-26T17:42:03+02:00</time>
      </trkpt>
      <trkpt lon="16.656476" lat="43.484001">
        <ele>426.0</ele>
        <time>2026-08-26T17:42:04+02:00</time>
      </trkpt>
      <trkpt lon="16.656626" lat="43.483865">
        <ele>426.0</ele>
        <time>2026-08-26T17:42:05+02:00</time>
      </trkpt>
      <trkpt lon="16.6568" lat="43.483733">
        <ele>427.0</ele>
        <time>2026-08-26T17:42:06+02:00</time>
      </trkpt>
      <trkpt lon="16.656983" lat="43.483611">
        <ele>427.0</ele>
        <time>2026-08-26T17:42:07+02:00</time>
      </trkpt>
      <trkpt lon="16.657168" lat="43.483489">
        <ele>427.0</ele>
        <time>2026-08-26T17:42:08+02:00</time>
      </trkpt>
      <trkpt lon="16.657339" lat="43.483367">
        <ele>427.0</ele>
        <time>2026-08-26T17:42:09+02:00</time>
      </trkpt>
      <trkpt lon="16.657515" lat="43.483243">
        <ele>426.0</ele>
        <time>2026-08-26T17:42:10+02:00</time>
      </trkpt>
      <trkpt lon="16.657681" lat="43.483124">
        <ele>426.0</ele>
        <time>2026-08-26T17:42:11+02:00</time>
      </trkpt>
      <trkpt lon="16.657845" lat="43.48301">
        <ele>425.0</ele>
        <time>2026-08-26T17:42:12+02:00</time>
      </trkpt>
      <trkpt lon="16.658013" lat="43.4829">
        <ele>425.0</ele>
        <time>2026-08-26T17:42:13+02:00</time>
      </trkpt>
      <trkpt lon="16.658201" lat="43.482791">
        <ele>424.0</ele>
        <time>2026-08-26T17:42:14+02:00</time>
      </trkpt>
      <trkpt lon="16.658399" lat="43.482691">
        <ele>423.0</ele>
        <time>2026-08-26T17:42:15+02:00</time>
      </trkpt>
      <trkpt lon="16.658612" lat="43.482591">
        <ele>423.0</ele>
        <time>2026-08-26T17:42:16+02:00</time>
      </trkpt>
      <trkpt lon="16.658819" lat="43.4825">
        <ele>422.0</ele>
        <time>2026-08-26T17:42:17+02:00</time>
      </trkpt>
      <trkpt lon="16.659014" lat="43.482412">
        <ele>422.0</ele>
        <time>2026-08-26T17:42:18+02:00</time>
      </trkpt>
      <trkpt lon="16.659179" lat="43.482329">
        <ele>422.0</ele>
        <time>2026-08-26T17:42:19+02:00</time>
      </trkpt>
      <trkpt lon="16.659308" lat="43.482239">
        <ele>421.0</ele>
        <time>2026-08-26T17:42:20+02:00</time>
      </trkpt>
      <trkpt lon="16.659385" lat="43.482143">
        <ele>421.0</ele>
        <time>2026-08-26T17:42:21+02:00</time>
      </trkpt>
      <trkpt lon="16.659471" lat="43.482045">
        <ele>421.0</ele>
        <time>2026-08-26T17:42:22+02:00</time>
      </trkpt>
      <trkpt lon="16.659585" lat="43.481933">
        <ele>420.0</ele>
        <time>2026-08-26T17:42:23+02:00</time>
      </trkpt>
      <trkpt lon="16.65973" lat="43.481824">
        <ele>420.0</ele>
        <time>2026-08-26T17:42:24+02:00</time>
      </trkpt>
      <trkpt lon="16.659897" lat="43.481719">
        <ele>419.0</ele>
        <time>2026-08-26T17:42:25+02:00</time>
      </trkpt>
      <trkpt lon="16.660078" lat="43.481602">
        <ele>419.0</ele>
        <time>2026-08-26T17:42:26+02:00</time>
      </trkpt>
      <trkpt lon="16.660256" lat="43.481488">
        <ele>418.0</ele>
        <time>2026-08-26T17:42:27+02:00</time>
      </trkpt>
      <trkpt lon="16.660436" lat="43.481377">
        <ele>417.0</ele>
        <time>2026-08-26T17:42:28+02:00</time>
      </trkpt>
      <trkpt lon="16.660614" lat="43.481267">
        <ele>417.0</ele>
        <time>2026-08-26T17:42:29+02:00</time>
      </trkpt>
      <trkpt lon="16.660772" lat="43.481167">
        <ele>416.0</ele>
        <time>2026-08-26T17:42:30+02:00</time>
      </trkpt>
      <trkpt lon="16.660917" lat="43.481059">
        <ele>416.0</ele>
        <time>2026-08-26T17:42:31+02:00</time>
      </trkpt>
      <trkpt lon="16.661053" lat="43.480932">
        <ele>415.0</ele>
        <time>2026-08-26T17:42:32+02:00</time>
      </trkpt>
      <trkpt lon="16.661177" lat="43.480837">
        <ele>414.0</ele>
        <time>2026-08-26T17:42:33+02:00</time>
      </trkpt>
      <trkpt lon="16.661325" lat="43.480731">
        <ele>412.0</ele>
        <time>2026-08-26T17:42:34+02:00</time>
      </trkpt>
      <trkpt lon="16.661461" lat="43.480618">
        <ele>411.0</ele>
        <time>2026-08-26T17:42:35+02:00</time>
      </trkpt>
      <trkpt lon="16.661588" lat="43.480491">
        <ele>410.0</ele>
        <time>2026-08-26T17:42:36+02:00</time>
      </trkpt>
      <trkpt lon="16.66169" lat="43.480345">
        <ele>408.0</ele>
        <time>2026-08-26T17:42:37+02:00</time>
      </trkpt>
      <trkpt lon="16.661768" lat="43.480189">
        <ele>407.0</ele>
        <time>2026-08-26T17:42:38+02:00</time>
      </trkpt>
      <trkpt lon="16.661857" lat="43.48004">
        <ele>407.0</ele>
        <time>2026-08-26T17:42:39+02:00</time>
      </trkpt>
      <trkpt lon="16.661966" lat="43.479892">
        <ele>406.0</ele>
        <time>2026-08-26T17:42:40+02:00</time>
      </trkpt>
      <trkpt lon="16.662079" lat="43.479731">
        <ele>405.0</ele>
        <time>2026-08-26T17:42:41+02:00</time>
      </trkpt>
      <trkpt lon="16.66221" lat="43.479605">
        <ele>405.0</ele>
        <time>2026-08-26T17:42:42+02:00</time>
      </trkpt>
      <trkpt lon="16.662372" lat="43.479496">
        <ele>405.0</ele>
        <time>2026-08-26T17:42:43+02:00</time>
      </trkpt>
      <trkpt lon="16.662557" lat="43.479388">
        <ele>405.0</ele>
        <time>2026-08-26T17:42:44+02:00</time>
      </trkpt>
      <trkpt lon="16.662745" lat="43.479284">
        <ele>404.0</ele>
        <time>2026-08-26T17:42:45+02:00</time>
      </trkpt>
      <trkpt lon="16.662956" lat="43.479186">
        <ele>404.0</ele>
        <time>2026-08-26T17:42:46+02:00</time>
      </trkpt>
      <trkpt lon="16.66315" lat="43.479099">
        <ele>404.0</ele>
        <time>2026-08-26T17:42:47+02:00</time>
      </trkpt>
      <trkpt lon="16.663339" lat="43.47902">
        <ele>403.0</ele>
        <time>2026-08-26T17:42:48+02:00</time>
      </trkpt>
      <trkpt lon="16.663503" lat="43.478941">
        <ele>403.0</ele>
        <time>2026-08-26T17:42:49+02:00</time>
      </trkpt>
      <trkpt lon="16.663654" lat="43.478842">
        <ele>402.0</ele>
        <time>2026-08-26T17:42:50+02:00</time>
      </trkpt>
      <trkpt lon="16.663792" lat="43.478733">
        <ele>402.0</ele>
        <time>2026-08-26T17:42:51+02:00</time>
      </trkpt>
      <trkpt lon="16.663925" lat="43.478609">
        <ele>402.0</ele>
        <time>2026-08-26T17:42:52+02:00</time>
      </trkpt>
      <trkpt lon="16.664047" lat="43.478473">
        <ele>401.0</ele>
        <time>2026-08-26T17:42:53+02:00</time>
      </trkpt>
      <trkpt lon="16.664173" lat="43.478319">
        <ele>401.0</ele>
        <time>2026-08-26T17:42:54+02:00</time>
      </trkpt>
      <trkpt lon="16.664277" lat="43.478173">
        <ele>400.0</ele>
        <time>2026-08-26T17:42:55+02:00</time>
      </trkpt>
      <trkpt lon="16.664355" lat="43.478029">
        <ele>400.0</ele>
        <time>2026-08-26T17:42:56+02:00</time>
      </trkpt>
      <trkpt lon="16.664426" lat="43.47789">
        <ele>399.0</ele>
        <time>2026-08-26T17:42:57+02:00</time>
      </trkpt>
      <trkpt lon="16.664519" lat="43.477767">
        <ele>399.0</ele>
        <time>2026-08-26T17:42:58+02:00</time>
      </trkpt>
      <trkpt lon="16.66464" lat="43.477664">
        <ele>399.0</ele>
        <time>2026-08-26T17:42:59+02:00</time>
      </trkpt>
      <trkpt lon="16.664807" lat="43.477569">
        <ele>398.0</ele>
        <time>2026-08-26T17:43:00+02:00</time>
      </trkpt>
      <trkpt lon="16.664993" lat="43.4775">
        <ele>398.0</ele>
        <time>2026-08-26T17:43:01+02:00</time>
      </trkpt>
      <trkpt lon="16.665194" lat="43.477455">
        <ele>398.0</ele>
        <time>2026-08-26T17:43:02+02:00</time>
      </trkpt>
      <trkpt lon="16.665375" lat="43.477433">
        <ele>397.0</ele>
        <time>2026-08-26T17:43:03+02:00</time>
      </trkpt>
      <trkpt lon="16.665559" lat="43.477399">
        <ele>397.0</ele>
        <time>2026-08-26T17:43:04+02:00</time>
      </trkpt>
      <trkpt lon="16.665744" lat="43.477339">
        <ele>397.0</ele>
        <time>2026-08-26T17:43:05+02:00</time>
      </trkpt>
      <trkpt lon="16.665953" lat="43.477282">
        <ele>397.0</ele>
        <time>2026-08-26T17:43:06+02:00</time>
      </trkpt>
      <trkpt lon="16.66619" lat="43.477235">
        <ele>398.0</ele>
        <time>2026-08-26T17:43:07+02:00</time>
      </trkpt>
      <trkpt lon="16.666425" lat="43.477185">
        <ele>398.0</ele>
        <time>2026-08-26T17:43:08+02:00</time>
      </trkpt>
      <trkpt lon="16.666655" lat="43.477118">
        <ele>398.0</ele>
        <time>2026-08-26T17:43:09+02:00</time>
      </trkpt>
      <trkpt lon="16.666867" lat="43.477039">
        <ele>397.0</ele>
        <time>2026-08-26T17:43:10+02:00</time>
      </trkpt>
      <trkpt lon="16.667045" lat="43.476971">
        <ele>397.0</ele>
        <time>2026-08-26T17:43:11+02:00</time>
      </trkpt>
      <trkpt lon="16.667226" lat="43.476921">
        <ele>397.0</ele>
        <time>2026-08-26T17:43:12+02:00</time>
      </trkpt>
      <trkpt lon="16.667425" lat="43.476898">
        <ele>396.0</ele>
        <time>2026-08-26T17:43:13+02:00</time>
      </trkpt>
      <trkpt lon="16.667623" lat="43.476891">
        <ele>394.0</ele>
        <time>2026-08-26T17:43:14+02:00</time>
      </trkpt>
      <trkpt lon="16.667852" lat="43.476885">
        <ele>393.0</ele>
        <time>2026-08-26T17:43:15+02:00</time>
      </trkpt>
      <trkpt lon="16.668092" lat="43.476894">
        <ele>392.0</ele>
        <time>2026-08-26T17:43:16+02:00</time>
      </trkpt>
      <trkpt lon="16.66833" lat="43.476919">
        <ele>391.0</ele>
        <time>2026-08-26T17:43:17+02:00</time>
      </trkpt>
      <trkpt lon="16.668555" lat="43.476949">
        <ele>390.0</ele>
        <time>2026-08-26T17:43:18+02:00</time>
      </trkpt>
      <trkpt lon="16.668771" lat="43.476984">
        <ele>390.0</ele>
        <time>2026-08-26T17:43:19+02:00</time>
      </trkpt>
      <trkpt lon="16.668983" lat="43.477007">
        <ele>389.0</ele>
        <time>2026-08-26T17:43:20+02:00</time>
      </trkpt>
      <trkpt lon="16.669196" lat="43.477006">
        <ele>389.0</ele>
        <time>2026-08-26T17:43:21+02:00</time>
      </trkpt>
      <trkpt lon="16.669371" lat="43.476976">
        <ele>388.0</ele>
        <time>2026-08-26T17:43:22+02:00</time>
      </trkpt>
      <trkpt lon="16.66954" lat="43.476914">
        <ele>388.0</ele>
        <time>2026-08-26T17:43:23+02:00</time>
      </trkpt>
      <trkpt lon="16.669722" lat="43.476824">
        <ele>387.0</ele>
        <time>2026-08-26T17:43:24+02:00</time>
      </trkpt>
      <trkpt lon="16.669911" lat="43.476727">
        <ele>387.0</ele>
        <time>2026-08-26T17:43:25+02:00</time>
      </trkpt>
      <trkpt lon="16.670125" lat="43.476643">
        <ele>385.0</ele>
        <time>2026-08-26T17:43:26+02:00</time>
      </trkpt>
      <trkpt lon="16.670364" lat="43.476583">
        <ele>385.0</ele>
        <time>2026-08-26T17:43:27+02:00</time>
      </trkpt>
      <trkpt lon="16.670591" lat="43.476551">
        <ele>384.0</ele>
        <time>2026-08-26T17:43:28+02:00</time>
      </trkpt>
      <trkpt lon="16.670831" lat="43.476535">
        <ele>384.0</ele>
        <time>2026-08-26T17:43:29+02:00</time>
      </trkpt>
      <trkpt lon="16.671041" lat="43.476505">
        <ele>383.0</ele>
        <time>2026-08-26T17:43:30+02:00</time>
      </trkpt>
      <trkpt lon="16.671249" lat="43.47645">
        <ele>383.0</ele>
        <time>2026-08-26T17:43:31+02:00</time>
      </trkpt>
      <trkpt lon="16.671442" lat="43.476375">
        <ele>382.0</ele>
        <time>2026-08-26T17:43:32+02:00</time>
      </trkpt>
      <trkpt lon="16.671649" lat="43.476289">
        <ele>382.0</ele>
        <time>2026-08-26T17:43:33+02:00</time>
      </trkpt>
      <trkpt lon="16.671872" lat="43.476198">
        <ele>382.0</ele>
        <time>2026-08-26T17:43:34+02:00</time>
      </trkpt>
      <trkpt lon="16.672121" lat="43.476091">
        <ele>382.0</ele>
        <time>2026-08-26T17:43:35+02:00</time>
      </trkpt>
      <trkpt lon="16.672347" lat="43.475985">
        <ele>382.0</ele>
        <time>2026-08-26T17:43:36+02:00</time>
      </trkpt>
      <trkpt lon="16.672579" lat="43.475866">
        <ele>381.0</ele>
        <time>2026-08-26T17:43:37+02:00</time>
      </trkpt>
      <trkpt lon="16.672797" lat="43.47575">
        <ele>381.0</ele>
        <time>2026-08-26T17:43:38+02:00</time>
      </trkpt>
      <trkpt lon="16.673015" lat="43.475652">
        <ele>381.0</ele>
        <time>2026-08-26T17:43:39+02:00</time>
      </trkpt>
      <trkpt lon="16.673228" lat="43.475578">
        <ele>381.0</ele>
        <time>2026-08-26T17:43:40+02:00</time>
      </trkpt>
      <trkpt lon="16.67346" lat="43.475513">
        <ele>380.0</ele>
        <time>2026-08-26T17:43:41+02:00</time>
      </trkpt>
      <trkpt lon="16.673698" lat="43.47547">
        <ele>380.0</ele>
        <time>2026-08-26T17:43:42+02:00</time>
      </trkpt>
      <trkpt lon="16.673942" lat="43.475443">
        <ele>380.0</ele>
        <time>2026-08-26T17:43:43+02:00</time>
      </trkpt>
      <trkpt lon="16.674149" lat="43.475407">
        <ele>379.0</ele>
        <time>2026-08-26T17:43:44+02:00</time>
      </trkpt>
      <trkpt lon="16.674302" lat="43.475353">
        <ele>379.0</ele>
        <time>2026-08-26T17:43:45+02:00</time>
      </trkpt>
      <trkpt lon="16.674437" lat="43.475265">
        <ele>378.0</ele>
        <time>2026-08-26T17:43:46+02:00</time>
      </trkpt>
      <trkpt lon="16.674571" lat="43.475153">
        <ele>377.0</ele>
        <time>2026-08-26T17:43:47+02:00</time>
      </trkpt>
      <trkpt lon="16.674709" lat="43.475016">
        <ele>376.0</ele>
        <time>2026-08-26T17:43:48+02:00</time>
      </trkpt>
      <trkpt lon="16.674843" lat="43.474866">
        <ele>375.0</ele>
        <time>2026-08-26T17:43:49+02:00</time>
      </trkpt>
      <trkpt lon="16.674973" lat="43.474721">
        <ele>375.0</ele>
        <time>2026-08-26T17:43:50+02:00</time>
      </trkpt>
      <trkpt lon="16.675126" lat="43.47459">
        <ele>375.0</ele>
        <time>2026-08-26T17:43:51+02:00</time>
      </trkpt>
      <trkpt lon="16.675291" lat="43.474474">
        <ele>374.0</ele>
        <time>2026-08-26T17:43:52+02:00</time>
      </trkpt>
      <trkpt lon="16.675466" lat="43.474348">
        <ele>374.0</ele>
        <time>2026-08-26T17:43:53+02:00</time>
      </trkpt>
      <trkpt lon="16.675621" lat="43.474247">
        <ele>374.0</ele>
        <time>2026-08-26T17:43:54+02:00</time>
      </trkpt>
      <trkpt lon="16.675797" lat="43.474158">
        <ele>374.0</ele>
        <time>2026-08-26T17:43:55+02:00</time>
      </trkpt>
      <trkpt lon="16.67599" lat="43.474094">
        <ele>374.0</ele>
        <time>2026-08-26T17:43:56+02:00</time>
      </trkpt>
      <trkpt lon="16.676205" lat="43.47404">
        <ele>374.0</ele>
        <time>2026-08-26T17:43:57+02:00</time>
      </trkpt>
      <trkpt lon="16.676432" lat="43.473973">
        <ele>374.0</ele>
        <time>2026-08-26T17:43:58+02:00</time>
      </trkpt>
      <trkpt lon="16.676669" lat="43.4739">
        <ele>374.0</ele>
        <time>2026-08-26T17:43:59+02:00</time>
      </trkpt>
      <trkpt lon="16.67691" lat="43.473821">
        <ele>374.0</ele>
        <time>2026-08-26T17:44:00+02:00</time>
      </trkpt>
      <trkpt lon="16.67715" lat="43.473738">
        <ele>374.0</ele>
        <time>2026-08-26T17:44:01+02:00</time>
      </trkpt>
      <trkpt lon="16.677384" lat="43.473676">
        <ele>375.0</ele>
        <time>2026-08-26T17:44:02+02:00</time>
      </trkpt>
      <trkpt lon="16.677615" lat="43.473621">
        <ele>375.0</ele>
        <time>2026-08-26T17:44:03+02:00</time>
      </trkpt>
      <trkpt lon="16.677857" lat="43.473556">
        <ele>375.0</ele>
        <time>2026-08-26T17:44:04+02:00</time>
      </trkpt>
      <trkpt lon="16.678064" lat="43.473475">
        <ele>375.0</ele>
        <time>2026-08-26T17:44:05+02:00</time>
      </trkpt>
      <trkpt lon="16.678236" lat="43.473383">
        <ele>374.0</ele>
        <time>2026-08-26T17:44:06+02:00</time>
      </trkpt>
      <trkpt lon="16.678385" lat="43.4733">
        <ele>374.0</ele>
        <time>2026-08-26T17:44:07+02:00</time>
      </trkpt>
      <trkpt lon="16.678528" lat="43.473239">
        <ele>374.0</ele>
        <time>2026-08-26T17:44:08+02:00</time>
      </trkpt>
      <trkpt lon="16.678649" lat="43.473193">
        <ele>374.0</ele>
        <time>2026-08-26T17:44:09+02:00</time>
      </trkpt>
      <trkpt lon="16.678769" lat="43.473151">
        <ele>373.0</ele>
        <time>2026-08-26T17:44:10+02:00</time>
      </trkpt>
      <trkpt lon="16.678895" lat="43.473108">
        <ele>373.0</ele>
        <time>2026-08-26T17:44:11+02:00</time>
      </trkpt>
      <trkpt lon="16.679034" lat="43.473063">
        <ele>373.0</ele>
        <time>2026-08-26T17:44:12+02:00</time>
      </trkpt>
      <trkpt lon="16.679178" lat="43.473021">
        <ele>372.0</ele>
        <time>2026-08-26T17:44:13+02:00</time>
      </trkpt>
      <trkpt lon="16.679339" lat="43.472956">
        <ele>372.0</ele>
        <time>2026-08-26T17:44:14+02:00</time>
      </trkpt>
      <trkpt lon="16.679507" lat="43.472894">
        <ele>372.0</ele>
        <time>2026-08-26T17:44:15+02:00</time>
      </trkpt>
      <trkpt lon="16.679716" lat="43.472839">
        <ele>372.0</ele>
        <time>2026-08-26T17:44:16+02:00</time>
      </trkpt>
      <trkpt lon="16.679942" lat="43.472784">
        <ele>371.0</ele>
        <time>2026-08-26T17:44:17+02:00</time>
      </trkpt>
      <trkpt lon="16.680184" lat="43.472733">
        <ele>371.0</ele>
        <time>2026-08-26T17:44:18+02:00</time>
      </trkpt>
      <trkpt lon="16.680414" lat="43.472679">
        <ele>372.0</ele>
        <time>2026-08-26T17:44:19+02:00</time>
      </trkpt>
      <trkpt lon="16.680628" lat="43.472624">
        <ele>371.0</ele>
        <time>2026-08-26T17:44:20+02:00</time>
      </trkpt>
      <trkpt lon="16.680821" lat="43.472561">
        <ele>371.0</ele>
        <time>2026-08-26T17:44:21+02:00</time>
      </trkpt>
      <trkpt lon="16.681008" lat="43.472494">
        <ele>371.0</ele>
        <time>2026-08-26T17:44:22+02:00</time>
      </trkpt>
      <trkpt lon="16.681196" lat="43.472433">
        <ele>371.0</ele>
        <time>2026-08-26T17:44:23+02:00</time>
      </trkpt>
      <trkpt lon="16.681404" lat="43.472372">
        <ele>371.0</ele>
        <time>2026-08-26T17:44:24+02:00</time>
      </trkpt>
      <trkpt lon="16.681613" lat="43.472319">
        <ele>370.0</ele>
        <time>2026-08-26T17:44:25+02:00</time>
      </trkpt>
      <trkpt lon="16.681832" lat="43.472277">
        <ele>370.0</ele>
        <time>2026-08-26T17:44:26+02:00</time>
      </trkpt>
      <trkpt lon="16.682051" lat="43.472244">
        <ele>369.0</ele>
        <time>2026-08-26T17:44:27+02:00</time>
      </trkpt>
      <trkpt lon="16.682261" lat="43.472216">
        <ele>369.0</ele>
        <time>2026-08-26T17:44:28+02:00</time>
      </trkpt>
      <trkpt lon="16.682477" lat="43.472174">
        <ele>368.0</ele>
        <time>2026-08-26T17:44:29+02:00</time>
      </trkpt>
      <trkpt lon="16.682659" lat="43.472129">
        <ele>368.0</ele>
        <time>2026-08-26T17:44:30+02:00</time>
      </trkpt>
      <trkpt lon="16.682808" lat="43.472092">
        <ele>367.0</ele>
        <time>2026-08-26T17:44:31+02:00</time>
      </trkpt>
      <trkpt lon="16.682942" lat="43.472062">
        <ele>366.0</ele>
        <time>2026-08-26T17:44:32+02:00</time>
      </trkpt>
      <trkpt lon="16.683066" lat="43.472031">
        <ele>366.0</ele>
        <time>2026-08-26T17:44:33+02:00</time>
      </trkpt>
      <trkpt lon="16.683309" lat="43.471969">
        <ele>362.0</ele>
        <time>2026-08-26T17:44:35+02:00</time>
      </trkpt>
      <trkpt lon="16.68342" lat="43.471929">
        <ele>362.0</ele>
        <time>2026-08-26T17:44:36+02:00</time>
      </trkpt>
      <trkpt lon="16.683543" lat="43.471873">
        <ele>361.0</ele>
        <time>2026-08-26T17:44:37+02:00</time>
      </trkpt>
      <trkpt lon="16.683684" lat="43.471799">
        <ele>360.0</ele>
        <time>2026-08-26T17:44:38+02:00</time>
      </trkpt>
      <trkpt lon="16.683845" lat="43.471711">
        <ele>360.0</ele>
        <time>2026-08-26T17:44:39+02:00</time>
      </trkpt>
      <trkpt lon="16.684013" lat="43.471619">
        <ele>360.0</ele>
        <time>2026-08-26T17:44:40+02:00</time>
      </trkpt>
      <trkpt lon="16.684191" lat="43.471532">
        <ele>360.0</ele>
        <time>2026-08-26T17:44:41+02:00</time>
      </trkpt>
      <trkpt lon="16.684372" lat="43.47145">
        <ele>360.0</ele>
        <time>2026-08-26T17:44:42+02:00</time>
      </trkpt>
      <trkpt lon="16.684533" lat="43.47138">
        <ele>360.0</ele>
        <time>2026-08-26T17:44:43+02:00</time>
      </trkpt>
      <trkpt lon="16.684704" lat="43.471325">
        <ele>360.0</ele>
        <time>2026-08-26T17:44:44+02:00</time>
      </trkpt>
      <trkpt lon="16.684882" lat="43.471298">
        <ele>360.0</ele>
        <time>2026-08-26T17:44:45+02:00</time>
      </trkpt>
      <trkpt lon="16.685074" lat="43.471263">
        <ele>360.0</ele>
        <time>2026-08-26T17:44:46+02:00</time>
      </trkpt>
      <trkpt lon="16.685272" lat="43.47122">
        <ele>360.0</ele>
        <time>2026-08-26T17:44:47+02:00</time>
      </trkpt>
      <trkpt lon="16.68549" lat="43.471163">
        <ele>360.0</ele>
        <time>2026-08-26T17:44:48+02:00</time>
      </trkpt>
      <trkpt lon="16.685709" lat="43.471094">
        <ele>359.0</ele>
        <time>2026-08-26T17:44:49+02:00</time>
      </trkpt>
      <trkpt lon="16.685923" lat="43.471023">
        <ele>359.0</ele>
        <time>2026-08-26T17:44:50+02:00</time>
      </trkpt>
      <trkpt lon="16.686134" lat="43.470957">
        <ele>359.0</ele>
        <time>2026-08-26T17:44:51+02:00</time>
      </trkpt>
      <trkpt lon="16.68634" lat="43.470897">
        <ele>358.0</ele>
        <time>2026-08-26T17:44:52+02:00</time>
      </trkpt>
      <trkpt lon="16.686544" lat="43.470844">
        <ele>358.0</ele>
        <time>2026-08-26T17:44:53+02:00</time>
      </trkpt>
      <trkpt lon="16.686758" lat="43.470806">
        <ele>358.0</ele>
        <time>2026-08-26T17:44:54+02:00</time>
      </trkpt>
      <trkpt lon="16.68697" lat="43.470772">
        <ele>358.0</ele>
        <time>2026-08-26T17:44:55+02:00</time>
      </trkpt>
      <trkpt lon="16.687157" lat="43.470735">
        <ele>358.0</ele>
        <time>2026-08-26T17:44:56+02:00</time>
      </trkpt>
      <trkpt lon="16.687315" lat="43.470687">
        <ele>358.0</ele>
        <time>2026-08-26T17:44:57+02:00</time>
      </trkpt>
      <trkpt lon="16.687431" lat="43.470613">
        <ele>357.0</ele>
        <time>2026-08-26T17:44:58+02:00</time>
      </trkpt>
      <trkpt lon="16.687534" lat="43.470516">
        <ele>356.0</ele>
        <time>2026-08-26T17:44:59+02:00</time>
      </trkpt>
      <trkpt lon="16.687648" lat="43.470419">
        <ele>356.0</ele>
        <time>2026-08-26T17:45:00+02:00</time>
      </trkpt>
      <trkpt lon="16.68778" lat="43.470324">
        <ele>354.0</ele>
        <time>2026-08-26T17:45:01+02:00</time>
      </trkpt>
      <trkpt lon="16.687937" lat="43.470244">
        <ele>352.0</ele>
        <time>2026-08-26T17:45:02+02:00</time>
      </trkpt>
      <trkpt lon="16.688094" lat="43.470195">
        <ele>352.0</ele>
        <time>2026-08-26T17:45:03+02:00</time>
      </trkpt>
      <trkpt lon="16.688233" lat="43.47016">
        <ele>351.0</ele>
        <time>2026-08-26T17:45:04+02:00</time>
      </trkpt>
      <trkpt lon="16.688383" lat="43.470076">
        <ele>349.0</ele>
        <time>2026-08-26T17:45:06+02:00</time>
      </trkpt>
      <trkpt lon="16.688403" lat="43.470015">
        <ele>348.0</ele>
        <time>2026-08-26T17:45:07+02:00</time>
      </trkpt>
      <trkpt lon="16.688428" lat="43.469959">
        <ele>346.0</ele>
        <time>2026-08-26T17:45:08+02:00</time>
      </trkpt>
      <trkpt lon="16.688459" lat="43.469909">
        <ele>346.0</ele>
        <time>2026-08-26T17:45:09+02:00</time>
      </trkpt>
      <trkpt lon="16.688517" lat="43.469861">
        <ele>345.0</ele>
        <time>2026-08-26T17:45:10+02:00</time>
      </trkpt>
      <trkpt lon="16.688549" lat="43.469801">
        <ele>344.0</ele>
        <time>2026-08-26T17:45:11+02:00</time>
      </trkpt>
      <trkpt lon="16.688551" lat="43.469734">
        <ele>344.0</ele>
        <time>2026-08-26T17:45:12+02:00</time>
      </trkpt>
      <trkpt lon="16.688503" lat="43.469659">
        <ele>344.0</ele>
        <time>2026-08-26T17:45:13+02:00</time>
      </trkpt>
      <trkpt lon="16.688435" lat="43.469561">
        <ele>344.0</ele>
        <time>2026-08-26T17:45:14+02:00</time>
      </trkpt>
      <trkpt lon="16.688387" lat="43.469454">
        <ele>344.0</ele>
        <time>2026-08-26T17:45:15+02:00</time>
      </trkpt>
      <trkpt lon="16.688371" lat="43.46934">
        <ele>344.0</ele>
        <time>2026-08-26T17:45:16+02:00</time>
      </trkpt>
      <trkpt lon="16.688406" lat="43.469217">
        <ele>344.0</ele>
        <time>2026-08-26T17:45:17+02:00</time>
      </trkpt>
      <trkpt lon="16.688431" lat="43.469084">
        <ele>345.0</ele>
        <time>2026-08-26T17:45:18+02:00</time>
      </trkpt>
      <trkpt lon="16.688459" lat="43.468949">
        <ele>345.0</ele>
        <time>2026-08-26T17:45:19+02:00</time>
      </trkpt>
      <trkpt lon="16.688494" lat="43.468815">
        <ele>346.0</ele>
        <time>2026-08-26T17:45:20+02:00</time>
      </trkpt>
      <trkpt lon="16.688513" lat="43.468689">
        <ele>347.0</ele>
        <time>2026-08-26T17:45:21+02:00</time>
      </trkpt>
      <trkpt lon="16.688537" lat="43.468552">
        <ele>347.0</ele>
        <time>2026-08-26T17:45:22+02:00</time>
      </trkpt>
      <trkpt lon="16.688569" lat="43.468439">
        <ele>348.0</ele>
        <time>2026-08-26T17:45:23+02:00</time>
      </trkpt>
      <trkpt lon="16.688613" lat="43.468334">
        <ele>349.0</ele>
        <time>2026-08-26T17:45:24+02:00</time>
      </trkpt>
      <trkpt lon="16.688673" lat="43.468243">
        <ele>350.0</ele>
        <time>2026-08-26T17:45:25+02:00</time>
      </trkpt>
      <trkpt lon="16.68878" lat="43.468114">
        <ele>352.0</ele>
        <time>2026-08-26T17:45:27+02:00</time>
      </trkpt>
      <trkpt lon="16.688794" lat="43.46806">
        <ele>352.0</ele>
        <time>2026-08-26T17:45:28+02:00</time>
      </trkpt>
      <trkpt lon="16.688844" lat="43.467988">
        <ele>354.0</ele>
        <time>2026-08-26T17:45:30+02:00</time>
      </trkpt>
      <trkpt lon="16.688907" lat="43.46795">
        <ele>354.0</ele>
        <time>2026-08-26T17:45:31+02:00</time>
      </trkpt>
      <trkpt lon="16.689012" lat="43.467918">
        <ele>354.0</ele>
        <time>2026-08-26T17:45:32+02:00</time>
      </trkpt>
      <trkpt lon="16.689146" lat="43.46787">
        <ele>354.0</ele>
        <time>2026-08-26T17:45:33+02:00</time>
      </trkpt>
      <trkpt lon="16.689295" lat="43.467798">
        <ele>354.0</ele>
        <time>2026-08-26T17:45:34+02:00</time>
      </trkpt>
      <trkpt lon="16.689453" lat="43.467698">
        <ele>355.0</ele>
        <time>2026-08-26T17:45:35+02:00</time>
      </trkpt>
      <trkpt lon="16.689621" lat="43.467604">
        <ele>355.0</ele>
        <time>2026-08-26T17:45:36+02:00</time>
      </trkpt>
      <trkpt lon="16.689818" lat="43.467514">
        <ele>355.0</ele>
        <time>2026-08-26T17:45:37+02:00</time>
      </trkpt>
      <trkpt lon="16.690031" lat="43.467425">
        <ele>356.0</ele>
        <time>2026-08-26T17:45:38+02:00</time>
      </trkpt>
      <trkpt lon="16.69027" lat="43.467335">
        <ele>356.0</ele>
        <time>2026-08-26T17:45:39+02:00</time>
      </trkpt>
      <trkpt lon="16.690504" lat="43.46724">
        <ele>356.0</ele>
        <time>2026-08-26T17:45:40+02:00</time>
      </trkpt>
      <trkpt lon="16.690748" lat="43.467149">
        <ele>356.0</ele>
        <time>2026-08-26T17:45:41+02:00</time>
      </trkpt>
      <trkpt lon="16.690995" lat="43.467053">
        <ele>356.0</ele>
        <time>2026-08-26T17:45:42+02:00</time>
      </trkpt>
      <trkpt lon="16.691251" lat="43.466957">
        <ele>356.0</ele>
        <time>2026-08-26T17:45:43+02:00</time>
      </trkpt>
      <trkpt lon="16.691516" lat="43.466863">
        <ele>356.0</ele>
        <time>2026-08-26T17:45:44+02:00</time>
      </trkpt>
      <trkpt lon="16.691795" lat="43.466778">
        <ele>356.0</ele>
        <time>2026-08-26T17:45:45+02:00</time>
      </trkpt>
      <trkpt lon="16.692088" lat="43.466696">
        <ele>356.0</ele>
        <time>2026-08-26T17:45:46+02:00</time>
      </trkpt>
      <trkpt lon="16.692378" lat="43.466631">
        <ele>355.0</ele>
        <time>2026-08-26T17:45:47+02:00</time>
      </trkpt>
      <trkpt lon="16.692666" lat="43.466584">
        <ele>355.0</ele>
        <time>2026-08-26T17:45:48+02:00</time>
      </trkpt>
      <trkpt lon="16.692957" lat="43.466548">
        <ele>354.0</ele>
        <time>2026-08-26T17:45:49+02:00</time>
      </trkpt>
      <trkpt lon="16.693259" lat="43.466519">
        <ele>353.0</ele>
        <time>2026-08-26T17:45:50+02:00</time>
      </trkpt>
      <trkpt lon="16.693561" lat="43.466502">
        <ele>352.0</ele>
        <time>2026-08-26T17:45:51+02:00</time>
      </trkpt>
      <trkpt lon="16.69386" lat="43.466496">
        <ele>351.0</ele>
        <time>2026-08-26T17:45:52+02:00</time>
      </trkpt>
      <trkpt lon="16.694154" lat="43.466487">
        <ele>350.0</ele>
        <time>2026-08-26T17:45:53+02:00</time>
      </trkpt>
      <trkpt lon="16.694404" lat="43.466468">
        <ele>348.0</ele>
        <time>2026-08-26T17:45:54+02:00</time>
      </trkpt>
      <trkpt lon="16.694609" lat="43.466446">
        <ele>347.0</ele>
        <time>2026-08-26T17:45:55+02:00</time>
      </trkpt>
      <trkpt lon="16.694792" lat="43.466408">
        <ele>345.0</ele>
        <time>2026-08-26T17:45:56+02:00</time>
      </trkpt>
      <trkpt lon="16.694966" lat="43.46635">
        <ele>343.0</ele>
        <time>2026-08-26T17:45:57+02:00</time>
      </trkpt>
      <trkpt lon="16.695124" lat="43.466273">
        <ele>342.0</ele>
        <time>2026-08-26T17:45:58+02:00</time>
      </trkpt>
      <trkpt lon="16.695275" lat="43.46617">
        <ele>338.0</ele>
        <time>2026-08-26T17:45:59+02:00</time>
      </trkpt>
      <trkpt lon="16.695414" lat="43.466062">
        <ele>337.0</ele>
        <time>2026-08-26T17:46:00+02:00</time>
      </trkpt>
      <trkpt lon="16.69555" lat="43.465951">
        <ele>335.0</ele>
        <time>2026-08-26T17:46:01+02:00</time>
      </trkpt>
      <trkpt lon="16.695685" lat="43.465854">
        <ele>333.0</ele>
        <time>2026-08-26T17:46:02+02:00</time>
      </trkpt>
      <trkpt lon="16.695836" lat="43.46577">
        <ele>331.0</ele>
        <time>2026-08-26T17:46:03+02:00</time>
      </trkpt>
      <trkpt lon="16.696009" lat="43.465697">
        <ele>330.0</ele>
        <time>2026-08-26T17:46:04+02:00</time>
      </trkpt>
      <trkpt lon="16.69619" lat="43.465641">
        <ele>328.0</ele>
        <time>2026-08-26T17:46:05+02:00</time>
      </trkpt>
      <trkpt lon="16.696377" lat="43.465587">
        <ele>327.0</ele>
        <time>2026-08-26T17:46:06+02:00</time>
      </trkpt>
      <trkpt lon="16.696552" lat="43.465534">
        <ele>326.0</ele>
        <time>2026-08-26T17:46:07+02:00</time>
      </trkpt>
      <trkpt lon="16.696715" lat="43.465472">
        <ele>325.0</ele>
        <time>2026-08-26T17:46:08+02:00</time>
      </trkpt>
      <trkpt lon="16.696843" lat="43.465406">
        <ele>324.0</ele>
        <time>2026-08-26T17:46:09+02:00</time>
      </trkpt>
      <trkpt lon="16.696944" lat="43.465336">
        <ele>323.0</ele>
        <time>2026-08-26T17:46:10+02:00</time>
      </trkpt>
      <trkpt lon="16.697077" lat="43.465206">
        <ele>321.0</ele>
        <time>2026-08-26T17:46:12+02:00</time>
      </trkpt>
      <trkpt lon="16.697106" lat="43.465156">
        <ele>318.0</ele>
        <time>2026-08-26T17:46:13+02:00</time>
      </trkpt>
      <trkpt lon="16.697105" lat="43.46511">
        <ele>316.0</ele>
        <time>2026-08-26T17:46:14+02:00</time>
      </trkpt>
      <trkpt lon="16.697066" lat="43.46507">
        <ele>315.0</ele>
        <time>2026-08-26T17:46:15+02:00</time>
      </trkpt>
      <trkpt lon="16.697001" lat="43.46503">
        <ele>313.0</ele>
        <time>2026-08-26T17:46:16+02:00</time>
      </trkpt>
      <trkpt lon="16.696943" lat="43.464971">
        <ele>313.0</ele>
        <time>2026-08-26T17:46:17+02:00</time>
      </trkpt>
      <trkpt lon="16.696934" lat="43.464893">
        <ele>312.0</ele>
        <time>2026-08-26T17:46:18+02:00</time>
      </trkpt>
      <trkpt lon="16.696968" lat="43.464799">
        <ele>311.0</ele>
        <time>2026-08-26T17:46:19+02:00</time>
      </trkpt>
      <trkpt lon="16.697028" lat="43.464687">
        <ele>311.0</ele>
        <time>2026-08-26T17:46:20+02:00</time>
      </trkpt>
      <trkpt lon="16.697106" lat="43.464553">
        <ele>311.0</ele>
        <time>2026-08-26T17:46:21+02:00</time>
      </trkpt>
      <trkpt lon="16.697192" lat="43.464411">
        <ele>311.0</ele>
        <time>2026-08-26T17:46:22+02:00</time>
      </trkpt>
      <trkpt lon="16.697281" lat="43.464269">
        <ele>311.0</ele>
        <time>2026-08-26T17:46:23+02:00</time>
      </trkpt>
      <trkpt lon="16.697375" lat="43.464155">
        <ele>311.0</ele>
        <time>2026-08-26T17:46:24+02:00</time>
      </trkpt>
      <trkpt lon="16.697487" lat="43.464071">
        <ele>311.0</ele>
        <time>2026-08-26T17:46:25+02:00</time>
      </trkpt>
      <trkpt lon="16.697627" lat="43.464019">
        <ele>311.0</ele>
        <time>2026-08-26T17:46:26+02:00</time>
      </trkpt>
      <trkpt lon="16.697796" lat="43.463996">
        <ele>311.0</ele>
        <time>2026-08-26T17:46:27+02:00</time>
      </trkpt>
      <trkpt lon="16.697984" lat="43.463975">
        <ele>311.0</ele>
        <time>2026-08-26T17:46:28+02:00</time>
      </trkpt>
      <trkpt lon="16.698161" lat="43.463935">
        <ele>310.0</ele>
        <time>2026-08-26T17:46:29+02:00</time>
      </trkpt>
      <trkpt lon="16.698342" lat="43.463858">
        <ele>310.0</ele>
        <time>2026-08-26T17:46:30+02:00</time>
      </trkpt>
      <trkpt lon="16.698503" lat="43.463762">
        <ele>308.0</ele>
        <time>2026-08-26T17:46:31+02:00</time>
      </trkpt>
      <trkpt lon="16.698669" lat="43.463669">
        <ele>308.0</ele>
        <time>2026-08-26T17:46:32+02:00</time>
      </trkpt>
      <trkpt lon="16.698854" lat="43.463604">
        <ele>307.0</ele>
        <time>2026-08-26T17:46:33+02:00</time>
      </trkpt>
      <trkpt lon="16.699069" lat="43.463563">
        <ele>307.0</ele>
        <time>2026-08-26T17:46:34+02:00</time>
      </trkpt>
      <trkpt lon="16.699277" lat="43.463547">
        <ele>306.0</ele>
        <time>2026-08-26T17:46:35+02:00</time>
      </trkpt>
      <trkpt lon="16.699493" lat="43.463529">
        <ele>306.0</ele>
        <time>2026-08-26T17:46:36+02:00</time>
      </trkpt>
      <trkpt lon="16.699698" lat="43.463493">
        <ele>305.0</ele>
        <time>2026-08-26T17:46:37+02:00</time>
      </trkpt>
      <trkpt lon="16.699905" lat="43.463426">
        <ele>305.0</ele>
        <time>2026-08-26T17:46:38+02:00</time>
      </trkpt>
      <trkpt lon="16.700099" lat="43.463342">
        <ele>304.0</ele>
        <time>2026-08-26T17:46:39+02:00</time>
      </trkpt>
      <trkpt lon="16.700249" lat="43.463249">
        <ele>304.0</ele>
        <time>2026-08-26T17:46:40+02:00</time>
      </trkpt>
      <trkpt lon="16.700352" lat="43.463143">
        <ele>303.0</ele>
        <time>2026-08-26T17:46:41+02:00</time>
      </trkpt>
      <trkpt lon="16.700409" lat="43.463023">
        <ele>302.0</ele>
        <time>2026-08-26T17:46:42+02:00</time>
      </trkpt>
      <trkpt lon="16.700421" lat="43.462888">
        <ele>301.0</ele>
        <time>2026-08-26T17:46:43+02:00</time>
      </trkpt>
      <trkpt lon="16.700418" lat="43.462746">
        <ele>300.0</ele>
        <time>2026-08-26T17:46:44+02:00</time>
      </trkpt>
      <trkpt lon="16.700439" lat="43.462586">
        <ele>299.0</ele>
        <time>2026-08-26T17:46:45+02:00</time>
      </trkpt>
      <trkpt lon="16.700494" lat="43.462435">
        <ele>297.0</ele>
        <time>2026-08-26T17:46:46+02:00</time>
      </trkpt>
      <trkpt lon="16.700561" lat="43.46229">
        <ele>296.0</ele>
        <time>2026-08-26T17:46:47+02:00</time>
      </trkpt>
      <trkpt lon="16.700625" lat="43.462137">
        <ele>296.0</ele>
        <time>2026-08-26T17:46:48+02:00</time>
      </trkpt>
      <trkpt lon="16.700669" lat="43.461993">
        <ele>295.0</ele>
        <time>2026-08-26T17:46:49+02:00</time>
      </trkpt>
      <trkpt lon="16.700686" lat="43.461842">
        <ele>295.0</ele>
        <time>2026-08-26T17:46:50+02:00</time>
      </trkpt>
      <trkpt lon="16.700692" lat="43.461713">
        <ele>294.0</ele>
        <time>2026-08-26T17:46:51+02:00</time>
      </trkpt>
      <trkpt lon="16.700739" lat="43.461594">
        <ele>294.0</ele>
        <time>2026-08-26T17:46:52+02:00</time>
      </trkpt>
      <trkpt lon="16.70083" lat="43.46149">
        <ele>293.0</ele>
        <time>2026-08-26T17:46:53+02:00</time>
      </trkpt>
      <trkpt lon="16.700943" lat="43.461408">
        <ele>291.0</ele>
        <time>2026-08-26T17:46:54+02:00</time>
      </trkpt>
      <trkpt lon="16.701065" lat="43.461352">
        <ele>290.0</ele>
        <time>2026-08-26T17:46:55+02:00</time>
      </trkpt>
      <trkpt lon="16.701173" lat="43.461303">
        <ele>288.0</ele>
        <time>2026-08-26T17:46:56+02:00</time>
      </trkpt>
      <trkpt lon="16.701254" lat="43.461245">
        <ele>288.0</ele>
        <time>2026-08-26T17:46:57+02:00</time>
      </trkpt>
      <trkpt lon="16.7013" lat="43.461174">
        <ele>287.0</ele>
        <time>2026-08-26T17:46:58+02:00</time>
      </trkpt>
      <trkpt lon="16.701303" lat="43.461103">
        <ele>287.0</ele>
        <time>2026-08-26T17:46:59+02:00</time>
      </trkpt>
      <trkpt lon="16.701273" lat="43.461042">
        <ele>286.0</ele>
        <time>2026-08-26T17:47:00+02:00</time>
      </trkpt>
      <trkpt lon="16.701218" lat="43.461018">
        <ele>284.0</ele>
        <time>2026-08-26T17:47:01+02:00</time>
      </trkpt>
      <trkpt lon="16.701144" lat="43.461009">
        <ele>284.0</ele>
        <time>2026-08-26T17:47:02+02:00</time>
      </trkpt>
      <trkpt lon="16.701061" lat="43.461017">
        <ele>283.0</ele>
        <time>2026-08-26T17:47:03+02:00</time>
      </trkpt>
      <trkpt lon="16.700973" lat="43.461027">
        <ele>282.0</ele>
        <time>2026-08-26T17:47:04+02:00</time>
      </trkpt>
      <trkpt lon="16.70089" lat="43.461033">
        <ele>282.0</ele>
        <time>2026-08-26T17:47:05+02:00</time>
      </trkpt>
      <trkpt lon="16.700803" lat="43.461024">
        <ele>281.0</ele>
        <time>2026-08-26T17:47:06+02:00</time>
      </trkpt>
      <trkpt lon="16.700715" lat="43.461">
        <ele>281.0</ele>
        <time>2026-08-26T17:47:07+02:00</time>
      </trkpt>
      <trkpt lon="16.700632" lat="43.460965">
        <ele>280.0</ele>
        <time>2026-08-26T17:47:08+02:00</time>
      </trkpt>
      <trkpt lon="16.700544" lat="43.460918">
        <ele>280.0</ele>
        <time>2026-08-26T17:47:09+02:00</time>
      </trkpt>
      <trkpt lon="16.700467" lat="43.460868">
        <ele>279.0</ele>
        <time>2026-08-26T17:47:10+02:00</time>
      </trkpt>
      <trkpt lon="16.700387" lat="43.46082">
        <ele>279.0</ele>
        <time>2026-08-26T17:47:11+02:00</time>
      </trkpt>
      <trkpt lon="16.700303" lat="43.460774">
        <ele>279.0</ele>
        <time>2026-08-26T17:47:12+02:00</time>
      </trkpt>
      <trkpt lon="16.700217" lat="43.460731">
        <ele>279.0</ele>
        <time>2026-08-26T17:47:13+02:00</time>
      </trkpt>
      <trkpt lon="16.700121" lat="43.460712">
        <ele>279.0</ele>
        <time>2026-08-26T17:47:14+02:00</time>
      </trkpt>
      <trkpt lon="16.700021" lat="43.460722">
        <ele>279.0</ele>
        <time>2026-08-26T17:47:15+02:00</time>
      </trkpt>
      <trkpt lon="16.699916" lat="43.460751">
        <ele>278.0</ele>
        <time>2026-08-26T17:47:16+02:00</time>
      </trkpt>
      <trkpt lon="16.699805" lat="43.460796">
        <ele>278.0</ele>
        <time>2026-08-26T17:47:17+02:00</time>
      </trkpt>
      <trkpt lon="16.699684" lat="43.460836">
        <ele>277.0</ele>
        <time>2026-08-26T17:47:18+02:00</time>
      </trkpt>
      <trkpt lon="16.699568" lat="43.460875">
        <ele>277.0</ele>
        <time>2026-08-26T17:47:19+02:00</time>
      </trkpt>
      <trkpt lon="16.699448" lat="43.460905">
        <ele>277.0</ele>
        <time>2026-08-26T17:47:20+02:00</time>
      </trkpt>
      <trkpt lon="16.699309" lat="43.460925">
        <ele>276.0</ele>
        <time>2026-08-26T17:47:21+02:00</time>
      </trkpt>
      <trkpt lon="16.699059" lat="43.460896">
        <ele>276.0</ele>
        <time>2026-08-26T17:47:23+02:00</time>
      </trkpt>
      <trkpt lon="16.698939" lat="43.460868">
        <ele>275.0</ele>
        <time>2026-08-26T17:47:24+02:00</time>
      </trkpt>
      <trkpt lon="16.698819" lat="43.460836">
        <ele>275.0</ele>
        <time>2026-08-26T17:47:25+02:00</time>
      </trkpt>
      <trkpt lon="16.698628" lat="43.460796">
        <ele>274.0</ele>
        <time>2026-08-26T17:47:27+02:00</time>
      </trkpt>
      <trkpt lon="16.698554" lat="43.460783">
        <ele>274.0</ele>
        <time>2026-08-26T17:47:28+02:00</time>
      </trkpt>
      <trkpt lon="16.698424" lat="43.460766">
        <ele>273.0</ele>
        <time>2026-08-26T17:47:30+02:00</time>
      </trkpt>
      <trkpt lon="16.69832" lat="43.46073">
        <ele>273.0</ele>
        <time>2026-08-26T17:47:31+02:00</time>
      </trkpt>
      <trkpt lon="16.698232" lat="43.460743">
        <ele>272.0</ele>
        <time>2026-08-26T17:47:32+02:00</time>
      </trkpt>
      <trkpt lon="16.698162" lat="43.460765">
        <ele>272.0</ele>
        <time>2026-08-26T17:47:33+02:00</time>
      </trkpt>
      <trkpt lon="16.698096" lat="43.460767">
        <ele>272.0</ele>
        <time>2026-08-26T17:47:34+02:00</time>
      </trkpt>
      <trkpt lon="16.697995" lat="43.46074">
        <ele>272.0</ele>
        <time>2026-08-26T17:47:35+02:00</time>
      </trkpt>
      <trkpt lon="16.697867" lat="43.460701">
        <ele>272.0</ele>
        <time>2026-08-26T17:47:36+02:00</time>
      </trkpt>
      <trkpt lon="16.697745" lat="43.460654">
        <ele>272.0</ele>
        <time>2026-08-26T17:47:37+02:00</time>
      </trkpt>
      <trkpt lon="16.697608" lat="43.460598">
        <ele>272.0</ele>
        <time>2026-08-26T17:47:38+02:00</time>
      </trkpt>
      <trkpt lon="16.697464" lat="43.460541">
        <ele>272.0</ele>
        <time>2026-08-26T17:47:39+02:00</time>
      </trkpt>
      <trkpt lon="16.697314" lat="43.460493">
        <ele>272.0</ele>
        <time>2026-08-26T17:47:40+02:00</time>
      </trkpt>
      <trkpt lon="16.697156" lat="43.46045">
        <ele>271.0</ele>
        <time>2026-08-26T17:47:41+02:00</time>
      </trkpt>
      <trkpt lon="16.696987" lat="43.460406">
        <ele>271.0</ele>
        <time>2026-08-26T17:47:42+02:00</time>
      </trkpt>
      <trkpt lon="16.696807" lat="43.460349">
        <ele>271.0</ele>
        <time>2026-08-26T17:47:43+02:00</time>
      </trkpt>
      <trkpt lon="16.696644" lat="43.460293">
        <ele>271.0</ele>
        <time>2026-08-26T17:47:44+02:00</time>
      </trkpt>
      <trkpt lon="16.696492" lat="43.460238">
        <ele>271.0</ele>
        <time>2026-08-26T17:47:45+02:00</time>
      </trkpt>
      <trkpt lon="16.696346" lat="43.46019">
        <ele>270.0</ele>
        <time>2026-08-26T17:47:46+02:00</time>
      </trkpt>
      <trkpt lon="16.696207" lat="43.46016">
        <ele>270.0</ele>
        <time>2026-08-26T17:47:47+02:00</time>
      </trkpt>
      <trkpt lon="16.696069" lat="43.460129">
        <ele>269.0</ele>
        <time>2026-08-26T17:47:48+02:00</time>
      </trkpt>
      <trkpt lon="16.695947" lat="43.460097">
        <ele>268.0</ele>
        <time>2026-08-26T17:47:49+02:00</time>
      </trkpt>
      <trkpt lon="16.695825" lat="43.460048">
        <ele>267.0</ele>
        <time>2026-08-26T17:47:50+02:00</time>
      </trkpt>
      <trkpt lon="16.6957" lat="43.459992">
        <ele>266.0</ele>
        <time>2026-08-26T17:47:51+02:00</time>
      </trkpt>
      <trkpt lon="16.695594" lat="43.459917">
        <ele>265.0</ele>
        <time>2026-08-26T17:47:52+02:00</time>
      </trkpt>
      <trkpt lon="16.695431" lat="43.459801">
        <ele>264.0</ele>
        <time>2026-08-26T17:47:54+02:00</time>
      </trkpt>
      <trkpt lon="16.69537" lat="43.459761">
        <ele>263.0</ele>
        <time>2026-08-26T17:47:55+02:00</time>
      </trkpt>
      <trkpt lon="16.695297" lat="43.459708">
        <ele>261.0</ele>
        <time>2026-08-26T17:47:57+02:00</time>
      </trkpt>
      <trkpt lon="16.695334" lat="43.45967">
        <ele>259.0</ele>
        <time>2026-08-26T17:48:00+02:00</time>
      </trkpt>
      <trkpt lon="16.695395" lat="43.459707">
        <ele>258.0</ele>
        <time>2026-08-26T17:48:03+02:00</time>
      </trkpt>
      <trkpt lon="16.695423" lat="43.459748">
        <ele>258.0</ele>
        <time>2026-08-26T17:48:05+02:00</time>
      </trkpt>
      <trkpt lon="16.695472" lat="43.459801">
        <ele>258.0</ele>
        <time>2026-08-26T17:48:07+02:00</time>
      </trkpt>
      <trkpt lon="16.69553" lat="43.459845">
        <ele>258.0</ele>
        <time>2026-08-26T17:48:08+02:00</time>
      </trkpt>
      <trkpt lon="16.695616" lat="43.459903">
        <ele>258.0</ele>
        <time>2026-08-26T17:48:09+02:00</time>
      </trkpt>
      <trkpt lon="16.695714" lat="43.459967">
        <ele>259.0</ele>
        <time>2026-08-26T17:48:10+02:00</time>
      </trkpt>
      <trkpt lon="16.695848" lat="43.460033">
        <ele>259.0</ele>
        <time>2026-08-26T17:48:11+02:00</time>
      </trkpt>
      <trkpt lon="16.69602" lat="43.460091">
        <ele>260.0</ele>
        <time>2026-08-26T17:48:12+02:00</time>
      </trkpt>
      <trkpt lon="16.696202" lat="43.460141">
        <ele>260.0</ele>
        <time>2026-08-26T17:48:13+02:00</time>
      </trkpt>
      <trkpt lon="16.69638" lat="43.460187">
        <ele>261.0</ele>
        <time>2026-08-26T17:48:14+02:00</time>
      </trkpt>
      <trkpt lon="16.696565" lat="43.460248">
        <ele>262.0</ele>
        <time>2026-08-26T17:48:15+02:00</time>
      </trkpt>
      <trkpt lon="16.696753" lat="43.460307">
        <ele>263.0</ele>
        <time>2026-08-26T17:48:16+02:00</time>
      </trkpt>
      <trkpt lon="16.696933" lat="43.460365">
        <ele>263.0</ele>
        <time>2026-08-26T17:48:17+02:00</time>
      </trkpt>
      <trkpt lon="16.697129" lat="43.460417">
        <ele>265.0</ele>
        <time>2026-08-26T17:48:18+02:00</time>
      </trkpt>
      <trkpt lon="16.697321" lat="43.460466">
        <ele>266.0</ele>
        <time>2026-08-26T17:48:19+02:00</time>
      </trkpt>
      <trkpt lon="16.697512" lat="43.46051">
        <ele>267.0</ele>
        <time>2026-08-26T17:48:20+02:00</time>
      </trkpt>
      <trkpt lon="16.697665" lat="43.460562">
        <ele>268.0</ele>
        <time>2026-08-26T17:48:21+02:00</time>
      </trkpt>
      <trkpt lon="16.697806" lat="43.460608">
        <ele>269.0</ele>
        <time>2026-08-26T17:48:22+02:00</time>
      </trkpt>
      <trkpt lon="16.698019" lat="43.460672">
        <ele>270.0</ele>
        <time>2026-08-26T17:48:24+02:00</time>
      </trkpt>
      <trkpt lon="16.6981" lat="43.460684">
        <ele>271.0</ele>
        <time>2026-08-26T17:48:25+02:00</time>
      </trkpt>
      <trkpt lon="16.698167" lat="43.460687">
        <ele>271.0</ele>
        <time>2026-08-26T17:48:26+02:00</time>
      </trkpt>
      <trkpt lon="16.698273" lat="43.460688">
        <ele>272.0</ele>
        <time>2026-08-26T17:48:28+02:00</time>
      </trkpt>
      <trkpt lon="16.698333" lat="43.460685">
        <ele>272.0</ele>
        <time>2026-08-26T17:48:31+02:00</time>
      </trkpt>
      <trkpt lon="16.698309" lat="43.46068">
        <ele>271.0</ele>
        <time>2026-08-26T17:48:37+02:00</time>
      </trkpt>
      <trkpt lon="16.698386" lat="43.46069">
        <ele>271.0</ele>
        <time>2026-08-26T17:50:29+02:00</time>
      </trkpt>
      <trkpt lon="16.698457" lat="43.460713">
        <ele>271.0</ele>
        <time>2026-08-26T17:50:30+02:00</time>
      </trkpt>
      <trkpt lon="16.698554" lat="43.460733">
        <ele>271.0</ele>
        <time>2026-08-26T17:50:31+02:00</time>
      </trkpt>
      <trkpt lon="16.698679" lat="43.460756">
        <ele>271.0</ele>
        <time>2026-08-26T17:50:32+02:00</time>
      </trkpt>
      <trkpt lon="16.698925" lat="43.460829">
        <ele>272.0</ele>
        <time>2026-08-26T17:50:34+02:00</time>
      </trkpt>
      <trkpt lon="16.699122" lat="43.460904">
        <ele>272.0</ele>
        <time>2026-08-26T17:50:36+02:00</time>
      </trkpt>
      <trkpt lon="16.699345" lat="43.460928">
        <ele>272.0</ele>
        <time>2026-08-26T17:50:38+02:00</time>
      </trkpt>
      <trkpt lon="16.699497" lat="43.460838">
        <ele>273.0</ele>
        <time>2026-08-26T17:50:40+02:00</time>
      </trkpt>
      <trkpt lon="16.699469" lat="43.460866">
        <ele>272.0</ele>
        <time>2026-08-26T17:50:43+02:00</time>
      </trkpt>
      <trkpt lon="16.699456" lat="43.460861">
        <ele>271.0</ele>
        <time>2026-08-26T17:50:53+02:00</time>
      </trkpt>
      <trkpt lon="16.699519" lat="43.460892">
        <ele>266.0</ele>
        <time>2026-08-26T17:56:53+02:00</time>
      </trkpt>
      <trkpt lon="16.699426" lat="43.460918">
        <ele>266.0</ele>
        <time>2026-08-26T17:56:56+02:00</time>
      </trkpt>
      <trkpt lon="16.699346" lat="43.460921">
        <ele>266.0</ele>
        <time>2026-08-26T17:56:57+02:00</time>
      </trkpt>
      <trkpt lon="16.699237" lat="43.460919">
        <ele>266.0</ele>
        <time>2026-08-26T17:56:58+02:00</time>
      </trkpt>
      <trkpt lon="16.699141" lat="43.460911">
        <ele>266.0</ele>
        <time>2026-08-26T17:56:59+02:00</time>
      </trkpt>
      <trkpt lon="16.69904" lat="43.460896">
        <ele>266.0</ele>
        <time>2026-08-26T17:57:00+02:00</time>
      </trkpt>
      <trkpt lon="16.698956" lat="43.460887">
        <ele>267.0</ele>
        <time>2026-08-26T17:57:01+02:00</time>
      </trkpt>
      <trkpt lon="16.69886" lat="43.460871">
        <ele>267.0</ele>
        <time>2026-08-26T17:57:02+02:00</time>
      </trkpt>
      <trkpt lon="16.69878" lat="43.460868">
        <ele>267.0</ele>
        <time>2026-08-26T17:57:03+02:00</time>
      </trkpt>
      <trkpt lon="16.698696" lat="43.460862">
        <ele>267.0</ele>
        <time>2026-08-26T17:57:04+02:00</time>
      </trkpt>
      <trkpt lon="16.698617" lat="43.460904">
        <ele>266.0</ele>
        <time>2026-08-26T17:57:06+02:00</time>
      </trkpt>
      <trkpt lon="16.69844" lat="43.460845">
        <ele>266.0</ele>
        <time>2026-08-26T17:57:08+02:00</time>
      </trkpt>
      <trkpt lon="16.698296" lat="43.460808">
        <ele>266.0</ele>
        <time>2026-08-26T17:57:09+02:00</time>
      </trkpt>
      <trkpt lon="16.698162" lat="43.460813">
        <ele>266.0</ele>
        <time>2026-08-26T17:57:10+02:00</time>
      </trkpt>
      <trkpt lon="16.697948" lat="43.460763">
        <ele>266.0</ele>
        <time>2026-08-26T17:57:12+02:00</time>
      </trkpt>
      <trkpt lon="16.697807" lat="43.460715">
        <ele>266.0</ele>
        <time>2026-08-26T17:57:13+02:00</time>
      </trkpt>
      <trkpt lon="16.697651" lat="43.460648">
        <ele>266.0</ele>
        <time>2026-08-26T17:57:14+02:00</time>
      </trkpt>
      <trkpt lon="16.697475" lat="43.460582">
        <ele>266.0</ele>
        <time>2026-08-26T17:57:15+02:00</time>
      </trkpt>
      <trkpt lon="16.697287" lat="43.460517">
        <ele>266.0</ele>
        <time>2026-08-26T17:57:16+02:00</time>
      </trkpt>
      <trkpt lon="16.697077" lat="43.460445">
        <ele>266.0</ele>
        <time>2026-08-26T17:57:17+02:00</time>
      </trkpt>
      <trkpt lon="16.696864" lat="43.460376">
        <ele>266.0</ele>
        <time>2026-08-26T17:57:18+02:00</time>
      </trkpt>
      <trkpt lon="16.696656" lat="43.460304">
        <ele>266.0</ele>
        <time>2026-08-26T17:57:19+02:00</time>
      </trkpt>
      <trkpt lon="16.696446" lat="43.460232">
        <ele>266.0</ele>
        <time>2026-08-26T17:57:20+02:00</time>
      </trkpt>
      <trkpt lon="16.696254" lat="43.460174">
        <ele>266.0</ele>
        <time>2026-08-26T17:57:21+02:00</time>
      </trkpt>
      <trkpt lon="16.696045" lat="43.460122">
        <ele>265.0</ele>
        <time>2026-08-26T17:57:22+02:00</time>
      </trkpt>
      <trkpt lon="16.695859" lat="43.460062">
        <ele>265.0</ele>
        <time>2026-08-26T17:57:23+02:00</time>
      </trkpt>
      <trkpt lon="16.695702" lat="43.459972">
        <ele>264.0</ele>
        <time>2026-08-26T17:57:24+02:00</time>
      </trkpt>
      <trkpt lon="16.695557" lat="43.459867">
        <ele>263.0</ele>
        <time>2026-08-26T17:57:25+02:00</time>
      </trkpt>
      <trkpt lon="16.695399" lat="43.459747">
        <ele>262.0</ele>
        <time>2026-08-26T17:57:26+02:00</time>
      </trkpt>
      <trkpt lon="16.695253" lat="43.459635">
        <ele>261.0</ele>
        <time>2026-08-26T17:57:27+02:00</time>
      </trkpt>
      <trkpt lon="16.695092" lat="43.459546">
        <ele>260.0</ele>
        <time>2026-08-26T17:57:28+02:00</time>
      </trkpt>
      <trkpt lon="16.69492" lat="43.459473">
        <ele>259.0</ele>
        <time>2026-08-26T17:57:29+02:00</time>
      </trkpt>
      <trkpt lon="16.694772" lat="43.459431">
        <ele>258.0</ele>
        <time>2026-08-26T17:57:30+02:00</time>
      </trkpt>
      <trkpt lon="16.694615" lat="43.459413">
        <ele>258.0</ele>
        <time>2026-08-26T17:57:31+02:00</time>
      </trkpt>
      <trkpt lon="16.69444" lat="43.459414">
        <ele>257.0</ele>
        <time>2026-08-26T17:57:32+02:00</time>
      </trkpt>
      <trkpt lon="16.694258" lat="43.459416">
        <ele>255.0</ele>
        <time>2026-08-26T17:57:33+02:00</time>
      </trkpt>
      <trkpt lon="16.694074" lat="43.459418">
        <ele>254.0</ele>
        <time>2026-08-26T17:57:34+02:00</time>
      </trkpt>
      <trkpt lon="16.693865" lat="43.459428">
        <ele>253.0</ele>
        <time>2026-08-26T17:57:35+02:00</time>
      </trkpt>
      <trkpt lon="16.693679" lat="43.459446">
        <ele>252.0</ele>
        <time>2026-08-26T17:57:36+02:00</time>
      </trkpt>
      <trkpt lon="16.693502" lat="43.45947">
        <ele>252.0</ele>
        <time>2026-08-26T17:57:37+02:00</time>
      </trkpt>
      <trkpt lon="16.693334" lat="43.459506">
        <ele>251.0</ele>
        <time>2026-08-26T17:57:38+02:00</time>
      </trkpt>
      <trkpt lon="16.693196" lat="43.459532">
        <ele>251.0</ele>
        <time>2026-08-26T17:57:39+02:00</time>
      </trkpt>
      <trkpt lon="16.693055" lat="43.459531">
        <ele>250.0</ele>
        <time>2026-08-26T17:57:40+02:00</time>
      </trkpt>
      <trkpt lon="16.692866" lat="43.459431">
        <ele>248.0</ele>
        <time>2026-08-26T17:57:42+02:00</time>
      </trkpt>
      <trkpt lon="16.692818" lat="43.459342">
        <ele>247.0</ele>
        <time>2026-08-26T17:57:43+02:00</time>
      </trkpt>
      <trkpt lon="16.692773" lat="43.459236">
        <ele>247.0</ele>
        <time>2026-08-26T17:57:44+02:00</time>
      </trkpt>
      <trkpt lon="16.69271" lat="43.459104">
        <ele>246.0</ele>
        <time>2026-08-26T17:57:45+02:00</time>
      </trkpt>
      <trkpt lon="16.692629" lat="43.458989">
        <ele>245.0</ele>
        <time>2026-08-26T17:57:46+02:00</time>
      </trkpt>
      <trkpt lon="16.692534" lat="43.458885">
        <ele>245.0</ele>
        <time>2026-08-26T17:57:47+02:00</time>
      </trkpt>
      <trkpt lon="16.692413" lat="43.458791">
        <ele>244.0</ele>
        <time>2026-08-26T17:57:48+02:00</time>
      </trkpt>
      <trkpt lon="16.692259" lat="43.458716">
        <ele>244.0</ele>
        <time>2026-08-26T17:57:49+02:00</time>
      </trkpt>
      <trkpt lon="16.692089" lat="43.458655">
        <ele>244.0</ele>
        <time>2026-08-26T17:57:50+02:00</time>
      </trkpt>
      <trkpt lon="16.691898" lat="43.458619">
        <ele>243.0</ele>
        <time>2026-08-26T17:57:51+02:00</time>
      </trkpt>
      <trkpt lon="16.691697" lat="43.458607">
        <ele>243.0</ele>
        <time>2026-08-26T17:57:52+02:00</time>
      </trkpt>
      <trkpt lon="16.691481" lat="43.458601">
        <ele>242.0</ele>
        <time>2026-08-26T17:57:53+02:00</time>
      </trkpt>
      <trkpt lon="16.691268" lat="43.458609">
        <ele>241.0</ele>
        <time>2026-08-26T17:57:54+02:00</time>
      </trkpt>
      <trkpt lon="16.691041" lat="43.458629">
        <ele>240.0</ele>
        <time>2026-08-26T17:57:55+02:00</time>
      </trkpt>
      <trkpt lon="16.69084" lat="43.458663">
        <ele>240.0</ele>
        <time>2026-08-26T17:57:56+02:00</time>
      </trkpt>
      <trkpt lon="16.690657" lat="43.458698">
        <ele>239.0</ele>
        <time>2026-08-26T17:57:57+02:00</time>
      </trkpt>
      <trkpt lon="16.690478" lat="43.458728">
        <ele>238.0</ele>
        <time>2026-08-26T17:57:58+02:00</time>
      </trkpt>
      <trkpt lon="16.690303" lat="43.458766">
        <ele>237.0</ele>
        <time>2026-08-26T17:57:59+02:00</time>
      </trkpt>
      <trkpt lon="16.690127" lat="43.458813">
        <ele>236.0</ele>
        <time>2026-08-26T17:58:00+02:00</time>
      </trkpt>
      <trkpt lon="16.689963" lat="43.458863">
        <ele>235.0</ele>
        <time>2026-08-26T17:58:01+02:00</time>
      </trkpt>
      <trkpt lon="16.689821" lat="43.458914">
        <ele>234.0</ele>
        <time>2026-08-26T17:58:02+02:00</time>
      </trkpt>
      <trkpt lon="16.689692" lat="43.458963">
        <ele>233.0</ele>
        <time>2026-08-26T17:58:03+02:00</time>
      </trkpt>
      <trkpt lon="16.689553" lat="43.459003">
        <ele>232.0</ele>
        <time>2026-08-26T17:58:04+02:00</time>
      </trkpt>
      <trkpt lon="16.689419" lat="43.459023">
        <ele>231.0</ele>
        <time>2026-08-26T17:58:05+02:00</time>
      </trkpt>
      <trkpt lon="16.689277" lat="43.459027">
        <ele>230.0</ele>
        <time>2026-08-26T17:58:06+02:00</time>
      </trkpt>
      <trkpt lon="16.68914" lat="43.45902">
        <ele>229.0</ele>
        <time>2026-08-26T17:58:07+02:00</time>
      </trkpt>
      <trkpt lon="16.689017" lat="43.459007">
        <ele>228.0</ele>
        <time>2026-08-26T17:58:08+02:00</time>
      </trkpt>
      <trkpt lon="16.688894" lat="43.459001">
        <ele>227.0</ele>
        <time>2026-08-26T17:58:09+02:00</time>
      </trkpt>
      <trkpt lon="16.688773" lat="43.459014">
        <ele>226.0</ele>
        <time>2026-08-26T17:58:10+02:00</time>
      </trkpt>
      <trkpt lon="16.688649" lat="43.459043">
        <ele>225.0</ele>
        <time>2026-08-26T17:58:11+02:00</time>
      </trkpt>
      <trkpt lon="16.68853" lat="43.45908">
        <ele>225.0</ele>
        <time>2026-08-26T17:58:12+02:00</time>
      </trkpt>
      <trkpt lon="16.688418" lat="43.459103">
        <ele>225.0</ele>
        <time>2026-08-26T17:58:13+02:00</time>
      </trkpt>
      <trkpt lon="16.688317" lat="43.459106">
        <ele>225.0</ele>
        <time>2026-08-26T17:58:14+02:00</time>
      </trkpt>
      <trkpt lon="16.688235" lat="43.459086">
        <ele>224.0</ele>
        <time>2026-08-26T17:58:15+02:00</time>
      </trkpt>
      <trkpt lon="16.688188" lat="43.459057">
        <ele>223.0</ele>
        <time>2026-08-26T17:58:16+02:00</time>
      </trkpt>
      <trkpt lon="16.688152" lat="43.459016">
        <ele>222.0</ele>
        <time>2026-08-26T17:58:18+02:00</time>
      </trkpt>
      <trkpt lon="16.688132" lat="43.458972">
        <ele>220.0</ele>
        <time>2026-08-26T17:58:20+02:00</time>
      </trkpt>
      <trkpt lon="16.688119" lat="43.458938">
        <ele>220.0</ele>
        <time>2026-08-26T17:58:22+02:00</time>
      </trkpt>
      <trkpt lon="16.688111" lat="43.458879">
        <ele>219.0</ele>
        <time>2026-08-26T17:58:35+02:00</time>
      </trkpt>
      <trkpt lon="16.688208" lat="43.458792">
        <ele>219.0</ele>
        <time>2026-08-26T17:58:37+02:00</time>
      </trkpt>
      <trkpt lon="16.688329" lat="43.458762">
        <ele>219.0</ele>
        <time>2026-08-26T17:58:38+02:00</time>
      </trkpt>
      <trkpt lon="16.688487" lat="43.458747">
        <ele>219.0</ele>
        <time>2026-08-26T17:58:39+02:00</time>
      </trkpt>
      <trkpt lon="16.688656" lat="43.458741">
        <ele>219.0</ele>
        <time>2026-08-26T17:58:40+02:00</time>
      </trkpt>
      <trkpt lon="16.688822" lat="43.458736">
        <ele>219.0</ele>
        <time>2026-08-26T17:58:41+02:00</time>
      </trkpt>
      <trkpt lon="16.688995" lat="43.458728">
        <ele>219.0</ele>
        <time>2026-08-26T17:58:42+02:00</time>
      </trkpt>
      <trkpt lon="16.689156" lat="43.458713">
        <ele>219.0</ele>
        <time>2026-08-26T17:58:43+02:00</time>
      </trkpt>
      <trkpt lon="16.689329" lat="43.458693">
        <ele>219.0</ele>
        <time>2026-08-26T17:58:44+02:00</time>
      </trkpt>
      <trkpt lon="16.689499" lat="43.458664">
        <ele>219.0</ele>
        <time>2026-08-26T17:58:45+02:00</time>
      </trkpt>
      <trkpt lon="16.689664" lat="43.458621">
        <ele>219.0</ele>
        <time>2026-08-26T17:58:46+02:00</time>
      </trkpt>
      <trkpt lon="16.689827" lat="43.458564">
        <ele>219.0</ele>
        <time>2026-08-26T17:58:47+02:00</time>
      </trkpt>
      <trkpt lon="16.689976" lat="43.458498">
        <ele>219.0</ele>
        <time>2026-08-26T17:58:48+02:00</time>
      </trkpt>
      <trkpt lon="16.690136" lat="43.458421">
        <ele>218.0</ele>
        <time>2026-08-26T17:58:49+02:00</time>
      </trkpt>
      <trkpt lon="16.690285" lat="43.45834">
        <ele>218.0</ele>
        <time>2026-08-26T17:58:50+02:00</time>
      </trkpt>
      <trkpt lon="16.690435" lat="43.458263">
        <ele>217.0</ele>
        <time>2026-08-26T17:58:51+02:00</time>
      </trkpt>
      <trkpt lon="16.690604" lat="43.458189">
        <ele>216.0</ele>
        <time>2026-08-26T17:58:52+02:00</time>
      </trkpt>
      <trkpt lon="16.690808" lat="43.458116">
        <ele>216.0</ele>
        <time>2026-08-26T17:58:53+02:00</time>
      </trkpt>
      <trkpt lon="16.691011" lat="43.458059">
        <ele>215.0</ele>
        <time>2026-08-26T17:58:54+02:00</time>
      </trkpt>
      <trkpt lon="16.691241" lat="43.458014">
        <ele>215.0</ele>
        <time>2026-08-26T17:58:55+02:00</time>
      </trkpt>
      <trkpt lon="16.691454" lat="43.457989">
        <ele>214.0</ele>
        <time>2026-08-26T17:58:56+02:00</time>
      </trkpt>
      <trkpt lon="16.691677" lat="43.457978">
        <ele>214.0</ele>
        <time>2026-08-26T17:58:57+02:00</time>
      </trkpt>
      <trkpt lon="16.691891" lat="43.457982">
        <ele>213.0</ele>
        <time>2026-08-26T17:58:58+02:00</time>
      </trkpt>
      <trkpt lon="16.692095" lat="43.458003">
        <ele>213.0</ele>
        <time>2026-08-26T17:58:59+02:00</time>
      </trkpt>
      <trkpt lon="16.692303" lat="43.458032">
        <ele>212.0</ele>
        <time>2026-08-26T17:59:00+02:00</time>
      </trkpt>
      <trkpt lon="16.692503" lat="43.458079">
        <ele>210.0</ele>
        <time>2026-08-26T17:59:01+02:00</time>
      </trkpt>
      <trkpt lon="16.692687" lat="43.458142">
        <ele>210.0</ele>
        <time>2026-08-26T17:59:02+02:00</time>
      </trkpt>
      <trkpt lon="16.692866" lat="43.458215">
        <ele>209.0</ele>
        <time>2026-08-26T17:59:03+02:00</time>
      </trkpt>
      <trkpt lon="16.693042" lat="43.458288">
        <ele>208.0</ele>
        <time>2026-08-26T17:59:04+02:00</time>
      </trkpt>
      <trkpt lon="16.693208" lat="43.458361">
        <ele>207.0</ele>
        <time>2026-08-26T17:59:05+02:00</time>
      </trkpt>
      <trkpt lon="16.693378" lat="43.458432">
        <ele>205.0</ele>
        <time>2026-08-26T17:59:06+02:00</time>
      </trkpt>
      <trkpt lon="16.693555" lat="43.45848">
        <ele>203.0</ele>
        <time>2026-08-26T17:59:07+02:00</time>
      </trkpt>
      <trkpt lon="16.693726" lat="43.458498">
        <ele>202.0</ele>
        <time>2026-08-26T17:59:08+02:00</time>
      </trkpt>
      <trkpt lon="16.693894" lat="43.458481">
        <ele>200.0</ele>
        <time>2026-08-26T17:59:09+02:00</time>
      </trkpt>
      <trkpt lon="16.694065" lat="43.458434">
        <ele>199.0</ele>
        <time>2026-08-26T17:59:10+02:00</time>
      </trkpt>
      <trkpt lon="16.694232" lat="43.458369">
        <ele>197.0</ele>
        <time>2026-08-26T17:59:11+02:00</time>
      </trkpt>
      <trkpt lon="16.694418" lat="43.458288">
        <ele>195.0</ele>
        <time>2026-08-26T17:59:12+02:00</time>
      </trkpt>
      <trkpt lon="16.694614" lat="43.458212">
        <ele>194.0</ele>
        <time>2026-08-26T17:59:13+02:00</time>
      </trkpt>
      <trkpt lon="16.694811" lat="43.458148">
        <ele>193.0</ele>
        <time>2026-08-26T17:59:14+02:00</time>
      </trkpt>
      <trkpt lon="16.695005" lat="43.458088">
        <ele>192.0</ele>
        <time>2026-08-26T17:59:15+02:00</time>
      </trkpt>
      <trkpt lon="16.695194" lat="43.458031">
        <ele>191.0</ele>
        <time>2026-08-26T17:59:16+02:00</time>
      </trkpt>
      <trkpt lon="16.695364" lat="43.457966">
        <ele>191.0</ele>
        <time>2026-08-26T17:59:17+02:00</time>
      </trkpt>
      <trkpt lon="16.695521" lat="43.457894">
        <ele>190.0</ele>
        <time>2026-08-26T17:59:18+02:00</time>
      </trkpt>
      <trkpt lon="16.695669" lat="43.457812">
        <ele>189.0</ele>
        <time>2026-08-26T17:59:19+02:00</time>
      </trkpt>
      <trkpt lon="16.695819" lat="43.457728">
        <ele>188.0</ele>
        <time>2026-08-26T17:59:20+02:00</time>
      </trkpt>
      <trkpt lon="16.695972" lat="43.457659">
        <ele>186.0</ele>
        <time>2026-08-26T17:59:21+02:00</time>
      </trkpt>
      <trkpt lon="16.696153" lat="43.457601">
        <ele>184.0</ele>
        <time>2026-08-26T17:59:22+02:00</time>
      </trkpt>
      <trkpt lon="16.696338" lat="43.457565">
        <ele>183.0</ele>
        <time>2026-08-26T17:59:23+02:00</time>
      </trkpt>
      <trkpt lon="16.696507" lat="43.457542">
        <ele>181.0</ele>
        <time>2026-08-26T17:59:24+02:00</time>
      </trkpt>
      <trkpt lon="16.696655" lat="43.457538">
        <ele>180.0</ele>
        <time>2026-08-26T17:59:25+02:00</time>
      </trkpt>
      <trkpt lon="16.696789" lat="43.457524">
        <ele>178.0</ele>
        <time>2026-08-26T17:59:26+02:00</time>
      </trkpt>
      <trkpt lon="16.696902" lat="43.457483">
        <ele>177.0</ele>
        <time>2026-08-26T17:59:27+02:00</time>
      </trkpt>
      <trkpt lon="16.697001" lat="43.457338">
        <ele>174.0</ele>
        <time>2026-08-26T17:59:29+02:00</time>
      </trkpt>
      <trkpt lon="16.696977" lat="43.457253">
        <ele>173.0</ele>
        <time>2026-08-26T17:59:30+02:00</time>
      </trkpt>
      <trkpt lon="16.696905" lat="43.457184">
        <ele>172.0</ele>
        <time>2026-08-26T17:59:31+02:00</time>
      </trkpt>
      <trkpt lon="16.696804" lat="43.457149">
        <ele>171.0</ele>
        <time>2026-08-26T17:59:32+02:00</time>
      </trkpt>
      <trkpt lon="16.696672" lat="43.457147">
        <ele>170.0</ele>
        <time>2026-08-26T17:59:33+02:00</time>
      </trkpt>
      <trkpt lon="16.69654" lat="43.457183">
        <ele>170.0</ele>
        <time>2026-08-26T17:59:34+02:00</time>
      </trkpt>
      <trkpt lon="16.696398" lat="43.457248">
        <ele>169.0</ele>
        <time>2026-08-26T17:59:35+02:00</time>
      </trkpt>
      <trkpt lon="16.696245" lat="43.457323">
        <ele>169.0</ele>
        <time>2026-08-26T17:59:36+02:00</time>
      </trkpt>
      <trkpt lon="16.69609" lat="43.457387">
        <ele>168.0</ele>
        <time>2026-08-26T17:59:37+02:00</time>
      </trkpt>
      <trkpt lon="16.695923" lat="43.457436">
        <ele>168.0</ele>
        <time>2026-08-26T17:59:38+02:00</time>
      </trkpt>
      <trkpt lon="16.695761" lat="43.457483">
        <ele>167.0</ele>
        <time>2026-08-26T17:59:39+02:00</time>
      </trkpt>
      <trkpt lon="16.695605" lat="43.457529">
        <ele>168.0</ele>
        <time>2026-08-26T17:59:40+02:00</time>
      </trkpt>
      <trkpt lon="16.695457" lat="43.45757">
        <ele>167.0</ele>
        <time>2026-08-26T17:59:41+02:00</time>
      </trkpt>
      <trkpt lon="16.69531" lat="43.457606">
        <ele>167.0</ele>
        <time>2026-08-26T17:59:42+02:00</time>
      </trkpt>
      <trkpt lon="16.695166" lat="43.457646">
        <ele>166.0</ele>
        <time>2026-08-26T17:59:43+02:00</time>
      </trkpt>
      <trkpt lon="16.695034" lat="43.45768">
        <ele>166.0</ele>
        <time>2026-08-26T17:59:44+02:00</time>
      </trkpt>
      <trkpt lon="16.694888" lat="43.457719">
        <ele>164.0</ele>
        <time>2026-08-26T17:59:45+02:00</time>
      </trkpt>
      <trkpt lon="16.694726" lat="43.457762">
        <ele>163.0</ele>
        <time>2026-08-26T17:59:46+02:00</time>
      </trkpt>
      <trkpt lon="16.694565" lat="43.4578">
        <ele>162.0</ele>
        <time>2026-08-26T17:59:47+02:00</time>
      </trkpt>
      <trkpt lon="16.694399" lat="43.457827">
        <ele>161.0</ele>
        <time>2026-08-26T17:59:48+02:00</time>
      </trkpt>
      <trkpt lon="16.694241" lat="43.457834">
        <ele>160.0</ele>
        <time>2026-08-26T17:59:49+02:00</time>
      </trkpt>
      <trkpt lon="16.69409" lat="43.457823">
        <ele>159.0</ele>
        <time>2026-08-26T17:59:50+02:00</time>
      </trkpt>
      <trkpt lon="16.693921" lat="43.457794">
        <ele>158.0</ele>
        <time>2026-08-26T17:59:51+02:00</time>
      </trkpt>
      <trkpt lon="16.693758" lat="43.457742">
        <ele>157.0</ele>
        <time>2026-08-26T17:59:52+02:00</time>
      </trkpt>
      <trkpt lon="16.693617" lat="43.457675">
        <ele>157.0</ele>
        <time>2026-08-26T17:59:53+02:00</time>
      </trkpt>
      <trkpt lon="16.693485" lat="43.457588">
        <ele>156.0</ele>
        <time>2026-08-26T17:59:54+02:00</time>
      </trkpt>
      <trkpt lon="16.693373" lat="43.457485">
        <ele>155.0</ele>
        <time>2026-08-26T17:59:55+02:00</time>
      </trkpt>
      <trkpt lon="16.693274" lat="43.457382">
        <ele>154.0</ele>
        <time>2026-08-26T17:59:56+02:00</time>
      </trkpt>
      <trkpt lon="16.693171" lat="43.457281">
        <ele>154.0</ele>
        <time>2026-08-26T17:59:57+02:00</time>
      </trkpt>
      <trkpt lon="16.693054" lat="43.457196">
        <ele>153.0</ele>
        <time>2026-08-26T17:59:58+02:00</time>
      </trkpt>
      <trkpt lon="16.692922" lat="43.457115">
        <ele>152.0</ele>
        <time>2026-08-26T17:59:59+02:00</time>
      </trkpt>
      <trkpt lon="16.692772" lat="43.457052">
        <ele>151.0</ele>
        <time>2026-08-26T18:00:00+02:00</time>
      </trkpt>
      <trkpt lon="16.692579" lat="43.457">
        <ele>150.0</ele>
        <time>2026-08-26T18:00:01+02:00</time>
      </trkpt>
      <trkpt lon="16.692372" lat="43.456962">
        <ele>149.0</ele>
        <time>2026-08-26T18:00:02+02:00</time>
      </trkpt>
      <trkpt lon="16.692145" lat="43.456935">
        <ele>147.0</ele>
        <time>2026-08-26T18:00:03+02:00</time>
      </trkpt>
      <trkpt lon="16.691927" lat="43.45691">
        <ele>146.0</ele>
        <time>2026-08-26T18:00:04+02:00</time>
      </trkpt>
      <trkpt lon="16.691718" lat="43.456883">
        <ele>145.0</ele>
        <time>2026-08-26T18:00:05+02:00</time>
      </trkpt>
      <trkpt lon="16.691516" lat="43.456858">
        <ele>144.0</ele>
        <time>2026-08-26T18:00:06+02:00</time>
      </trkpt>
      <trkpt lon="16.69133" lat="43.456838">
        <ele>144.0</ele>
        <time>2026-08-26T18:00:07+02:00</time>
      </trkpt>
      <trkpt lon="16.691148" lat="43.456821">
        <ele>142.0</ele>
        <time>2026-08-26T18:00:08+02:00</time>
      </trkpt>
      <trkpt lon="16.690972" lat="43.456808">
        <ele>141.0</ele>
        <time>2026-08-26T18:00:09+02:00</time>
      </trkpt>
      <trkpt lon="16.6908" lat="43.456793">
        <ele>140.0</ele>
        <time>2026-08-26T18:00:10+02:00</time>
      </trkpt>
      <trkpt lon="16.690625" lat="43.456778">
        <ele>139.0</ele>
        <time>2026-08-26T18:00:11+02:00</time>
      </trkpt>
      <trkpt lon="16.690459" lat="43.456767">
        <ele>137.0</ele>
        <time>2026-08-26T18:00:12+02:00</time>
      </trkpt>
      <trkpt lon="16.690279" lat="43.456759">
        <ele>136.0</ele>
        <time>2026-08-26T18:00:13+02:00</time>
      </trkpt>
      <trkpt lon="16.690091" lat="43.456752">
        <ele>134.0</ele>
        <time>2026-08-26T18:00:14+02:00</time>
      </trkpt>
      <trkpt lon="16.689884" lat="43.45674">
        <ele>133.0</ele>
        <time>2026-08-26T18:00:15+02:00</time>
      </trkpt>
      <trkpt lon="16.689662" lat="43.456731">
        <ele>132.0</ele>
        <time>2026-08-26T18:00:16+02:00</time>
      </trkpt>
      <trkpt lon="16.689444" lat="43.456721">
        <ele>131.0</ele>
        <time>2026-08-26T18:00:17+02:00</time>
      </trkpt>
      <trkpt lon="16.689234" lat="43.456718">
        <ele>130.0</ele>
        <time>2026-08-26T18:00:18+02:00</time>
      </trkpt>
      <trkpt lon="16.689037" lat="43.456715">
        <ele>130.0</ele>
        <time>2026-08-26T18:00:19+02:00</time>
      </trkpt>
      <trkpt lon="16.688841" lat="43.456712">
        <ele>129.0</ele>
        <time>2026-08-26T18:00:20+02:00</time>
      </trkpt>
      <trkpt lon="16.688642" lat="43.456709">
        <ele>128.0</ele>
        <time>2026-08-26T18:00:21+02:00</time>
      </trkpt>
      <trkpt lon="16.688463" lat="43.456708">
        <ele>127.0</ele>
        <time>2026-08-26T18:00:22+02:00</time>
      </trkpt>
      <trkpt lon="16.688276" lat="43.456713">
        <ele>126.0</ele>
        <time>2026-08-26T18:00:23+02:00</time>
      </trkpt>
      <trkpt lon="16.6881" lat="43.456719">
        <ele>125.0</ele>
        <time>2026-08-26T18:00:24+02:00</time>
      </trkpt>
      <trkpt lon="16.687942" lat="43.456727">
        <ele>124.0</ele>
        <time>2026-08-26T18:00:25+02:00</time>
      </trkpt>
      <trkpt lon="16.687791" lat="43.456717">
        <ele>124.0</ele>
        <time>2026-08-26T18:00:26+02:00</time>
      </trkpt>
      <trkpt lon="16.687654" lat="43.456683">
        <ele>123.0</ele>
        <time>2026-08-26T18:00:27+02:00</time>
      </trkpt>
      <trkpt lon="16.68753" lat="43.456629">
        <ele>123.0</ele>
        <time>2026-08-26T18:00:28+02:00</time>
      </trkpt>
      <trkpt lon="16.687413" lat="43.456549">
        <ele>121.0</ele>
        <time>2026-08-26T18:00:29+02:00</time>
      </trkpt>
      <trkpt lon="16.687329" lat="43.456455">
        <ele>121.0</ele>
        <time>2026-08-26T18:00:30+02:00</time>
      </trkpt>
      <trkpt lon="16.687284" lat="43.456345">
        <ele>119.0</ele>
        <time>2026-08-26T18:00:31+02:00</time>
      </trkpt>
      <trkpt lon="16.687285" lat="43.456234">
        <ele>118.0</ele>
        <time>2026-08-26T18:00:32+02:00</time>
      </trkpt>
      <trkpt lon="16.687323" lat="43.456127">
        <ele>118.0</ele>
        <time>2026-08-26T18:00:33+02:00</time>
      </trkpt>
      <trkpt lon="16.687402" lat="43.456021">
        <ele>118.0</ele>
        <time>2026-08-26T18:00:34+02:00</time>
      </trkpt>
      <trkpt lon="16.687512" lat="43.455929">
        <ele>118.0</ele>
        <time>2026-08-26T18:00:35+02:00</time>
      </trkpt>
      <trkpt lon="16.687642" lat="43.455859">
        <ele>118.0</ele>
        <time>2026-08-26T18:00:36+02:00</time>
      </trkpt>
      <trkpt lon="16.687746" lat="43.455805">
        <ele>118.0</ele>
        <time>2026-08-26T18:00:37+02:00</time>
      </trkpt>
      <trkpt lon="16.687921" lat="43.455699">
        <ele>118.0</ele>
        <time>2026-08-26T18:00:39+02:00</time>
      </trkpt>
      <trkpt lon="16.687984" lat="43.455659">
        <ele>118.0</ele>
        <time>2026-08-26T18:00:40+02:00</time>
      </trkpt>
      <trkpt lon="16.688047" lat="43.45562">
        <ele>117.0</ele>
        <time>2026-08-26T18:00:41+02:00</time>
      </trkpt>
      <trkpt lon="16.688108" lat="43.455588">
        <ele>118.0</ele>
        <time>2026-08-26T18:00:42+02:00</time>
      </trkpt>
      <trkpt lon="16.688157" lat="43.455557">
        <ele>117.0</ele>
        <time>2026-08-26T18:00:43+02:00</time>
      </trkpt>
      <trkpt lon="16.688217" lat="43.455518">
        <ele>117.0</ele>
        <time>2026-08-26T18:00:45+02:00</time>
      </trkpt>
      <trkpt lon="16.688307" lat="43.455474">
        <ele>117.0</ele>
        <time>2026-08-26T18:00:48+02:00</time>
      </trkpt>
      <trkpt lon="16.688437" lat="43.455488">
        <ele>116.0</ele>
        <time>2026-08-26T18:00:50+02:00</time>
      </trkpt>
      <trkpt lon="16.688505" lat="43.455527">
        <ele>116.0</ele>
        <time>2026-08-26T18:00:51+02:00</time>
      </trkpt>
      <trkpt lon="16.688549" lat="43.455592">
        <ele>116.0</ele>
        <time>2026-08-26T18:00:52+02:00</time>
      </trkpt>
      <trkpt lon="16.688549" lat="43.455662">
        <ele>116.0</ele>
        <time>2026-08-26T18:00:53+02:00</time>
      </trkpt>
      <trkpt lon="16.688527" lat="43.455739">
        <ele>116.0</ele>
        <time>2026-08-26T18:00:54+02:00</time>
      </trkpt>
      <trkpt lon="16.688468" lat="43.455816">
        <ele>117.0</ele>
        <time>2026-08-26T18:00:55+02:00</time>
      </trkpt>
      <trkpt lon="16.688379" lat="43.455888">
        <ele>117.0</ele>
        <time>2026-08-26T18:00:56+02:00</time>
      </trkpt>
      <trkpt lon="16.688276" lat="43.455954">
        <ele>117.0</ele>
        <time>2026-08-26T18:00:57+02:00</time>
      </trkpt>
      <trkpt lon="16.688182" lat="43.456018">
        <ele>117.0</ele>
        <time>2026-08-26T18:00:58+02:00</time>
      </trkpt>
      <trkpt lon="16.688111" lat="43.456102">
        <ele>116.0</ele>
        <time>2026-08-26T18:00:59+02:00</time>
      </trkpt>
      <trkpt lon="16.688082" lat="43.456196">
        <ele>115.0</ele>
        <time>2026-08-26T18:01:00+02:00</time>
      </trkpt>
      <trkpt lon="16.688093" lat="43.456289">
        <ele>115.0</ele>
        <time>2026-08-26T18:01:01+02:00</time>
      </trkpt>
      <trkpt lon="16.68815" lat="43.456371">
        <ele>114.0</ele>
        <time>2026-08-26T18:01:02+02:00</time>
      </trkpt>
      <trkpt lon="16.688239" lat="43.456436">
        <ele>114.0</ele>
        <time>2026-08-26T18:01:03+02:00</time>
      </trkpt>
      <trkpt lon="16.688365" lat="43.456487">
        <ele>114.0</ele>
        <time>2026-08-26T18:01:04+02:00</time>
      </trkpt>
      <trkpt lon="16.688496" lat="43.456509">
        <ele>114.0</ele>
        <time>2026-08-26T18:01:05+02:00</time>
      </trkpt>
      <trkpt lon="16.68863" lat="43.456504">
        <ele>114.0</ele>
        <time>2026-08-26T18:01:06+02:00</time>
      </trkpt>
      <trkpt lon="16.688783" lat="43.456491">
        <ele>113.0</ele>
        <time>2026-08-26T18:01:07+02:00</time>
      </trkpt>
      <trkpt lon="16.68894" lat="43.456473">
        <ele>113.0</ele>
        <time>2026-08-26T18:01:08+02:00</time>
      </trkpt>
      <trkpt lon="16.689121" lat="43.456451">
        <ele>113.0</ele>
        <time>2026-08-26T18:01:09+02:00</time>
      </trkpt>
      <trkpt lon="16.689309" lat="43.456427">
        <ele>113.0</ele>
        <time>2026-08-26T18:01:10+02:00</time>
      </trkpt>
      <trkpt lon="16.689523" lat="43.456399">
        <ele>113.0</ele>
        <time>2026-08-26T18:01:11+02:00</time>
      </trkpt>
      <trkpt lon="16.689734" lat="43.456367">
        <ele>113.0</ele>
        <time>2026-08-26T18:01:12+02:00</time>
      </trkpt>
      <trkpt lon="16.689944" lat="43.456333">
        <ele>113.0</ele>
        <time>2026-08-26T18:01:13+02:00</time>
      </trkpt>
      <trkpt lon="16.69015" lat="43.456305">
        <ele>113.0</ele>
        <time>2026-08-26T18:01:14+02:00</time>
      </trkpt>
      <trkpt lon="16.690357" lat="43.456277">
        <ele>113.0</ele>
        <time>2026-08-26T18:01:15+02:00</time>
      </trkpt>
      <trkpt lon="16.690569" lat="43.456249">
        <ele>112.0</ele>
        <time>2026-08-26T18:01:16+02:00</time>
      </trkpt>
      <trkpt lon="16.690775" lat="43.45623">
        <ele>111.0</ele>
        <time>2026-08-26T18:01:17+02:00</time>
      </trkpt>
      <trkpt lon="16.69099" lat="43.456216">
        <ele>110.0</ele>
        <time>2026-08-26T18:01:18+02:00</time>
      </trkpt>
      <trkpt lon="16.691188" lat="43.456209">
        <ele>109.0</ele>
        <time>2026-08-26T18:01:19+02:00</time>
      </trkpt>
      <trkpt lon="16.691394" lat="43.456205">
        <ele>109.0</ele>
        <time>2026-08-26T18:01:20+02:00</time>
      </trkpt>
      <trkpt lon="16.69159" lat="43.456194">
        <ele>108.0</ele>
        <time>2026-08-26T18:01:21+02:00</time>
      </trkpt>
      <trkpt lon="16.691786" lat="43.456179">
        <ele>108.0</ele>
        <time>2026-08-26T18:01:22+02:00</time>
      </trkpt>
      <trkpt lon="16.691984" lat="43.456155">
        <ele>107.0</ele>
        <time>2026-08-26T18:01:23+02:00</time>
      </trkpt>
      <trkpt lon="16.692193" lat="43.456128">
        <ele>106.0</ele>
        <time>2026-08-26T18:01:24+02:00</time>
      </trkpt>
      <trkpt lon="16.692395" lat="43.456097">
        <ele>105.0</ele>
        <time>2026-08-26T18:01:25+02:00</time>
      </trkpt>
      <trkpt lon="16.692607" lat="43.456068">
        <ele>103.0</ele>
        <time>2026-08-26T18:01:26+02:00</time>
      </trkpt>
      <trkpt lon="16.692825" lat="43.45605">
        <ele>102.0</ele>
        <time>2026-08-26T18:01:27+02:00</time>
      </trkpt>
      <trkpt lon="16.69303" lat="43.456043">
        <ele>101.0</ele>
        <time>2026-08-26T18:01:28+02:00</time>
      </trkpt>
      <trkpt lon="16.693232" lat="43.456057">
        <ele>101.0</ele>
        <time>2026-08-26T18:01:29+02:00</time>
      </trkpt>
      <trkpt lon="16.693416" lat="43.456081">
        <ele>99.0</ele>
        <time>2026-08-26T18:01:30+02:00</time>
      </trkpt>
      <trkpt lon="16.693598" lat="43.456115">
        <ele>97.0</ele>
        <time>2026-08-26T18:01:31+02:00</time>
      </trkpt>
      <trkpt lon="16.693752" lat="43.456159">
        <ele>96.0</ele>
        <time>2026-08-26T18:01:32+02:00</time>
      </trkpt>
      <trkpt lon="16.693894" lat="43.45621">
        <ele>96.0</ele>
        <time>2026-08-26T18:01:33+02:00</time>
      </trkpt>
      <trkpt lon="16.694119" lat="43.456278">
        <ele>94.0</ele>
        <time>2026-08-26T18:01:35+02:00</time>
      </trkpt>
      <trkpt lon="16.694222" lat="43.456274">
        <ele>92.0</ele>
        <time>2026-08-26T18:01:36+02:00</time>
      </trkpt>
      <trkpt lon="16.694304" lat="43.456237">
        <ele>91.0</ele>
        <time>2026-08-26T18:01:37+02:00</time>
      </trkpt>
      <trkpt lon="16.694361" lat="43.456173">
        <ele>89.0</ele>
        <time>2026-08-26T18:01:38+02:00</time>
      </trkpt>
      <trkpt lon="16.694372" lat="43.456094">
        <ele>89.0</ele>
        <time>2026-08-26T18:01:39+02:00</time>
      </trkpt>
      <trkpt lon="16.694329" lat="43.45603">
        <ele>88.0</ele>
        <time>2026-08-26T18:01:40+02:00</time>
      </trkpt>
      <trkpt lon="16.694246" lat="43.455985">
        <ele>87.0</ele>
        <time>2026-08-26T18:01:41+02:00</time>
      </trkpt>
      <trkpt lon="16.694131" lat="43.455965">
        <ele>86.0</ele>
        <time>2026-08-26T18:01:42+02:00</time>
      </trkpt>
      <trkpt lon="16.693979" lat="43.455964">
        <ele>86.0</ele>
        <time>2026-08-26T18:01:43+02:00</time>
      </trkpt>
      <trkpt lon="16.693809" lat="43.455958">
        <ele>86.0</ele>
        <time>2026-08-26T18:01:44+02:00</time>
      </trkpt>
      <trkpt lon="16.693625" lat="43.455946">
        <ele>85.0</ele>
        <time>2026-08-26T18:01:45+02:00</time>
      </trkpt>
      <trkpt lon="16.693434" lat="43.455917">
        <ele>85.0</ele>
        <time>2026-08-26T18:01:46+02:00</time>
      </trkpt>
      <trkpt lon="16.693267" lat="43.455889">
        <ele>85.0</ele>
        <time>2026-08-26T18:01:47+02:00</time>
      </trkpt>
      <trkpt lon="16.693121" lat="43.45587">
        <ele>84.0</ele>
        <time>2026-08-26T18:01:48+02:00</time>
      </trkpt>
      <trkpt lon="16.692976" lat="43.455854">
        <ele>84.0</ele>
        <time>2026-08-26T18:01:49+02:00</time>
      </trkpt>
      <trkpt lon="16.692848" lat="43.455836">
        <ele>84.0</ele>
        <time>2026-08-26T18:01:50+02:00</time>
      </trkpt>
      <trkpt lon="16.692724" lat="43.45582">
        <ele>84.0</ele>
        <time>2026-08-26T18:01:51+02:00</time>
      </trkpt>
      <trkpt lon="16.692509" lat="43.455742">
        <ele>83.0</ele>
        <time>2026-08-26T18:01:53+02:00</time>
      </trkpt>
      <trkpt lon="16.692435" lat="43.455669">
        <ele>82.0</ele>
        <time>2026-08-26T18:01:54+02:00</time>
      </trkpt>
      <trkpt lon="16.69239" lat="43.455484">
        <ele>81.0</ele>
        <time>2026-08-26T18:01:56+02:00</time>
      </trkpt>
      <trkpt lon="16.692438" lat="43.455393">
        <ele>80.0</ele>
        <time>2026-08-26T18:01:57+02:00</time>
      </trkpt>
      <trkpt lon="16.692511" lat="43.455307">
        <ele>80.0</ele>
        <time>2026-08-26T18:01:58+02:00</time>
      </trkpt>
      <trkpt lon="16.692604" lat="43.455211">
        <ele>80.0</ele>
        <time>2026-08-26T18:01:59+02:00</time>
      </trkpt>
      <trkpt lon="16.692708" lat="43.455108">
        <ele>78.0</ele>
        <time>2026-08-26T18:02:00+02:00</time>
      </trkpt>
      <trkpt lon="16.692818" lat="43.455002">
        <ele>78.0</ele>
        <time>2026-08-26T18:02:01+02:00</time>
      </trkpt>
      <trkpt lon="16.692924" lat="43.454898">
        <ele>78.0</ele>
        <time>2026-08-26T18:02:02+02:00</time>
      </trkpt>
      <trkpt lon="16.693019" lat="43.454799">
        <ele>77.0</ele>
        <time>2026-08-26T18:02:03+02:00</time>
      </trkpt>
      <trkpt lon="16.69311" lat="43.454707">
        <ele>77.0</ele>
        <time>2026-08-26T18:02:04+02:00</time>
      </trkpt>
      <trkpt lon="16.693201" lat="43.454611">
        <ele>77.0</ele>
        <time>2026-08-26T18:02:05+02:00</time>
      </trkpt>
      <trkpt lon="16.693292" lat="43.454515">
        <ele>77.0</ele>
        <time>2026-08-26T18:02:06+02:00</time>
      </trkpt>
      <trkpt lon="16.693386" lat="43.454418">
        <ele>77.0</ele>
        <time>2026-08-26T18:02:07+02:00</time>
      </trkpt>
      <trkpt lon="16.693482" lat="43.454319">
        <ele>76.0</ele>
        <time>2026-08-26T18:02:08+02:00</time>
      </trkpt>
      <trkpt lon="16.693584" lat="43.454219">
        <ele>76.0</ele>
        <time>2026-08-26T18:02:09+02:00</time>
      </trkpt>
      <trkpt lon="16.693688" lat="43.454115">
        <ele>75.0</ele>
        <time>2026-08-26T18:02:10+02:00</time>
      </trkpt>
      <trkpt lon="16.693788" lat="43.454006">
        <ele>75.0</ele>
        <time>2026-08-26T18:02:11+02:00</time>
      </trkpt>
      <trkpt lon="16.693894" lat="43.453892">
        <ele>74.0</ele>
        <time>2026-08-26T18:02:12+02:00</time>
      </trkpt>
      <trkpt lon="16.694007" lat="43.453773">
        <ele>73.0</ele>
        <time>2026-08-26T18:02:13+02:00</time>
      </trkpt>
      <trkpt lon="16.694119" lat="43.453664">
        <ele>73.0</ele>
        <time>2026-08-26T18:02:14+02:00</time>
      </trkpt>
      <trkpt lon="16.694225" lat="43.453549">
        <ele>71.0</ele>
        <time>2026-08-26T18:02:15+02:00</time>
      </trkpt>
      <trkpt lon="16.694318" lat="43.453445">
        <ele>70.0</ele>
        <time>2026-08-26T18:02:16+02:00</time>
      </trkpt>
      <trkpt lon="16.694406" lat="43.45334">
        <ele>69.0</ele>
        <time>2026-08-26T18:02:17+02:00</time>
      </trkpt>
      <trkpt lon="16.694503" lat="43.453233">
        <ele>68.0</ele>
        <time>2026-08-26T18:02:18+02:00</time>
      </trkpt>
      <trkpt lon="16.694598" lat="43.453134">
        <ele>66.0</ele>
        <time>2026-08-26T18:02:19+02:00</time>
      </trkpt>
      <trkpt lon="16.694702" lat="43.453029">
        <ele>65.0</ele>
        <time>2026-08-26T18:02:20+02:00</time>
      </trkpt>
      <trkpt lon="16.694798" lat="43.452931">
        <ele>64.0</ele>
        <time>2026-08-26T18:02:21+02:00</time>
      </trkpt>
      <trkpt lon="16.694874" lat="43.452843">
        <ele>63.0</ele>
        <time>2026-08-26T18:02:22+02:00</time>
      </trkpt>
      <trkpt lon="16.694926" lat="43.452758">
        <ele>62.0</ele>
        <time>2026-08-26T18:02:23+02:00</time>
      </trkpt>
      <trkpt lon="16.694924" lat="43.452587">
        <ele>60.0</ele>
        <time>2026-08-26T18:02:25+02:00</time>
      </trkpt>
      <trkpt lon="16.694815" lat="43.452403">
        <ele>59.0</ele>
        <time>2026-08-26T18:02:27+02:00</time>
      </trkpt>
      <trkpt lon="16.694749" lat="43.452299">
        <ele>59.0</ele>
        <time>2026-08-26T18:02:28+02:00</time>
      </trkpt>
      <trkpt lon="16.694695" lat="43.452198">
        <ele>57.0</ele>
        <time>2026-08-26T18:02:29+02:00</time>
      </trkpt>
      <trkpt lon="16.694652" lat="43.452105">
        <ele>57.0</ele>
        <time>2026-08-26T18:02:30+02:00</time>
      </trkpt>
      <trkpt lon="16.694609" lat="43.452013">
        <ele>57.0</ele>
        <time>2026-08-26T18:02:31+02:00</time>
      </trkpt>
      <trkpt lon="16.694568" lat="43.451919">
        <ele>57.0</ele>
        <time>2026-08-26T18:02:32+02:00</time>
      </trkpt>
      <trkpt lon="16.694542" lat="43.451814">
        <ele>57.0</ele>
        <time>2026-08-26T18:02:33+02:00</time>
      </trkpt>
      <trkpt lon="16.694541" lat="43.451697">
        <ele>56.0</ele>
        <time>2026-08-26T18:02:34+02:00</time>
      </trkpt>
      <trkpt lon="16.694566" lat="43.451587">
        <ele>57.0</ele>
        <time>2026-08-26T18:02:35+02:00</time>
      </trkpt>
      <trkpt lon="16.694609" lat="43.451475">
        <ele>57.0</ele>
        <time>2026-08-26T18:02:36+02:00</time>
      </trkpt>
      <trkpt lon="16.694661" lat="43.45136">
        <ele>57.0</ele>
        <time>2026-08-26T18:02:37+02:00</time>
      </trkpt>
      <trkpt lon="16.694713" lat="43.451257">
        <ele>57.0</ele>
        <time>2026-08-26T18:02:38+02:00</time>
      </trkpt>
      <trkpt lon="16.694751" lat="43.451156">
        <ele>57.0</ele>
        <time>2026-08-26T18:02:39+02:00</time>
      </trkpt>
      <trkpt lon="16.694757" lat="43.451061">
        <ele>57.0</ele>
        <time>2026-08-26T18:02:40+02:00</time>
      </trkpt>
      <trkpt lon="16.694648" lat="43.450887">
        <ele>56.0</ele>
        <time>2026-08-26T18:02:42+02:00</time>
      </trkpt>
      <trkpt lon="16.69455" lat="43.450806">
        <ele>57.0</ele>
        <time>2026-08-26T18:02:43+02:00</time>
      </trkpt>
      <trkpt lon="16.694432" lat="43.450726">
        <ele>57.0</ele>
        <time>2026-08-26T18:02:44+02:00</time>
      </trkpt>
      <trkpt lon="16.694317" lat="43.450642">
        <ele>56.0</ele>
        <time>2026-08-26T18:02:45+02:00</time>
      </trkpt>
      <trkpt lon="16.694212" lat="43.450549">
        <ele>56.0</ele>
        <time>2026-08-26T18:02:46+02:00</time>
      </trkpt>
      <trkpt lon="16.694119" lat="43.450457">
        <ele>56.0</ele>
        <time>2026-08-26T18:02:47+02:00</time>
      </trkpt>
      <trkpt lon="16.694002" lat="43.450379">
        <ele>56.0</ele>
        <time>2026-08-26T18:02:48+02:00</time>
      </trkpt>
      <trkpt lon="16.693883" lat="43.450313">
        <ele>56.0</ele>
        <time>2026-08-26T18:02:49+02:00</time>
      </trkpt>
      <trkpt lon="16.693756" lat="43.45025">
        <ele>57.0</ele>
        <time>2026-08-26T18:02:50+02:00</time>
      </trkpt>
      <trkpt lon="16.69363" lat="43.450175">
        <ele>58.0</ele>
        <time>2026-08-26T18:02:51+02:00</time>
      </trkpt>
      <trkpt lon="16.693515" lat="43.45009">
        <ele>58.0</ele>
        <time>2026-08-26T18:02:52+02:00</time>
      </trkpt>
      <trkpt lon="16.69341" lat="43.449985">
        <ele>58.0</ele>
        <time>2026-08-26T18:02:53+02:00</time>
      </trkpt>
      <trkpt lon="16.693325" lat="43.449875">
        <ele>58.0</ele>
        <time>2026-08-26T18:02:54+02:00</time>
      </trkpt>
      <trkpt lon="16.693257" lat="43.449765">
        <ele>58.0</ele>
        <time>2026-08-26T18:02:55+02:00</time>
      </trkpt>
      <trkpt lon="16.693205" lat="43.449655">
        <ele>58.0</ele>
        <time>2026-08-26T18:02:56+02:00</time>
      </trkpt>
      <trkpt lon="16.693133" lat="43.449555">
        <ele>58.0</ele>
        <time>2026-08-26T18:02:57+02:00</time>
      </trkpt>
      <trkpt lon="16.693049" lat="43.449461">
        <ele>58.0</ele>
        <time>2026-08-26T18:02:58+02:00</time>
      </trkpt>
      <trkpt lon="16.692968" lat="43.449369">
        <ele>56.0</ele>
        <time>2026-08-26T18:02:59+02:00</time>
      </trkpt>
      <trkpt lon="16.692895" lat="43.44927">
        <ele>56.0</ele>
        <time>2026-08-26T18:03:00+02:00</time>
      </trkpt>
      <trkpt lon="16.692837" lat="43.449161">
        <ele>56.0</ele>
        <time>2026-08-26T18:03:01+02:00</time>
      </trkpt>
      <trkpt lon="16.692787" lat="43.449047">
        <ele>56.0</ele>
        <time>2026-08-26T18:03:02+02:00</time>
      </trkpt>
      <trkpt lon="16.692754" lat="43.448934">
        <ele>57.0</ele>
        <time>2026-08-26T18:03:03+02:00</time>
      </trkpt>
      <trkpt lon="16.692743" lat="43.448815">
        <ele>57.0</ele>
        <time>2026-08-26T18:03:04+02:00</time>
      </trkpt>
      <trkpt lon="16.692753" lat="43.448687">
        <ele>56.0</ele>
        <time>2026-08-26T18:03:05+02:00</time>
      </trkpt>
      <trkpt lon="16.692762" lat="43.448562">
        <ele>56.0</ele>
        <time>2026-08-26T18:03:06+02:00</time>
      </trkpt>
      <trkpt lon="16.692775" lat="43.448443">
        <ele>56.0</ele>
        <time>2026-08-26T18:03:07+02:00</time>
      </trkpt>
      <trkpt lon="16.692788" lat="43.448324">
        <ele>56.0</ele>
        <time>2026-08-26T18:03:08+02:00</time>
      </trkpt>
      <trkpt lon="16.692802" lat="43.448203">
        <ele>55.0</ele>
        <time>2026-08-26T18:03:09+02:00</time>
      </trkpt>
      <trkpt lon="16.692816" lat="43.448086">
        <ele>55.0</ele>
        <time>2026-08-26T18:03:10+02:00</time>
      </trkpt>
      <trkpt lon="16.692832" lat="43.447968">
        <ele>55.0</ele>
        <time>2026-08-26T18:03:11+02:00</time>
      </trkpt>
      <trkpt lon="16.692843" lat="43.44785">
        <ele>54.0</ele>
        <time>2026-08-26T18:03:12+02:00</time>
      </trkpt>
      <trkpt lon="16.692853" lat="43.447739">
        <ele>55.0</ele>
        <time>2026-08-26T18:03:13+02:00</time>
      </trkpt>
      <trkpt lon="16.692862" lat="43.44763">
        <ele>55.0</ele>
        <time>2026-08-26T18:03:14+02:00</time>
      </trkpt>
      <trkpt lon="16.692865" lat="43.447527">
        <ele>54.0</ele>
        <time>2026-08-26T18:03:15+02:00</time>
      </trkpt>
      <trkpt lon="16.692853" lat="43.447432">
        <ele>55.0</ele>
        <time>2026-08-26T18:03:16+02:00</time>
      </trkpt>
      <trkpt lon="16.692814" lat="43.44735">
        <ele>54.0</ele>
        <time>2026-08-26T18:03:17+02:00</time>
      </trkpt>
      <trkpt lon="16.69277" lat="43.44727">
        <ele>54.0</ele>
        <time>2026-08-26T18:03:18+02:00</time>
      </trkpt>
      <trkpt lon="16.692723" lat="43.447187">
        <ele>54.0</ele>
        <time>2026-08-26T18:03:19+02:00</time>
      </trkpt>
      <trkpt lon="16.692681" lat="43.44711">
        <ele>55.0</ele>
        <time>2026-08-26T18:03:20+02:00</time>
      </trkpt>
      <trkpt lon="16.692641" lat="43.447042">
        <ele>56.0</ele>
        <time>2026-08-26T18:03:21+02:00</time>
      </trkpt>
      <trkpt lon="16.692599" lat="43.446978">
        <ele>55.0</ele>
        <time>2026-08-26T18:03:22+02:00</time>
      </trkpt>
      <trkpt lon="16.692529" lat="43.446912">
        <ele>56.0</ele>
        <time>2026-08-26T18:03:23+02:00</time>
      </trkpt>
      <trkpt lon="16.69244" lat="43.446851">
        <ele>56.0</ele>
        <time>2026-08-26T18:03:24+02:00</time>
      </trkpt>
      <trkpt lon="16.692332" lat="43.446812">
        <ele>56.0</ele>
        <time>2026-08-26T18:03:25+02:00</time>
      </trkpt>
      <trkpt lon="16.692218" lat="43.446799">
        <ele>56.0</ele>
        <time>2026-08-26T18:03:26+02:00</time>
      </trkpt>
      <trkpt lon="16.692086" lat="43.446808">
        <ele>56.0</ele>
        <time>2026-08-26T18:03:27+02:00</time>
      </trkpt>
      <trkpt lon="16.691955" lat="43.446829">
        <ele>54.0</ele>
        <time>2026-08-26T18:03:28+02:00</time>
      </trkpt>
      <trkpt lon="16.691819" lat="43.446849">
        <ele>54.0</ele>
        <time>2026-08-26T18:03:29+02:00</time>
      </trkpt>
      <trkpt lon="16.691683" lat="43.446862">
        <ele>54.0</ele>
        <time>2026-08-26T18:03:30+02:00</time>
      </trkpt>
      <trkpt lon="16.691545" lat="43.446862">
        <ele>54.0</ele>
        <time>2026-08-26T18:03:31+02:00</time>
      </trkpt>
      <trkpt lon="16.691405" lat="43.446854">
        <ele>54.0</ele>
        <time>2026-08-26T18:03:32+02:00</time>
      </trkpt>
      <trkpt lon="16.691261" lat="43.446847">
        <ele>53.0</ele>
        <time>2026-08-26T18:03:33+02:00</time>
      </trkpt>
      <trkpt lon="16.691127" lat="43.446835">
        <ele>53.0</ele>
        <time>2026-08-26T18:03:34+02:00</time>
      </trkpt>
      <trkpt lon="16.690982" lat="43.446821">
        <ele>53.0</ele>
        <time>2026-08-26T18:03:35+02:00</time>
      </trkpt>
      <trkpt lon="16.690836" lat="43.446801">
        <ele>54.0</ele>
        <time>2026-08-26T18:03:36+02:00</time>
      </trkpt>
      <trkpt lon="16.690699" lat="43.446778">
        <ele>54.0</ele>
        <time>2026-08-26T18:03:37+02:00</time>
      </trkpt>
      <trkpt lon="16.690565" lat="43.44675">
        <ele>54.0</ele>
        <time>2026-08-26T18:03:38+02:00</time>
      </trkpt>
      <trkpt lon="16.690439" lat="43.446722">
        <ele>54.0</ele>
        <time>2026-08-26T18:03:39+02:00</time>
      </trkpt>
      <trkpt lon="16.690311" lat="43.446689">
        <ele>54.0</ele>
        <time>2026-08-26T18:03:40+02:00</time>
      </trkpt>
      <trkpt lon="16.690188" lat="43.446655">
        <ele>54.0</ele>
        <time>2026-08-26T18:03:41+02:00</time>
      </trkpt>
      <trkpt lon="16.689959" lat="43.446577">
        <ele>54.0</ele>
        <time>2026-08-26T18:03:43+02:00</time>
      </trkpt>
      <trkpt lon="16.689795" lat="43.446457">
        <ele>53.0</ele>
        <time>2026-08-26T18:03:45+02:00</time>
      </trkpt>
      <trkpt lon="16.68975" lat="43.446391">
        <ele>53.0</ele>
        <time>2026-08-26T18:03:46+02:00</time>
      </trkpt>
      <trkpt lon="16.689713" lat="43.446324">
        <ele>53.0</ele>
        <time>2026-08-26T18:03:47+02:00</time>
      </trkpt>
      <trkpt lon="16.68968" lat="43.446265">
        <ele>52.0</ele>
        <time>2026-08-26T18:03:48+02:00</time>
      </trkpt>
      <trkpt lon="16.689657" lat="43.446216">
        <ele>53.0</ele>
        <time>2026-08-26T18:03:49+02:00</time>
      </trkpt>
      <trkpt lon="16.689628" lat="43.446175">
        <ele>53.0</ele>
        <time>2026-08-26T18:03:50+02:00</time>
      </trkpt>
      <trkpt lon="16.689555" lat="43.446107">
        <ele>53.0</ele>
        <time>2026-08-26T18:03:52+02:00</time>
      </trkpt>
      <trkpt lon="16.689511" lat="43.446075">
        <ele>53.0</ele>
        <time>2026-08-26T18:03:53+02:00</time>
      </trkpt>
      <trkpt lon="16.689472" lat="43.446027">
        <ele>53.0</ele>
        <time>2026-08-26T18:03:54+02:00</time>
      </trkpt>
      <trkpt lon="16.68945" lat="43.445963">
        <ele>53.0</ele>
        <time>2026-08-26T18:03:55+02:00</time>
      </trkpt>
      <trkpt lon="16.689462" lat="43.445895">
        <ele>53.0</ele>
        <time>2026-08-26T18:03:56+02:00</time>
      </trkpt>
      <trkpt lon="16.689508" lat="43.445839">
        <ele>53.0</ele>
        <time>2026-08-26T18:03:57+02:00</time>
      </trkpt>
      <trkpt lon="16.68957" lat="43.445809">
        <ele>51.0</ele>
        <time>2026-08-26T18:03:58+02:00</time>
      </trkpt>
      <trkpt lon="16.689646" lat="43.445801">
        <ele>51.0</ele>
        <time>2026-08-26T18:03:59+02:00</time>
      </trkpt>
      <trkpt lon="16.68973" lat="43.445806">
        <ele>50.0</ele>
        <time>2026-08-26T18:04:00+02:00</time>
      </trkpt>
      <trkpt lon="16.689811" lat="43.445806">
        <ele>50.0</ele>
        <time>2026-08-26T18:04:01+02:00</time>
      </trkpt>
      <trkpt lon="16.689873" lat="43.445802">
        <ele>50.0</ele>
        <time>2026-08-26T18:04:02+02:00</time>
      </trkpt>
      <trkpt lon="16.689956" lat="43.445782">
        <ele>50.0</ele>
        <time>2026-08-26T18:04:04+02:00</time>
      </trkpt>
      <trkpt lon="16.689993" lat="43.44577">
        <ele>50.0</ele>
        <time>2026-08-26T18:04:07+02:00</time>
      </trkpt>
      <trkpt lon="16.690051" lat="43.445748">
        <ele>51.0</ele>
        <time>2026-08-26T18:04:12+02:00</time>
      </trkpt>
      <trkpt lon="16.690127" lat="43.445719">
        <ele>51.0</ele>
        <time>2026-08-26T18:04:14+02:00</time>
      </trkpt>
      <trkpt lon="16.690193" lat="43.445671">
        <ele>50.0</ele>
        <time>2026-08-26T18:04:16+02:00</time>
      </trkpt>
      <trkpt lon="16.690258" lat="43.445628">
        <ele>51.0</ele>
        <time>2026-08-26T18:04:18+02:00</time>
      </trkpt>
      <trkpt lon="16.690352" lat="43.44557">
        <ele>52.0</ele>
        <time>2026-08-26T18:04:20+02:00</time>
      </trkpt>
      <trkpt lon="16.690432" lat="43.445514">
        <ele>52.0</ele>
        <time>2026-08-26T18:04:22+02:00</time>
      </trkpt>
      <trkpt lon="16.690521" lat="43.445452">
        <ele>52.0</ele>
        <time>2026-08-26T18:04:24+02:00</time>
      </trkpt>
      <trkpt lon="16.690614" lat="43.445397">
        <ele>52.0</ele>
        <time>2026-08-26T18:04:26+02:00</time>
      </trkpt>
      <trkpt lon="16.690686" lat="43.445346">
        <ele>51.0</ele>
        <time>2026-08-26T18:04:28+02:00</time>
      </trkpt>
      <trkpt lon="16.690763" lat="43.445281">
        <ele>51.0</ele>
        <time>2026-08-26T18:04:30+02:00</time>
      </trkpt>
      <trkpt lon="16.690808" lat="43.445246">
        <ele>50.0</ele>
        <time>2026-08-26T18:04:31+02:00</time>
      </trkpt>
      <trkpt lon="16.690858" lat="43.44521">
        <ele>50.0</ele>
        <time>2026-08-26T18:04:32+02:00</time>
      </trkpt>
      <trkpt lon="16.690907" lat="43.445173">
        <ele>50.0</ele>
        <time>2026-08-26T18:04:33+02:00</time>
      </trkpt>
      <trkpt lon="16.69096" lat="43.44513">
        <ele>50.0</ele>
        <time>2026-08-26T18:04:34+02:00</time>
      </trkpt>
      <trkpt lon="16.691015" lat="43.445086">
        <ele>51.0</ele>
        <time>2026-08-26T18:04:35+02:00</time>
      </trkpt>
      <trkpt lon="16.691058" lat="43.445048">
        <ele>51.0</ele>
        <time>2026-08-26T18:04:36+02:00</time>
      </trkpt>
      <trkpt lon="16.691115" lat="43.445007">
        <ele>51.0</ele>
        <time>2026-08-26T18:04:38+02:00</time>
      </trkpt>
      <trkpt lon="16.691161" lat="43.444973">
        <ele>50.0</ele>
        <time>2026-08-26T18:04:40+02:00</time>
      </trkpt>
      <trkpt lon="16.691233" lat="43.44491">
        <ele>50.0</ele>
        <time>2026-08-26T18:04:42+02:00</time>
      </trkpt>
      <trkpt lon="16.691282" lat="43.44487">
        <ele>50.0</ele>
        <time>2026-08-26T18:04:43+02:00</time>
      </trkpt>
      <trkpt lon="16.691339" lat="43.444824">
        <ele>50.0</ele>
        <time>2026-08-26T18:04:44+02:00</time>
      </trkpt>
      <trkpt lon="16.691397" lat="43.444773">
        <ele>50.0</ele>
        <time>2026-08-26T18:04:45+02:00</time>
      </trkpt>
      <trkpt lon="16.691453" lat="43.444716">
        <ele>50.0</ele>
        <time>2026-08-26T18:04:46+02:00</time>
      </trkpt>
      <trkpt lon="16.691512" lat="43.444667">
        <ele>50.0</ele>
        <time>2026-08-26T18:04:47+02:00</time>
      </trkpt>
      <trkpt lon="16.691568" lat="43.444616">
        <ele>51.0</ele>
        <time>2026-08-26T18:04:48+02:00</time>
      </trkpt>
      <trkpt lon="16.69162" lat="43.444564">
        <ele>51.0</ele>
        <time>2026-08-26T18:04:49+02:00</time>
      </trkpt>
      <trkpt lon="16.691667" lat="43.444521">
        <ele>51.0</ele>
        <time>2026-08-26T18:04:50+02:00</time>
      </trkpt>
      <trkpt lon="16.691718" lat="43.44447">
        <ele>51.0</ele>
        <time>2026-08-26T18:04:51+02:00</time>
      </trkpt>
      <trkpt lon="16.69177" lat="43.444429">
        <ele>51.0</ele>
        <time>2026-08-26T18:04:52+02:00</time>
      </trkpt>
      <trkpt lon="16.691818" lat="43.444387">
        <ele>52.0</ele>
        <time>2026-08-26T18:04:53+02:00</time>
      </trkpt>
      <trkpt lon="16.69187" lat="43.444342">
        <ele>51.0</ele>
        <time>2026-08-26T18:04:54+02:00</time>
      </trkpt>
      <trkpt lon="16.691919" lat="43.444296">
        <ele>50.0</ele>
        <time>2026-08-26T18:04:55+02:00</time>
      </trkpt>
      <trkpt lon="16.691979" lat="43.444243">
        <ele>50.0</ele>
        <time>2026-08-26T18:04:56+02:00</time>
      </trkpt>
      <trkpt lon="16.69204" lat="43.444188">
        <ele>49.0</ele>
        <time>2026-08-26T18:04:57+02:00</time>
      </trkpt>
      <trkpt lon="16.692106" lat="43.444126">
        <ele>49.0</ele>
        <time>2026-08-26T18:04:58+02:00</time>
      </trkpt>
      <trkpt lon="16.69217" lat="43.444068">
        <ele>49.0</ele>
        <time>2026-08-26T18:04:59+02:00</time>
      </trkpt>
      <trkpt lon="16.692214" lat="43.444018">
        <ele>48.0</ele>
        <time>2026-08-26T18:05:00+02:00</time>
      </trkpt>
      <trkpt lon="16.69226" lat="43.443985">
        <ele>48.0</ele>
        <time>2026-08-26T18:05:01+02:00</time>
      </trkpt>
      <trkpt lon="16.692312" lat="43.443953">
        <ele>49.0</ele>
        <time>2026-08-26T18:05:02+02:00</time>
      </trkpt>
      <trkpt lon="16.692365" lat="43.443921">
        <ele>48.0</ele>
        <time>2026-08-26T18:05:03+02:00</time>
      </trkpt>
      <trkpt lon="16.692417" lat="43.443878">
        <ele>49.0</ele>
        <time>2026-08-26T18:05:04+02:00</time>
      </trkpt>
      <trkpt lon="16.69247" lat="43.443832">
        <ele>49.0</ele>
        <time>2026-08-26T18:05:05+02:00</time>
      </trkpt>
      <trkpt lon="16.692516" lat="43.443783">
        <ele>49.0</ele>
        <time>2026-08-26T18:05:06+02:00</time>
      </trkpt>
      <trkpt lon="16.692563" lat="43.443732">
        <ele>49.0</ele>
        <time>2026-08-26T18:05:07+02:00</time>
      </trkpt>
      <trkpt lon="16.692614" lat="43.443687">
        <ele>49.0</ele>
        <time>2026-08-26T18:05:08+02:00</time>
      </trkpt>
      <trkpt lon="16.69267" lat="43.443641">
        <ele>49.0</ele>
        <time>2026-08-26T18:05:09+02:00</time>
      </trkpt>
      <trkpt lon="16.692721" lat="43.443599">
        <ele>48.0</ele>
        <time>2026-08-26T18:05:10+02:00</time>
      </trkpt>
      <trkpt lon="16.692766" lat="43.443564">
        <ele>49.0</ele>
        <time>2026-08-26T18:05:11+02:00</time>
      </trkpt>
      <trkpt lon="16.692815" lat="43.443516">
        <ele>48.0</ele>
        <time>2026-08-26T18:05:13+02:00</time>
      </trkpt>
      <trkpt lon="16.692856" lat="43.443467">
        <ele>49.0</ele>
        <time>2026-08-26T18:05:16+02:00</time>
      </trkpt>
      <trkpt lon="16.692928" lat="43.443405">
        <ele>50.0</ele>
        <time>2026-08-26T18:05:18+02:00</time>
      </trkpt>
      <trkpt lon="16.692973" lat="43.443367">
        <ele>50.0</ele>
        <time>2026-08-26T18:05:19+02:00</time>
      </trkpt>
      <trkpt lon="16.693032" lat="43.443317">
        <ele>50.0</ele>
        <time>2026-08-26T18:05:20+02:00</time>
      </trkpt>
      <trkpt lon="16.693091" lat="43.443264">
        <ele>51.0</ele>
        <time>2026-08-26T18:05:21+02:00</time>
      </trkpt>
      <trkpt lon="16.693152" lat="43.443205">
        <ele>51.0</ele>
        <time>2026-08-26T18:05:22+02:00</time>
      </trkpt>
      <trkpt lon="16.693226" lat="43.443138">
        <ele>51.0</ele>
        <time>2026-08-26T18:05:23+02:00</time>
      </trkpt>
      <trkpt lon="16.693301" lat="43.443078">
        <ele>51.0</ele>
        <time>2026-08-26T18:05:24+02:00</time>
      </trkpt>
      <trkpt lon="16.693373" lat="43.443012">
        <ele>51.0</ele>
        <time>2026-08-26T18:05:25+02:00</time>
      </trkpt>
      <trkpt lon="16.693443" lat="43.442946">
        <ele>50.0</ele>
        <time>2026-08-26T18:05:26+02:00</time>
      </trkpt>
      <trkpt lon="16.693516" lat="43.442881">
        <ele>50.0</ele>
        <time>2026-08-26T18:05:27+02:00</time>
      </trkpt>
      <trkpt lon="16.693586" lat="43.44282">
        <ele>50.0</ele>
        <time>2026-08-26T18:05:28+02:00</time>
      </trkpt>
      <trkpt lon="16.693659" lat="43.442756">
        <ele>50.0</ele>
        <time>2026-08-26T18:05:29+02:00</time>
      </trkpt>
      <trkpt lon="16.693728" lat="43.442689">
        <ele>49.0</ele>
        <time>2026-08-26T18:05:30+02:00</time>
      </trkpt>
      <trkpt lon="16.693791" lat="43.442635">
        <ele>49.0</ele>
        <time>2026-08-26T18:05:31+02:00</time>
      </trkpt>
      <trkpt lon="16.693844" lat="43.442589">
        <ele>49.0</ele>
        <time>2026-08-26T18:05:32+02:00</time>
      </trkpt>
      <trkpt lon="16.693897" lat="43.44255">
        <ele>49.0</ele>
        <time>2026-08-26T18:05:33+02:00</time>
      </trkpt>
      <trkpt lon="16.693966" lat="43.442512">
        <ele>50.0</ele>
        <time>2026-08-26T18:05:34+02:00</time>
      </trkpt>
      <trkpt lon="16.694043" lat="43.442469">
        <ele>48.0</ele>
        <time>2026-08-26T18:05:35+02:00</time>
      </trkpt>
      <trkpt lon="16.694139" lat="43.442423">
        <ele>48.0</ele>
        <time>2026-08-26T18:05:36+02:00</time>
      </trkpt>
      <trkpt lon="16.694236" lat="43.442376">
        <ele>49.0</ele>
        <time>2026-08-26T18:05:37+02:00</time>
      </trkpt>
      <trkpt lon="16.69434" lat="43.44233">
        <ele>49.0</ele>
        <time>2026-08-26T18:05:38+02:00</time>
      </trkpt>
      <trkpt lon="16.694438" lat="43.442288">
        <ele>47.0</ele>
        <time>2026-08-26T18:05:39+02:00</time>
      </trkpt>
      <trkpt lon="16.694533" lat="43.442254">
        <ele>47.0</ele>
        <time>2026-08-26T18:05:40+02:00</time>
      </trkpt>
      <trkpt lon="16.694634" lat="43.442213">
        <ele>48.0</ele>
        <time>2026-08-26T18:05:41+02:00</time>
      </trkpt>
      <trkpt lon="16.69474" lat="43.442167">
        <ele>49.0</ele>
        <time>2026-08-26T18:05:42+02:00</time>
      </trkpt>
      <trkpt lon="16.694845" lat="43.442117">
        <ele>48.0</ele>
        <time>2026-08-26T18:05:43+02:00</time>
      </trkpt>
      <trkpt lon="16.694949" lat="43.442059">
        <ele>48.0</ele>
        <time>2026-08-26T18:05:44+02:00</time>
      </trkpt>
      <trkpt lon="16.695054" lat="43.441994">
        <ele>49.0</ele>
        <time>2026-08-26T18:05:45+02:00</time>
      </trkpt>
      <trkpt lon="16.695162" lat="43.441925">
        <ele>49.0</ele>
        <time>2026-08-26T18:05:46+02:00</time>
      </trkpt>
      <trkpt lon="16.695272" lat="43.441852">
        <ele>50.0</ele>
        <time>2026-08-26T18:05:47+02:00</time>
      </trkpt>
      <trkpt lon="16.695383" lat="43.441776">
        <ele>50.0</ele>
        <time>2026-08-26T18:05:48+02:00</time>
      </trkpt>
      <trkpt lon="16.695507" lat="43.441699">
        <ele>51.0</ele>
        <time>2026-08-26T18:05:49+02:00</time>
      </trkpt>
      <trkpt lon="16.695625" lat="43.441626">
        <ele>51.0</ele>
        <time>2026-08-26T18:05:50+02:00</time>
      </trkpt>
      <trkpt lon="16.695743" lat="43.441554">
        <ele>52.0</ele>
        <time>2026-08-26T18:05:51+02:00</time>
      </trkpt>
      <trkpt lon="16.69586" lat="43.441489">
        <ele>52.0</ele>
        <time>2026-08-26T18:05:52+02:00</time>
      </trkpt>
      <trkpt lon="16.695996" lat="43.441421">
        <ele>52.0</ele>
        <time>2026-08-26T18:05:53+02:00</time>
      </trkpt>
      <trkpt lon="16.69613" lat="43.441344">
        <ele>52.0</ele>
        <time>2026-08-26T18:05:54+02:00</time>
      </trkpt>
      <trkpt lon="16.696273" lat="43.441265">
        <ele>51.0</ele>
        <time>2026-08-26T18:05:55+02:00</time>
      </trkpt>
      <trkpt lon="16.696421" lat="43.441187">
        <ele>50.0</ele>
        <time>2026-08-26T18:05:56+02:00</time>
      </trkpt>
      <trkpt lon="16.696563" lat="43.441108">
        <ele>50.0</ele>
        <time>2026-08-26T18:05:57+02:00</time>
      </trkpt>
      <trkpt lon="16.696689" lat="43.44103">
        <ele>51.0</ele>
        <time>2026-08-26T18:05:58+02:00</time>
      </trkpt>
      <trkpt lon="16.696799" lat="43.440954">
        <ele>49.0</ele>
        <time>2026-08-26T18:05:59+02:00</time>
      </trkpt>
      <trkpt lon="16.696903" lat="43.440871">
        <ele>49.0</ele>
        <time>2026-08-26T18:06:00+02:00</time>
      </trkpt>
      <trkpt lon="16.697" lat="43.440789">
        <ele>49.0</ele>
        <time>2026-08-26T18:06:01+02:00</time>
      </trkpt>
      <trkpt lon="16.69708" lat="43.440707">
        <ele>48.0</ele>
        <time>2026-08-26T18:06:02+02:00</time>
      </trkpt>
      <trkpt lon="16.697149" lat="43.440628">
        <ele>49.0</ele>
        <time>2026-08-26T18:06:03+02:00</time>
      </trkpt>
      <trkpt lon="16.697218" lat="43.440551">
        <ele>49.0</ele>
        <time>2026-08-26T18:06:04+02:00</time>
      </trkpt>
      <trkpt lon="16.697283" lat="43.440472">
        <ele>49.0</ele>
        <time>2026-08-26T18:06:05+02:00</time>
      </trkpt>
      <trkpt lon="16.697348" lat="43.440382">
        <ele>48.0</ele>
        <time>2026-08-26T18:06:06+02:00</time>
      </trkpt>
      <trkpt lon="16.697401" lat="43.440286">
        <ele>49.0</ele>
        <time>2026-08-26T18:06:07+02:00</time>
      </trkpt>
      <trkpt lon="16.69745" lat="43.440202">
        <ele>47.0</ele>
        <time>2026-08-26T18:06:08+02:00</time>
      </trkpt>
      <trkpt lon="16.697504" lat="43.440117">
        <ele>48.0</ele>
        <time>2026-08-26T18:06:09+02:00</time>
      </trkpt>
      <trkpt lon="16.697564" lat="43.440032">
        <ele>49.0</ele>
        <time>2026-08-26T18:06:10+02:00</time>
      </trkpt>
      <trkpt lon="16.697633" lat="43.439941">
        <ele>49.0</ele>
        <time>2026-08-26T18:06:11+02:00</time>
      </trkpt>
      <trkpt lon="16.697701" lat="43.439851">
        <ele>49.0</ele>
        <time>2026-08-26T18:06:12+02:00</time>
      </trkpt>
      <trkpt lon="16.697766" lat="43.439756">
        <ele>48.0</ele>
        <time>2026-08-26T18:06:13+02:00</time>
      </trkpt>
      <trkpt lon="16.697829" lat="43.439661">
        <ele>49.0</ele>
        <time>2026-08-26T18:06:14+02:00</time>
      </trkpt>
      <trkpt lon="16.697894" lat="43.439561">
        <ele>49.0</ele>
        <time>2026-08-26T18:06:15+02:00</time>
      </trkpt>
      <trkpt lon="16.697961" lat="43.439469">
        <ele>49.0</ele>
        <time>2026-08-26T18:06:16+02:00</time>
      </trkpt>
      <trkpt lon="16.698035" lat="43.439365">
        <ele>50.0</ele>
        <time>2026-08-26T18:06:17+02:00</time>
      </trkpt>
      <trkpt lon="16.698107" lat="43.439271">
        <ele>51.0</ele>
        <time>2026-08-26T18:06:18+02:00</time>
      </trkpt>
      <trkpt lon="16.698179" lat="43.439171">
        <ele>51.0</ele>
        <time>2026-08-26T18:06:19+02:00</time>
      </trkpt>
      <trkpt lon="16.698253" lat="43.439075">
        <ele>51.0</ele>
        <time>2026-08-26T18:06:20+02:00</time>
      </trkpt>
      <trkpt lon="16.69833" lat="43.43898">
        <ele>51.0</ele>
        <time>2026-08-26T18:06:21+02:00</time>
      </trkpt>
      <trkpt lon="16.698414" lat="43.438888">
        <ele>51.0</ele>
        <time>2026-08-26T18:06:22+02:00</time>
      </trkpt>
      <trkpt lon="16.698503" lat="43.438794">
        <ele>51.0</ele>
        <time>2026-08-26T18:06:23+02:00</time>
      </trkpt>
      <trkpt lon="16.698595" lat="43.438707">
        <ele>52.0</ele>
        <time>2026-08-26T18:06:24+02:00</time>
      </trkpt>
      <trkpt lon="16.698685" lat="43.438623">
        <ele>52.0</ele>
        <time>2026-08-26T18:06:25+02:00</time>
      </trkpt>
      <trkpt lon="16.698789" lat="43.438544">
        <ele>51.0</ele>
        <time>2026-08-26T18:06:26+02:00</time>
      </trkpt>
      <trkpt lon="16.698904" lat="43.438471">
        <ele>51.0</ele>
        <time>2026-08-26T18:06:27+02:00</time>
      </trkpt>
      <trkpt lon="16.699014" lat="43.438406">
        <ele>52.0</ele>
        <time>2026-08-26T18:06:28+02:00</time>
      </trkpt>
      <trkpt lon="16.699142" lat="43.438343">
        <ele>51.0</ele>
        <time>2026-08-26T18:06:29+02:00</time>
      </trkpt>
      <trkpt lon="16.699267" lat="43.43828">
        <ele>51.0</ele>
        <time>2026-08-26T18:06:30+02:00</time>
      </trkpt>
      <trkpt lon="16.6994" lat="43.438218">
        <ele>52.0</ele>
        <time>2026-08-26T18:06:31+02:00</time>
      </trkpt>
      <trkpt lon="16.699535" lat="43.438157">
        <ele>51.0</ele>
        <time>2026-08-26T18:06:32+02:00</time>
      </trkpt>
      <trkpt lon="16.699671" lat="43.438101">
        <ele>53.0</ele>
        <time>2026-08-26T18:06:33+02:00</time>
      </trkpt>
      <trkpt lon="16.699796" lat="43.438049">
        <ele>52.0</ele>
        <time>2026-08-26T18:06:34+02:00</time>
      </trkpt>
      <trkpt lon="16.699928" lat="43.437997">
        <ele>53.0</ele>
        <time>2026-08-26T18:06:35+02:00</time>
      </trkpt>
      <trkpt lon="16.700068" lat="43.437943">
        <ele>54.0</ele>
        <time>2026-08-26T18:06:36+02:00</time>
      </trkpt>
      <trkpt lon="16.700208" lat="43.437892">
        <ele>54.0</ele>
        <time>2026-08-26T18:06:37+02:00</time>
      </trkpt>
      <trkpt lon="16.700339" lat="43.437836">
        <ele>53.0</ele>
        <time>2026-08-26T18:06:38+02:00</time>
      </trkpt>
      <trkpt lon="16.700474" lat="43.43778">
        <ele>52.0</ele>
        <time>2026-08-26T18:06:39+02:00</time>
      </trkpt>
      <trkpt lon="16.700608" lat="43.437726">
        <ele>54.0</ele>
        <time>2026-08-26T18:06:40+02:00</time>
      </trkpt>
      <trkpt lon="16.700731" lat="43.437675">
        <ele>54.0</ele>
        <time>2026-08-26T18:06:41+02:00</time>
      </trkpt>
      <trkpt lon="16.700846" lat="43.437624">
        <ele>55.0</ele>
        <time>2026-08-26T18:06:42+02:00</time>
      </trkpt>
      <trkpt lon="16.700959" lat="43.437567">
        <ele>54.0</ele>
        <time>2026-08-26T18:06:43+02:00</time>
      </trkpt>
      <trkpt lon="16.701068" lat="43.43751">
        <ele>55.0</ele>
        <time>2026-08-26T18:06:44+02:00</time>
      </trkpt>
      <trkpt lon="16.701173" lat="43.437442">
        <ele>55.0</ele>
        <time>2026-08-26T18:06:45+02:00</time>
      </trkpt>
      <trkpt lon="16.701272" lat="43.43737">
        <ele>56.0</ele>
        <time>2026-08-26T18:06:46+02:00</time>
      </trkpt>
      <trkpt lon="16.701368" lat="43.43729">
        <ele>56.0</ele>
        <time>2026-08-26T18:06:47+02:00</time>
      </trkpt>
      <trkpt lon="16.701455" lat="43.437201">
        <ele>57.0</ele>
        <time>2026-08-26T18:06:48+02:00</time>
      </trkpt>
      <trkpt lon="16.701545" lat="43.437101">
        <ele>58.0</ele>
        <time>2026-08-26T18:06:49+02:00</time>
      </trkpt>
      <trkpt lon="16.701621" lat="43.437004">
        <ele>59.0</ele>
        <time>2026-08-26T18:06:50+02:00</time>
      </trkpt>
      <trkpt lon="16.701697" lat="43.436904">
        <ele>59.0</ele>
        <time>2026-08-26T18:06:51+02:00</time>
      </trkpt>
      <trkpt lon="16.701776" lat="43.436801">
        <ele>61.0</ele>
        <time>2026-08-26T18:06:52+02:00</time>
      </trkpt>
      <trkpt lon="16.70186" lat="43.436697">
        <ele>60.0</ele>
        <time>2026-08-26T18:06:53+02:00</time>
      </trkpt>
      <trkpt lon="16.701955" lat="43.436592">
        <ele>61.0</ele>
        <time>2026-08-26T18:06:54+02:00</time>
      </trkpt>
      <trkpt lon="16.702058" lat="43.436489">
        <ele>60.0</ele>
        <time>2026-08-26T18:06:55+02:00</time>
      </trkpt>
      <trkpt lon="16.702173" lat="43.436381">
        <ele>59.0</ele>
        <time>2026-08-26T18:06:56+02:00</time>
      </trkpt>
      <trkpt lon="16.702308" lat="43.436279">
        <ele>60.0</ele>
        <time>2026-08-26T18:06:57+02:00</time>
      </trkpt>
      <trkpt lon="16.702456" lat="43.43619">
        <ele>61.0</ele>
        <time>2026-08-26T18:06:58+02:00</time>
      </trkpt>
      <trkpt lon="16.702621" lat="43.436108">
        <ele>62.0</ele>
        <time>2026-08-26T18:06:59+02:00</time>
      </trkpt>
      <trkpt lon="16.702802" lat="43.436041">
        <ele>62.0</ele>
        <time>2026-08-26T18:07:00+02:00</time>
      </trkpt>
      <trkpt lon="16.702979" lat="43.435987">
        <ele>64.0</ele>
        <time>2026-08-26T18:07:01+02:00</time>
      </trkpt>
      <trkpt lon="16.703168" lat="43.435936">
        <ele>64.0</ele>
        <time>2026-08-26T18:07:02+02:00</time>
      </trkpt>
      <trkpt lon="16.703339" lat="43.435892">
        <ele>66.0</ele>
        <time>2026-08-26T18:07:03+02:00</time>
      </trkpt>
      <trkpt lon="16.703523" lat="43.435836">
        <ele>66.0</ele>
        <time>2026-08-26T18:07:04+02:00</time>
      </trkpt>
      <trkpt lon="16.703667" lat="43.435775">
        <ele>67.0</ele>
        <time>2026-08-26T18:07:05+02:00</time>
      </trkpt>
      <trkpt lon="16.703798" lat="43.435704">
        <ele>68.0</ele>
        <time>2026-08-26T18:07:06+02:00</time>
      </trkpt>
      <trkpt lon="16.70392" lat="43.435613">
        <ele>69.0</ele>
        <time>2026-08-26T18:07:07+02:00</time>
      </trkpt>
      <trkpt lon="16.704018" lat="43.435517">
        <ele>69.0</ele>
        <time>2026-08-26T18:07:08+02:00</time>
      </trkpt>
      <trkpt lon="16.704112" lat="43.435405">
        <ele>69.0</ele>
        <time>2026-08-26T18:07:09+02:00</time>
      </trkpt>
      <trkpt lon="16.704185" lat="43.435285">
        <ele>71.0</ele>
        <time>2026-08-26T18:07:10+02:00</time>
      </trkpt>
      <trkpt lon="16.70425" lat="43.435151">
        <ele>71.0</ele>
        <time>2026-08-26T18:07:11+02:00</time>
      </trkpt>
      <trkpt lon="16.704304" lat="43.435017">
        <ele>72.0</ele>
        <time>2026-08-26T18:07:12+02:00</time>
      </trkpt>
      <trkpt lon="16.70436" lat="43.434883">
        <ele>72.0</ele>
        <time>2026-08-26T18:07:13+02:00</time>
      </trkpt>
      <trkpt lon="16.704401" lat="43.434747">
        <ele>73.0</ele>
        <time>2026-08-26T18:07:14+02:00</time>
      </trkpt>
      <trkpt lon="16.704441" lat="43.434616">
        <ele>74.0</ele>
        <time>2026-08-26T18:07:15+02:00</time>
      </trkpt>
      <trkpt lon="16.70448" lat="43.434484">
        <ele>76.0</ele>
        <time>2026-08-26T18:07:16+02:00</time>
      </trkpt>
      <trkpt lon="16.704517" lat="43.434347">
        <ele>77.0</ele>
        <time>2026-08-26T18:07:17+02:00</time>
      </trkpt>
      <trkpt lon="16.70456" lat="43.434218">
        <ele>78.0</ele>
        <time>2026-08-26T18:07:18+02:00</time>
      </trkpt>
      <trkpt lon="16.704607" lat="43.434091">
        <ele>79.0</ele>
        <time>2026-08-26T18:07:19+02:00</time>
      </trkpt>
      <trkpt lon="16.70466" lat="43.433958">
        <ele>80.0</ele>
        <time>2026-08-26T18:07:20+02:00</time>
      </trkpt>
      <trkpt lon="16.704716" lat="43.433825">
        <ele>81.0</ele>
        <time>2026-08-26T18:07:21+02:00</time>
      </trkpt>
      <trkpt lon="16.704779" lat="43.433697">
        <ele>82.0</ele>
        <time>2026-08-26T18:07:22+02:00</time>
      </trkpt>
      <trkpt lon="16.704844" lat="43.433571">
        <ele>81.0</ele>
        <time>2026-08-26T18:07:23+02:00</time>
      </trkpt>
      <trkpt lon="16.704913" lat="43.433437">
        <ele>82.0</ele>
        <time>2026-08-26T18:07:24+02:00</time>
      </trkpt>
      <trkpt lon="16.704982" lat="43.43331">
        <ele>81.0</ele>
        <time>2026-08-26T18:07:25+02:00</time>
      </trkpt>
      <trkpt lon="16.705042" lat="43.433187">
        <ele>81.0</ele>
        <time>2026-08-26T18:07:26+02:00</time>
      </trkpt>
      <trkpt lon="16.705089" lat="43.433055">
        <ele>81.0</ele>
        <time>2026-08-26T18:07:27+02:00</time>
      </trkpt>
      <trkpt lon="16.705128" lat="43.432919">
        <ele>83.0</ele>
        <time>2026-08-26T18:07:28+02:00</time>
      </trkpt>
      <trkpt lon="16.70516" lat="43.432794">
        <ele>84.0</ele>
        <time>2026-08-26T18:07:29+02:00</time>
      </trkpt>
      <trkpt lon="16.705184" lat="43.432668">
        <ele>84.0</ele>
        <time>2026-08-26T18:07:30+02:00</time>
      </trkpt>
      <trkpt lon="16.705212" lat="43.432544">
        <ele>84.0</ele>
        <time>2026-08-26T18:07:31+02:00</time>
      </trkpt>
      <trkpt lon="16.705243" lat="43.432412">
        <ele>85.0</ele>
        <time>2026-08-26T18:07:32+02:00</time>
      </trkpt>
      <trkpt lon="16.705279" lat="43.43229">
        <ele>85.0</ele>
        <time>2026-08-26T18:07:33+02:00</time>
      </trkpt>
      <trkpt lon="16.70533" lat="43.432159">
        <ele>85.0</ele>
        <time>2026-08-26T18:07:34+02:00</time>
      </trkpt>
      <trkpt lon="16.705393" lat="43.432035">
        <ele>86.0</ele>
        <time>2026-08-26T18:07:35+02:00</time>
      </trkpt>
      <trkpt lon="16.705479" lat="43.431908">
        <ele>87.0</ele>
        <time>2026-08-26T18:07:36+02:00</time>
      </trkpt>
      <trkpt lon="16.705579" lat="43.431796">
        <ele>86.0</ele>
        <time>2026-08-26T18:07:37+02:00</time>
      </trkpt>
      <trkpt lon="16.705699" lat="43.431693">
        <ele>87.0</ele>
        <time>2026-08-26T18:07:38+02:00</time>
      </trkpt>
      <trkpt lon="16.705832" lat="43.431594">
        <ele>88.0</ele>
        <time>2026-08-26T18:07:39+02:00</time>
      </trkpt>
      <trkpt lon="16.705973" lat="43.431511">
        <ele>89.0</ele>
        <time>2026-08-26T18:07:40+02:00</time>
      </trkpt>
      <trkpt lon="16.706128" lat="43.431431">
        <ele>88.0</ele>
        <time>2026-08-26T18:07:41+02:00</time>
      </trkpt>
      <trkpt lon="16.706287" lat="43.431369">
        <ele>89.0</ele>
        <time>2026-08-26T18:07:42+02:00</time>
      </trkpt>
      <trkpt lon="16.706449" lat="43.431318">
        <ele>89.0</ele>
        <time>2026-08-26T18:07:43+02:00</time>
      </trkpt>
      <trkpt lon="16.706616" lat="43.431278">
        <ele>89.0</ele>
        <time>2026-08-26T18:07:44+02:00</time>
      </trkpt>
      <trkpt lon="16.706791" lat="43.431241">
        <ele>89.0</ele>
        <time>2026-08-26T18:07:45+02:00</time>
      </trkpt>
      <trkpt lon="16.706959" lat="43.431208">
        <ele>90.0</ele>
        <time>2026-08-26T18:07:46+02:00</time>
      </trkpt>
      <trkpt lon="16.70714" lat="43.431165">
        <ele>90.0</ele>
        <time>2026-08-26T18:07:47+02:00</time>
      </trkpt>
      <trkpt lon="16.70731" lat="43.431114">
        <ele>91.0</ele>
        <time>2026-08-26T18:07:48+02:00</time>
      </trkpt>
      <trkpt lon="16.707475" lat="43.431054">
        <ele>91.0</ele>
        <time>2026-08-26T18:07:49+02:00</time>
      </trkpt>
      <trkpt lon="16.707638" lat="43.430981">
        <ele>91.0</ele>
        <time>2026-08-26T18:07:50+02:00</time>
      </trkpt>
      <trkpt lon="16.707778" lat="43.430905">
        <ele>92.0</ele>
        <time>2026-08-26T18:07:51+02:00</time>
      </trkpt>
      <trkpt lon="16.707914" lat="43.430811">
        <ele>92.0</ele>
        <time>2026-08-26T18:07:52+02:00</time>
      </trkpt>
      <trkpt lon="16.708029" lat="43.430712">
        <ele>92.0</ele>
        <time>2026-08-26T18:07:53+02:00</time>
      </trkpt>
      <trkpt lon="16.708144" lat="43.430596">
        <ele>92.0</ele>
        <time>2026-08-26T18:07:54+02:00</time>
      </trkpt>
      <trkpt lon="16.708251" lat="43.430468">
        <ele>91.0</ele>
        <time>2026-08-26T18:07:55+02:00</time>
      </trkpt>
      <trkpt lon="16.708338" lat="43.430332">
        <ele>92.0</ele>
        <time>2026-08-26T18:07:56+02:00</time>
      </trkpt>
      <trkpt lon="16.708413" lat="43.430195">
        <ele>94.0</ele>
        <time>2026-08-26T18:07:57+02:00</time>
      </trkpt>
      <trkpt lon="16.708466" lat="43.430068">
        <ele>95.0</ele>
        <time>2026-08-26T18:07:58+02:00</time>
      </trkpt>
      <trkpt lon="16.708515" lat="43.429933">
        <ele>95.0</ele>
        <time>2026-08-26T18:07:59+02:00</time>
      </trkpt>
      <trkpt lon="16.708545" lat="43.429796">
        <ele>97.0</ele>
        <time>2026-08-26T18:08:00+02:00</time>
      </trkpt>
      <trkpt lon="16.708574" lat="43.429663">
        <ele>97.0</ele>
        <time>2026-08-26T18:08:01+02:00</time>
      </trkpt>
      <trkpt lon="16.708604" lat="43.429519">
        <ele>98.0</ele>
        <time>2026-08-26T18:08:02+02:00</time>
      </trkpt>
      <trkpt lon="16.708629" lat="43.429391">
        <ele>98.0</ele>
        <time>2026-08-26T18:08:03+02:00</time>
      </trkpt>
      <trkpt lon="16.708656" lat="43.42926">
        <ele>98.0</ele>
        <time>2026-08-26T18:08:04+02:00</time>
      </trkpt>
      <trkpt lon="16.708678" lat="43.429131">
        <ele>99.0</ele>
        <time>2026-08-26T18:08:05+02:00</time>
      </trkpt>
      <trkpt lon="16.708703" lat="43.428996">
        <ele>100.0</ele>
        <time>2026-08-26T18:08:06+02:00</time>
      </trkpt>
      <trkpt lon="16.708733" lat="43.428858">
        <ele>101.0</ele>
        <time>2026-08-26T18:08:07+02:00</time>
      </trkpt>
      <trkpt lon="16.70877" lat="43.428721">
        <ele>101.0</ele>
        <time>2026-08-26T18:08:08+02:00</time>
      </trkpt>
      <trkpt lon="16.708832" lat="43.42858">
        <ele>104.0</ele>
        <time>2026-08-26T18:08:09+02:00</time>
      </trkpt>
      <trkpt lon="16.708915" lat="43.428443">
        <ele>104.0</ele>
        <time>2026-08-26T18:08:10+02:00</time>
      </trkpt>
      <trkpt lon="16.709005" lat="43.428324">
        <ele>105.0</ele>
        <time>2026-08-26T18:08:11+02:00</time>
      </trkpt>
      <trkpt lon="16.709118" lat="43.428208">
        <ele>105.0</ele>
        <time>2026-08-26T18:08:12+02:00</time>
      </trkpt>
      <trkpt lon="16.709239" lat="43.428108">
        <ele>106.0</ele>
        <time>2026-08-26T18:08:13+02:00</time>
      </trkpt>
      <trkpt lon="16.709369" lat="43.428018">
        <ele>107.0</ele>
        <time>2026-08-26T18:08:14+02:00</time>
      </trkpt>
      <trkpt lon="16.709506" lat="43.427939">
        <ele>108.0</ele>
        <time>2026-08-26T18:08:15+02:00</time>
      </trkpt>
      <trkpt lon="16.709652" lat="43.427867">
        <ele>109.0</ele>
        <time>2026-08-26T18:08:16+02:00</time>
      </trkpt>
      <trkpt lon="16.709813" lat="43.427801">
        <ele>110.0</ele>
        <time>2026-08-26T18:08:17+02:00</time>
      </trkpt>
      <trkpt lon="16.709969" lat="43.427745">
        <ele>110.0</ele>
        <time>2026-08-26T18:08:18+02:00</time>
      </trkpt>
      <trkpt lon="16.710127" lat="43.427688">
        <ele>110.0</ele>
        <time>2026-08-26T18:08:19+02:00</time>
      </trkpt>
      <trkpt lon="16.710294" lat="43.427622">
        <ele>113.0</ele>
        <time>2026-08-26T18:08:20+02:00</time>
      </trkpt>
      <trkpt lon="16.710428" lat="43.427567">
        <ele>113.0</ele>
        <time>2026-08-26T18:08:21+02:00</time>
      </trkpt>
      <trkpt lon="16.710564" lat="43.427509">
        <ele>112.0</ele>
        <time>2026-08-26T18:08:22+02:00</time>
      </trkpt>
      <trkpt lon="16.710699" lat="43.427454">
        <ele>113.0</ele>
        <time>2026-08-26T18:08:23+02:00</time>
      </trkpt>
      <trkpt lon="16.710835" lat="43.427397">
        <ele>112.0</ele>
        <time>2026-08-26T18:08:24+02:00</time>
      </trkpt>
      <trkpt lon="16.710969" lat="43.427343">
        <ele>113.0</ele>
        <time>2026-08-26T18:08:25+02:00</time>
      </trkpt>
      <trkpt lon="16.711104" lat="43.427276">
        <ele>113.0</ele>
        <time>2026-08-26T18:08:26+02:00</time>
      </trkpt>
      <trkpt lon="16.711218" lat="43.427209">
        <ele>113.0</ele>
        <time>2026-08-26T18:08:27+02:00</time>
      </trkpt>
      <trkpt lon="16.711329" lat="43.427127">
        <ele>114.0</ele>
        <time>2026-08-26T18:08:28+02:00</time>
      </trkpt>
      <trkpt lon="16.711428" lat="43.427038">
        <ele>115.0</ele>
        <time>2026-08-26T18:08:29+02:00</time>
      </trkpt>
      <trkpt lon="16.711509" lat="43.426945">
        <ele>116.0</ele>
        <time>2026-08-26T18:08:30+02:00</time>
      </trkpt>
      <trkpt lon="16.711573" lat="43.426843">
        <ele>116.0</ele>
        <time>2026-08-26T18:08:31+02:00</time>
      </trkpt>
      <trkpt lon="16.711617" lat="43.426736">
        <ele>117.0</ele>
        <time>2026-08-26T18:08:32+02:00</time>
      </trkpt>
      <trkpt lon="16.711656" lat="43.426618">
        <ele>117.0</ele>
        <time>2026-08-26T18:08:33+02:00</time>
      </trkpt>
      <trkpt lon="16.71168" lat="43.426499">
        <ele>118.0</ele>
        <time>2026-08-26T18:08:34+02:00</time>
      </trkpt>
      <trkpt lon="16.711693" lat="43.426384">
        <ele>118.0</ele>
        <time>2026-08-26T18:08:35+02:00</time>
      </trkpt>
      <trkpt lon="16.711699" lat="43.426253">
        <ele>118.0</ele>
        <time>2026-08-26T18:08:36+02:00</time>
      </trkpt>
      <trkpt lon="16.7117" lat="43.426133">
        <ele>119.0</ele>
        <time>2026-08-26T18:08:37+02:00</time>
      </trkpt>
      <trkpt lon="16.711703" lat="43.426013">
        <ele>119.0</ele>
        <time>2026-08-26T18:08:38+02:00</time>
      </trkpt>
      <trkpt lon="16.711708" lat="43.42589">
        <ele>120.0</ele>
        <time>2026-08-26T18:08:39+02:00</time>
      </trkpt>
      <trkpt lon="16.711712" lat="43.425772">
        <ele>120.0</ele>
        <time>2026-08-26T18:08:40+02:00</time>
      </trkpt>
      <trkpt lon="16.711724" lat="43.425657">
        <ele>120.0</ele>
        <time>2026-08-26T18:08:41+02:00</time>
      </trkpt>
      <trkpt lon="16.711749" lat="43.425532">
        <ele>120.0</ele>
        <time>2026-08-26T18:08:42+02:00</time>
      </trkpt>
      <trkpt lon="16.711781" lat="43.425416">
        <ele>120.0</ele>
        <time>2026-08-26T18:08:43+02:00</time>
      </trkpt>
      <trkpt lon="16.711831" lat="43.425306">
        <ele>120.0</ele>
        <time>2026-08-26T18:08:44+02:00</time>
      </trkpt>
      <trkpt lon="16.711898" lat="43.425204">
        <ele>121.0</ele>
        <time>2026-08-26T18:08:45+02:00</time>
      </trkpt>
      <trkpt lon="16.711975" lat="43.42511">
        <ele>120.0</ele>
        <time>2026-08-26T18:08:46+02:00</time>
      </trkpt>
      <trkpt lon="16.712056" lat="43.425023">
        <ele>121.0</ele>
        <time>2026-08-26T18:08:47+02:00</time>
      </trkpt>
      <trkpt lon="16.712169" lat="43.424891">
        <ele>120.0</ele>
        <time>2026-08-26T18:08:49+02:00</time>
      </trkpt>
      <trkpt lon="16.712207" lat="43.42485">
        <ele>120.0</ele>
        <time>2026-08-26T18:08:50+02:00</time>
      </trkpt>
      <trkpt lon="16.712244" lat="43.424812">
        <ele>119.0</ele>
        <time>2026-08-26T18:08:51+02:00</time>
      </trkpt>
      <trkpt lon="16.712305" lat="43.424754">
        <ele>118.0</ele>
        <time>2026-08-26T18:08:53+02:00</time>
      </trkpt>
      <trkpt lon="16.712354" lat="43.424711">
        <ele>117.0</ele>
        <time>2026-08-26T18:08:55+02:00</time>
      </trkpt>
      <trkpt lon="16.71242" lat="43.424655">
        <ele>116.0</ele>
        <time>2026-08-26T18:08:57+02:00</time>
      </trkpt>
      <trkpt lon="16.712471" lat="43.424603">
        <ele>116.0</ele>
        <time>2026-08-26T18:08:59+02:00</time>
      </trkpt>
      <trkpt lon="16.712482" lat="43.424587">
        <ele>115.0</ele>
        <time>2026-08-26T18:09:00+02:00</time>
      </trkpt>
      <trkpt lon="16.712512" lat="43.424547">
        <ele>115.0</ele>
        <time>2026-08-26T18:09:02+02:00</time>
      </trkpt>
      <trkpt lon="16.712548" lat="43.424508">
        <ele>115.0</ele>
        <time>2026-08-26T18:09:03+02:00</time>
      </trkpt>
      <trkpt lon="16.712584" lat="43.424468">
        <ele>115.0</ele>
        <time>2026-08-26T18:09:04+02:00</time>
      </trkpt>
      <trkpt lon="16.712622" lat="43.424412">
        <ele>114.0</ele>
        <time>2026-08-26T18:09:05+02:00</time>
      </trkpt>
      <trkpt lon="16.712641" lat="43.424361">
        <ele>114.0</ele>
        <time>2026-08-26T18:09:07+02:00</time>
      </trkpt>
      <trkpt lon="16.712659" lat="43.424325">
        <ele>115.0</ele>
        <time>2026-08-26T18:09:20+02:00</time>
      </trkpt>
      <trkpt lon="16.712657" lat="43.424266">
        <ele>114.0</ele>
        <time>2026-08-26T18:10:30+02:00</time>
      </trkpt>
      <trkpt lon="16.712683" lat="43.424217">
        <ele>114.0</ele>
        <time>2026-08-26T18:10:31+02:00</time>
      </trkpt>
      <trkpt lon="16.712716" lat="43.424141">
        <ele>114.0</ele>
        <time>2026-08-26T18:10:32+02:00</time>
      </trkpt>
      <trkpt lon="16.712742" lat="43.424052">
        <ele>112.0</ele>
        <time>2026-08-26T18:10:33+02:00</time>
      </trkpt>
      <trkpt lon="16.712774" lat="43.423858">
        <ele>112.0</ele>
        <time>2026-08-26T18:10:35+02:00</time>
      </trkpt>
      <trkpt lon="16.712785" lat="43.423749">
        <ele>113.0</ele>
        <time>2026-08-26T18:10:36+02:00</time>
      </trkpt>
      <trkpt lon="16.712789" lat="43.423636">
        <ele>113.0</ele>
        <time>2026-08-26T18:10:37+02:00</time>
      </trkpt>
      <trkpt lon="16.712788" lat="43.423522">
        <ele>113.0</ele>
        <time>2026-08-26T18:10:38+02:00</time>
      </trkpt>
      <trkpt lon="16.712787" lat="43.423404">
        <ele>114.0</ele>
        <time>2026-08-26T18:10:39+02:00</time>
      </trkpt>
      <trkpt lon="16.712786" lat="43.42329">
        <ele>113.0</ele>
        <time>2026-08-26T18:10:40+02:00</time>
      </trkpt>
      <trkpt lon="16.712787" lat="43.423178">
        <ele>113.0</ele>
        <time>2026-08-26T18:10:41+02:00</time>
      </trkpt>
      <trkpt lon="16.712791" lat="43.423069">
        <ele>112.0</ele>
        <time>2026-08-26T18:10:42+02:00</time>
      </trkpt>
      <trkpt lon="16.712804" lat="43.422966">
        <ele>113.0</ele>
        <time>2026-08-26T18:10:43+02:00</time>
      </trkpt>
      <trkpt lon="16.712831" lat="43.422868">
        <ele>112.0</ele>
        <time>2026-08-26T18:10:44+02:00</time>
      </trkpt>
      <trkpt lon="16.712869" lat="43.42277">
        <ele>112.0</ele>
        <time>2026-08-26T18:10:45+02:00</time>
      </trkpt>
      <trkpt lon="16.712927" lat="43.422659">
        <ele>111.0</ele>
        <time>2026-08-26T18:10:46+02:00</time>
      </trkpt>
      <trkpt lon="16.712994" lat="43.422552">
        <ele>110.0</ele>
        <time>2026-08-26T18:10:47+02:00</time>
      </trkpt>
      <trkpt lon="16.713081" lat="43.422441">
        <ele>110.0</ele>
        <time>2026-08-26T18:10:48+02:00</time>
      </trkpt>
      <trkpt lon="16.713175" lat="43.422338">
        <ele>109.0</ele>
        <time>2026-08-26T18:10:49+02:00</time>
      </trkpt>
      <trkpt lon="16.713274" lat="43.422246">
        <ele>108.0</ele>
        <time>2026-08-26T18:10:50+02:00</time>
      </trkpt>
      <trkpt lon="16.71337" lat="43.422158">
        <ele>107.0</ele>
        <time>2026-08-26T18:10:51+02:00</time>
      </trkpt>
      <trkpt lon="16.713468" lat="43.42207">
        <ele>107.0</ele>
        <time>2026-08-26T18:10:52+02:00</time>
      </trkpt>
      <trkpt lon="16.71356" lat="43.421988">
        <ele>106.0</ele>
        <time>2026-08-26T18:10:53+02:00</time>
      </trkpt>
      <trkpt lon="16.713648" lat="43.421904">
        <ele>105.0</ele>
        <time>2026-08-26T18:10:54+02:00</time>
      </trkpt>
      <trkpt lon="16.713735" lat="43.421816">
        <ele>104.0</ele>
        <time>2026-08-26T18:10:55+02:00</time>
      </trkpt>
      <trkpt lon="16.713823" lat="43.421723">
        <ele>104.0</ele>
        <time>2026-08-26T18:10:56+02:00</time>
      </trkpt>
      <trkpt lon="16.713892" lat="43.421637">
        <ele>104.0</ele>
        <time>2026-08-26T18:10:57+02:00</time>
      </trkpt>
      <trkpt lon="16.713966" lat="43.421541">
        <ele>103.0</ele>
        <time>2026-08-26T18:10:58+02:00</time>
      </trkpt>
      <trkpt lon="16.714029" lat="43.421433">
        <ele>104.0</ele>
        <time>2026-08-26T18:10:59+02:00</time>
      </trkpt>
      <trkpt lon="16.714087" lat="43.42132">
        <ele>103.0</ele>
        <time>2026-08-26T18:11:00+02:00</time>
      </trkpt>
      <trkpt lon="16.714145" lat="43.421192">
        <ele>102.0</ele>
        <time>2026-08-26T18:11:01+02:00</time>
      </trkpt>
      <trkpt lon="16.714203" lat="43.421054">
        <ele>101.0</ele>
        <time>2026-08-26T18:11:02+02:00</time>
      </trkpt>
      <trkpt lon="16.714256" lat="43.420912">
        <ele>100.0</ele>
        <time>2026-08-26T18:11:03+02:00</time>
      </trkpt>
      <trkpt lon="16.714308" lat="43.420774">
        <ele>99.0</ele>
        <time>2026-08-26T18:11:04+02:00</time>
      </trkpt>
      <trkpt lon="16.714361" lat="43.420639">
        <ele>98.0</ele>
        <time>2026-08-26T18:11:05+02:00</time>
      </trkpt>
      <trkpt lon="16.714428" lat="43.420512">
        <ele>98.0</ele>
        <time>2026-08-26T18:11:06+02:00</time>
      </trkpt>
      <trkpt lon="16.714511" lat="43.420396">
        <ele>98.0</ele>
        <time>2026-08-26T18:11:07+02:00</time>
      </trkpt>
      <trkpt lon="16.714616" lat="43.420282">
        <ele>98.0</ele>
        <time>2026-08-26T18:11:08+02:00</time>
      </trkpt>
      <trkpt lon="16.714734" lat="43.420185">
        <ele>97.0</ele>
        <time>2026-08-26T18:11:09+02:00</time>
      </trkpt>
      <trkpt lon="16.714875" lat="43.420095">
        <ele>97.0</ele>
        <time>2026-08-26T18:11:10+02:00</time>
      </trkpt>
      <trkpt lon="16.715038" lat="43.42002">
        <ele>97.0</ele>
        <time>2026-08-26T18:11:11+02:00</time>
      </trkpt>
      <trkpt lon="16.715215" lat="43.419954">
        <ele>97.0</ele>
        <time>2026-08-26T18:11:12+02:00</time>
      </trkpt>
      <trkpt lon="16.715415" lat="43.419903">
        <ele>97.0</ele>
        <time>2026-08-26T18:11:13+02:00</time>
      </trkpt>
      <trkpt lon="16.715626" lat="43.419874">
        <ele>97.0</ele>
        <time>2026-08-26T18:11:14+02:00</time>
      </trkpt>
      <trkpt lon="16.715852" lat="43.419863">
        <ele>96.0</ele>
        <time>2026-08-26T18:11:15+02:00</time>
      </trkpt>
      <trkpt lon="16.716083" lat="43.419867">
        <ele>96.0</ele>
        <time>2026-08-26T18:11:16+02:00</time>
      </trkpt>
      <trkpt lon="16.716333" lat="43.419883">
        <ele>96.0</ele>
        <time>2026-08-26T18:11:17+02:00</time>
      </trkpt>
      <trkpt lon="16.716586" lat="43.419904">
        <ele>96.0</ele>
        <time>2026-08-26T18:11:18+02:00</time>
      </trkpt>
      <trkpt lon="16.716833" lat="43.419919">
        <ele>96.0</ele>
        <time>2026-08-26T18:11:19+02:00</time>
      </trkpt>
      <trkpt lon="16.717071" lat="43.41992">
        <ele>96.0</ele>
        <time>2026-08-26T18:11:20+02:00</time>
      </trkpt>
      <trkpt lon="16.717286" lat="43.4199">
        <ele>95.0</ele>
        <time>2026-08-26T18:11:21+02:00</time>
      </trkpt>
      <trkpt lon="16.717476" lat="43.419863">
        <ele>95.0</ele>
        <time>2026-08-26T18:11:22+02:00</time>
      </trkpt>
      <trkpt lon="16.717663" lat="43.419804">
        <ele>95.0</ele>
        <time>2026-08-26T18:11:23+02:00</time>
      </trkpt>
      <trkpt lon="16.717817" lat="43.419735">
        <ele>95.0</ele>
        <time>2026-08-26T18:11:24+02:00</time>
      </trkpt>
      <trkpt lon="16.717946" lat="43.419652">
        <ele>94.0</ele>
        <time>2026-08-26T18:11:25+02:00</time>
      </trkpt>
      <trkpt lon="16.718041" lat="43.419557">
        <ele>94.0</ele>
        <time>2026-08-26T18:11:26+02:00</time>
      </trkpt>
      <trkpt lon="16.718119" lat="43.419455">
        <ele>94.0</ele>
        <time>2026-08-26T18:11:27+02:00</time>
      </trkpt>
      <trkpt lon="16.718188" lat="43.419342">
        <ele>93.0</ele>
        <time>2026-08-26T18:11:28+02:00</time>
      </trkpt>
      <trkpt lon="16.718247" lat="43.419212">
        <ele>93.0</ele>
        <time>2026-08-26T18:11:29+02:00</time>
      </trkpt>
      <trkpt lon="16.718298" lat="43.41907">
        <ele>93.0</ele>
        <time>2026-08-26T18:11:30+02:00</time>
      </trkpt>
      <trkpt lon="16.718332" lat="43.418931">
        <ele>92.0</ele>
        <time>2026-08-26T18:11:31+02:00</time>
      </trkpt>
      <trkpt lon="16.718346" lat="43.418781">
        <ele>92.0</ele>
        <time>2026-08-26T18:11:32+02:00</time>
      </trkpt>
      <trkpt lon="16.718341" lat="43.41864">
        <ele>91.0</ele>
        <time>2026-08-26T18:11:33+02:00</time>
      </trkpt>
      <trkpt lon="16.71832" lat="43.418502">
        <ele>92.0</ele>
        <time>2026-08-26T18:11:34+02:00</time>
      </trkpt>
      <trkpt lon="16.718304" lat="43.418366">
        <ele>91.0</ele>
        <time>2026-08-26T18:11:35+02:00</time>
      </trkpt>
      <trkpt lon="16.718305" lat="43.418225">
        <ele>92.0</ele>
        <time>2026-08-26T18:11:36+02:00</time>
      </trkpt>
      <trkpt lon="16.718323" lat="43.418079">
        <ele>92.0</ele>
        <time>2026-08-26T18:11:37+02:00</time>
      </trkpt>
      <trkpt lon="16.71836" lat="43.417927">
        <ele>92.0</ele>
        <time>2026-08-26T18:11:38+02:00</time>
      </trkpt>
      <trkpt lon="16.71842" lat="43.417778">
        <ele>93.0</ele>
        <time>2026-08-26T18:11:39+02:00</time>
      </trkpt>
      <trkpt lon="16.718515" lat="43.417627">
        <ele>92.0</ele>
        <time>2026-08-26T18:11:40+02:00</time>
      </trkpt>
      <trkpt lon="16.718637" lat="43.417492">
        <ele>92.0</ele>
        <time>2026-08-26T18:11:41+02:00</time>
      </trkpt>
      <trkpt lon="16.718769" lat="43.417369">
        <ele>91.0</ele>
        <time>2026-08-26T18:11:42+02:00</time>
      </trkpt>
      <trkpt lon="16.718921" lat="43.417253">
        <ele>91.0</ele>
        <time>2026-08-26T18:11:43+02:00</time>
      </trkpt>
      <trkpt lon="16.719083" lat="43.417156">
        <ele>92.0</ele>
        <time>2026-08-26T18:11:44+02:00</time>
      </trkpt>
      <trkpt lon="16.71925" lat="43.41707">
        <ele>92.0</ele>
        <time>2026-08-26T18:11:45+02:00</time>
      </trkpt>
      <trkpt lon="16.719429" lat="43.416989">
        <ele>92.0</ele>
        <time>2026-08-26T18:11:46+02:00</time>
      </trkpt>
      <trkpt lon="16.719612" lat="43.416918">
        <ele>91.0</ele>
        <time>2026-08-26T18:11:47+02:00</time>
      </trkpt>
      <trkpt lon="16.719809" lat="43.416861">
        <ele>91.0</ele>
        <time>2026-08-26T18:11:48+02:00</time>
      </trkpt>
      <trkpt lon="16.720001" lat="43.416813">
        <ele>90.0</ele>
        <time>2026-08-26T18:11:49+02:00</time>
      </trkpt>
      <trkpt lon="16.720183" lat="43.416778">
        <ele>90.0</ele>
        <time>2026-08-26T18:11:50+02:00</time>
      </trkpt>
      <trkpt lon="16.720382" lat="43.416757">
        <ele>90.0</ele>
        <time>2026-08-26T18:11:51+02:00</time>
      </trkpt>
      <trkpt lon="16.720586" lat="43.416745">
        <ele>90.0</ele>
        <time>2026-08-26T18:11:52+02:00</time>
      </trkpt>
      <trkpt lon="16.720782" lat="43.416743">
        <ele>90.0</ele>
        <time>2026-08-26T18:11:53+02:00</time>
      </trkpt>
      <trkpt lon="16.720999" lat="43.416753">
        <ele>91.0</ele>
        <time>2026-08-26T18:11:54+02:00</time>
      </trkpt>
      <trkpt lon="16.721214" lat="43.416771">
        <ele>91.0</ele>
        <time>2026-08-26T18:11:55+02:00</time>
      </trkpt>
      <trkpt lon="16.721444" lat="43.416792">
        <ele>92.0</ele>
        <time>2026-08-26T18:11:56+02:00</time>
      </trkpt>
      <trkpt lon="16.72166" lat="43.416817">
        <ele>92.0</ele>
        <time>2026-08-26T18:11:57+02:00</time>
      </trkpt>
      <trkpt lon="16.721872" lat="43.416845">
        <ele>92.0</ele>
        <time>2026-08-26T18:11:58+02:00</time>
      </trkpt>
      <trkpt lon="16.722068" lat="43.416877">
        <ele>92.0</ele>
        <time>2026-08-26T18:11:59+02:00</time>
      </trkpt>
      <trkpt lon="16.722267" lat="43.416905">
        <ele>92.0</ele>
        <time>2026-08-26T18:12:00+02:00</time>
      </trkpt>
      <trkpt lon="16.722469" lat="43.416928">
        <ele>91.0</ele>
        <time>2026-08-26T18:12:01+02:00</time>
      </trkpt>
      <trkpt lon="16.722659" lat="43.416946">
        <ele>91.0</ele>
        <time>2026-08-26T18:12:02+02:00</time>
      </trkpt>
      <trkpt lon="16.722849" lat="43.416955">
        <ele>92.0</ele>
        <time>2026-08-26T18:12:03+02:00</time>
      </trkpt>
      <trkpt lon="16.72302" lat="43.416946">
        <ele>91.0</ele>
        <time>2026-08-26T18:12:04+02:00</time>
      </trkpt>
      <trkpt lon="16.723197" lat="43.416925">
        <ele>91.0</ele>
        <time>2026-08-26T18:12:05+02:00</time>
      </trkpt>
      <trkpt lon="16.72336" lat="43.416895">
        <ele>91.0</ele>
        <time>2026-08-26T18:12:06+02:00</time>
      </trkpt>
      <trkpt lon="16.723526" lat="43.416851">
        <ele>92.0</ele>
        <time>2026-08-26T18:12:07+02:00</time>
      </trkpt>
      <trkpt lon="16.723693" lat="43.416782">
        <ele>91.0</ele>
        <time>2026-08-26T18:12:08+02:00</time>
      </trkpt>
      <trkpt lon="16.723848" lat="43.4167">
        <ele>91.0</ele>
        <time>2026-08-26T18:12:09+02:00</time>
      </trkpt>
      <trkpt lon="16.723991" lat="43.416605">
        <ele>89.0</ele>
        <time>2026-08-26T18:12:10+02:00</time>
      </trkpt>
      <trkpt lon="16.724116" lat="43.416493">
        <ele>90.0</ele>
        <time>2026-08-26T18:12:11+02:00</time>
      </trkpt>
      <trkpt lon="16.724216" lat="43.41638">
        <ele>89.0</ele>
        <time>2026-08-26T18:12:12+02:00</time>
      </trkpt>
      <trkpt lon="16.72431" lat="43.41626">
        <ele>88.0</ele>
        <time>2026-08-26T18:12:13+02:00</time>
      </trkpt>
      <trkpt lon="16.724402" lat="43.416124">
        <ele>89.0</ele>
        <time>2026-08-26T18:12:14+02:00</time>
      </trkpt>
      <trkpt lon="16.724487" lat="43.415982">
        <ele>88.0</ele>
        <time>2026-08-26T18:12:15+02:00</time>
      </trkpt>
      <trkpt lon="16.72458" lat="43.415826">
        <ele>88.0</ele>
        <time>2026-08-26T18:12:16+02:00</time>
      </trkpt>
      <trkpt lon="16.724674" lat="43.415678">
        <ele>88.0</ele>
        <time>2026-08-26T18:12:17+02:00</time>
      </trkpt>
      <trkpt lon="16.724768" lat="43.415519">
        <ele>87.0</ele>
        <time>2026-08-26T18:12:18+02:00</time>
      </trkpt>
      <trkpt lon="16.724863" lat="43.415361">
        <ele>87.0</ele>
        <time>2026-08-26T18:12:19+02:00</time>
      </trkpt>
      <trkpt lon="16.724964" lat="43.4152">
        <ele>87.0</ele>
        <time>2026-08-26T18:12:20+02:00</time>
      </trkpt>
      <trkpt lon="16.725048" lat="43.41506">
        <ele>88.0</ele>
        <time>2026-08-26T18:12:21+02:00</time>
      </trkpt>
      <trkpt lon="16.72514" lat="43.41492">
        <ele>87.0</ele>
        <time>2026-08-26T18:12:22+02:00</time>
      </trkpt>
      <trkpt lon="16.725232" lat="43.414799">
        <ele>87.0</ele>
        <time>2026-08-26T18:12:23+02:00</time>
      </trkpt>
      <trkpt lon="16.725338" lat="43.414686">
        <ele>86.0</ele>
        <time>2026-08-26T18:12:24+02:00</time>
      </trkpt>
      <trkpt lon="16.725454" lat="43.414587">
        <ele>88.0</ele>
        <time>2026-08-26T18:12:25+02:00</time>
      </trkpt>
      <trkpt lon="16.725582" lat="43.414497">
        <ele>88.0</ele>
        <time>2026-08-26T18:12:26+02:00</time>
      </trkpt>
      <trkpt lon="16.725722" lat="43.414421">
        <ele>87.0</ele>
        <time>2026-08-26T18:12:27+02:00</time>
      </trkpt>
      <trkpt lon="16.72587" lat="43.414359">
        <ele>87.0</ele>
        <time>2026-08-26T18:12:28+02:00</time>
      </trkpt>
      <trkpt lon="16.726008" lat="43.414315">
        <ele>87.0</ele>
        <time>2026-08-26T18:12:29+02:00</time>
      </trkpt>
      <trkpt lon="16.726151" lat="43.414275">
        <ele>87.0</ele>
        <time>2026-08-26T18:12:30+02:00</time>
      </trkpt>
      <trkpt lon="16.726285" lat="43.414248">
        <ele>87.0</ele>
        <time>2026-08-26T18:12:31+02:00</time>
      </trkpt>
      <trkpt lon="16.726423" lat="43.414237">
        <ele>88.0</ele>
        <time>2026-08-26T18:12:32+02:00</time>
      </trkpt>
      <trkpt lon="16.726563" lat="43.41423">
        <ele>88.0</ele>
        <time>2026-08-26T18:12:33+02:00</time>
      </trkpt>
      <trkpt lon="16.726702" lat="43.414235">
        <ele>88.0</ele>
        <time>2026-08-26T18:12:34+02:00</time>
      </trkpt>
      <trkpt lon="16.726854" lat="43.414243">
        <ele>89.0</ele>
        <time>2026-08-26T18:12:35+02:00</time>
      </trkpt>
      <trkpt lon="16.727006" lat="43.41425">
        <ele>89.0</ele>
        <time>2026-08-26T18:12:36+02:00</time>
      </trkpt>
      <trkpt lon="16.72717" lat="43.414262">
        <ele>89.0</ele>
        <time>2026-08-26T18:12:37+02:00</time>
      </trkpt>
      <trkpt lon="16.727319" lat="43.414271">
        <ele>89.0</ele>
        <time>2026-08-26T18:12:38+02:00</time>
      </trkpt>
      <trkpt lon="16.727476" lat="43.414282">
        <ele>88.0</ele>
        <time>2026-08-26T18:12:39+02:00</time>
      </trkpt>
      <trkpt lon="16.727622" lat="43.41429">
        <ele>88.0</ele>
        <time>2026-08-26T18:12:40+02:00</time>
      </trkpt>
      <trkpt lon="16.727781" lat="43.414282">
        <ele>90.0</ele>
        <time>2026-08-26T18:12:41+02:00</time>
      </trkpt>
      <trkpt lon="16.727928" lat="43.414275">
        <ele>89.0</ele>
        <time>2026-08-26T18:12:42+02:00</time>
      </trkpt>
      <trkpt lon="16.728085" lat="43.414256">
        <ele>89.0</ele>
        <time>2026-08-26T18:12:43+02:00</time>
      </trkpt>
      <trkpt lon="16.728246" lat="43.414226">
        <ele>89.0</ele>
        <time>2026-08-26T18:12:44+02:00</time>
      </trkpt>
      <trkpt lon="16.728402" lat="43.414184">
        <ele>89.0</ele>
        <time>2026-08-26T18:12:45+02:00</time>
      </trkpt>
      <trkpt lon="16.728552" lat="43.41414">
        <ele>90.0</ele>
        <time>2026-08-26T18:12:46+02:00</time>
      </trkpt>
      <trkpt lon="16.728716" lat="43.414093">
        <ele>90.0</ele>
        <time>2026-08-26T18:12:47+02:00</time>
      </trkpt>
      <trkpt lon="16.728878" lat="43.414048">
        <ele>90.0</ele>
        <time>2026-08-26T18:12:48+02:00</time>
      </trkpt>
      <trkpt lon="16.729037" lat="43.414002">
        <ele>90.0</ele>
        <time>2026-08-26T18:12:49+02:00</time>
      </trkpt>
      <trkpt lon="16.729189" lat="43.413953">
        <ele>91.0</ele>
        <time>2026-08-26T18:12:50+02:00</time>
      </trkpt>
      <trkpt lon="16.729342" lat="43.413905">
        <ele>91.0</ele>
        <time>2026-08-26T18:12:51+02:00</time>
      </trkpt>
      <trkpt lon="16.729486" lat="43.413866">
        <ele>92.0</ele>
        <time>2026-08-26T18:12:52+02:00</time>
      </trkpt>
      <trkpt lon="16.729636" lat="43.413821">
        <ele>91.0</ele>
        <time>2026-08-26T18:12:53+02:00</time>
      </trkpt>
      <trkpt lon="16.729774" lat="43.413785">
        <ele>92.0</ele>
        <time>2026-08-26T18:12:54+02:00</time>
      </trkpt>
      <trkpt lon="16.729901" lat="43.41375">
        <ele>93.0</ele>
        <time>2026-08-26T18:12:55+02:00</time>
      </trkpt>
      <trkpt lon="16.730034" lat="43.413715">
        <ele>93.0</ele>
        <time>2026-08-26T18:12:56+02:00</time>
      </trkpt>
      <trkpt lon="16.730166" lat="43.413675">
        <ele>93.0</ele>
        <time>2026-08-26T18:12:57+02:00</time>
      </trkpt>
      <trkpt lon="16.730302" lat="43.413626">
        <ele>93.0</ele>
        <time>2026-08-26T18:12:58+02:00</time>
      </trkpt>
      <trkpt lon="16.730437" lat="43.413582">
        <ele>94.0</ele>
        <time>2026-08-26T18:12:59+02:00</time>
      </trkpt>
      <trkpt lon="16.73058" lat="43.413547">
        <ele>94.0</ele>
        <time>2026-08-26T18:13:00+02:00</time>
      </trkpt>
      <trkpt lon="16.730733" lat="43.413511">
        <ele>95.0</ele>
        <time>2026-08-26T18:13:01+02:00</time>
      </trkpt>
      <trkpt lon="16.730889" lat="43.413483">
        <ele>95.0</ele>
        <time>2026-08-26T18:13:02+02:00</time>
      </trkpt>
      <trkpt lon="16.731055" lat="43.413465">
        <ele>95.0</ele>
        <time>2026-08-26T18:13:03+02:00</time>
      </trkpt>
      <trkpt lon="16.731226" lat="43.413455">
        <ele>96.0</ele>
        <time>2026-08-26T18:13:04+02:00</time>
      </trkpt>
      <trkpt lon="16.731414" lat="43.413453">
        <ele>96.0</ele>
        <time>2026-08-26T18:13:05+02:00</time>
      </trkpt>
      <trkpt lon="16.731567" lat="43.413463">
        <ele>97.0</ele>
        <time>2026-08-26T18:13:06+02:00</time>
      </trkpt>
      <trkpt lon="16.731748" lat="43.413483">
        <ele>98.0</ele>
        <time>2026-08-26T18:13:07+02:00</time>
      </trkpt>
      <trkpt lon="16.731921" lat="43.413501">
        <ele>98.0</ele>
        <time>2026-08-26T18:13:08+02:00</time>
      </trkpt>
      <trkpt lon="16.7321" lat="43.413518">
        <ele>98.0</ele>
        <time>2026-08-26T18:13:09+02:00</time>
      </trkpt>
      <trkpt lon="16.732274" lat="43.413534">
        <ele>97.0</ele>
        <time>2026-08-26T18:13:10+02:00</time>
      </trkpt>
      <trkpt lon="16.732466" lat="43.413548">
        <ele>97.0</ele>
        <time>2026-08-26T18:13:11+02:00</time>
      </trkpt>
      <trkpt lon="16.732656" lat="43.413566">
        <ele>97.0</ele>
        <time>2026-08-26T18:13:12+02:00</time>
      </trkpt>
      <trkpt lon="16.73285" lat="43.413582">
        <ele>97.0</ele>
        <time>2026-08-26T18:13:13+02:00</time>
      </trkpt>
      <trkpt lon="16.733032" lat="43.413586">
        <ele>97.0</ele>
        <time>2026-08-26T18:13:14+02:00</time>
      </trkpt>
      <trkpt lon="16.733222" lat="43.413575">
        <ele>98.0</ele>
        <time>2026-08-26T18:13:15+02:00</time>
      </trkpt>
      <trkpt lon="16.733414" lat="43.41355">
        <ele>98.0</ele>
        <time>2026-08-26T18:13:16+02:00</time>
      </trkpt>
      <trkpt lon="16.733605" lat="43.413514">
        <ele>98.0</ele>
        <time>2026-08-26T18:13:17+02:00</time>
      </trkpt>
      <trkpt lon="16.73381" lat="43.413454">
        <ele>98.0</ele>
        <time>2026-08-26T18:13:18+02:00</time>
      </trkpt>
      <trkpt lon="16.733967" lat="43.41339">
        <ele>98.0</ele>
        <time>2026-08-26T18:13:19+02:00</time>
      </trkpt>
      <trkpt lon="16.734128" lat="43.413305">
        <ele>99.0</ele>
        <time>2026-08-26T18:13:20+02:00</time>
      </trkpt>
      <trkpt lon="16.734281" lat="43.413222">
        <ele>99.0</ele>
        <time>2026-08-26T18:13:21+02:00</time>
      </trkpt>
      <trkpt lon="16.734463" lat="43.413135">
        <ele>98.0</ele>
        <time>2026-08-26T18:13:22+02:00</time>
      </trkpt>
      <trkpt lon="16.734634" lat="43.413067">
        <ele>100.0</ele>
        <time>2026-08-26T18:13:23+02:00</time>
      </trkpt>
      <trkpt lon="16.734821" lat="43.413005">
        <ele>99.0</ele>
        <time>2026-08-26T18:13:24+02:00</time>
      </trkpt>
      <trkpt lon="16.735012" lat="43.412951">
        <ele>100.0</ele>
        <time>2026-08-26T18:13:25+02:00</time>
      </trkpt>
      <trkpt lon="16.735211" lat="43.412913">
        <ele>99.0</ele>
        <time>2026-08-26T18:13:26+02:00</time>
      </trkpt>
      <trkpt lon="16.73542" lat="43.412892">
        <ele>99.0</ele>
        <time>2026-08-26T18:13:27+02:00</time>
      </trkpt>
      <trkpt lon="16.735614" lat="43.412883">
        <ele>99.0</ele>
        <time>2026-08-26T18:13:28+02:00</time>
      </trkpt>
      <trkpt lon="16.735825" lat="43.412878">
        <ele>97.0</ele>
        <time>2026-08-26T18:13:29+02:00</time>
      </trkpt>
      <trkpt lon="16.736033" lat="43.412879">
        <ele>98.0</ele>
        <time>2026-08-26T18:13:30+02:00</time>
      </trkpt>
      <trkpt lon="16.736239" lat="43.412883">
        <ele>98.0</ele>
        <time>2026-08-26T18:13:31+02:00</time>
      </trkpt>
      <trkpt lon="16.736448" lat="43.412884">
        <ele>98.0</ele>
        <time>2026-08-26T18:13:32+02:00</time>
      </trkpt>
      <trkpt lon="16.736659" lat="43.412884">
        <ele>98.0</ele>
        <time>2026-08-26T18:13:33+02:00</time>
      </trkpt>
      <trkpt lon="16.736864" lat="43.412886">
        <ele>98.0</ele>
        <time>2026-08-26T18:13:34+02:00</time>
      </trkpt>
      <trkpt lon="16.73706" lat="43.412886">
        <ele>99.0</ele>
        <time>2026-08-26T18:13:35+02:00</time>
      </trkpt>
      <trkpt lon="16.737248" lat="43.412873">
        <ele>99.0</ele>
        <time>2026-08-26T18:13:36+02:00</time>
      </trkpt>
      <trkpt lon="16.73744" lat="43.412851">
        <ele>98.0</ele>
        <time>2026-08-26T18:13:37+02:00</time>
      </trkpt>
      <trkpt lon="16.737627" lat="43.412816">
        <ele>97.0</ele>
        <time>2026-08-26T18:13:38+02:00</time>
      </trkpt>
      <trkpt lon="16.737813" lat="43.412768">
        <ele>97.0</ele>
        <time>2026-08-26T18:13:39+02:00</time>
      </trkpt>
      <trkpt lon="16.737987" lat="43.41271">
        <ele>97.0</ele>
        <time>2026-08-26T18:13:40+02:00</time>
      </trkpt>
      <trkpt lon="16.73815" lat="43.412643">
        <ele>97.0</ele>
        <time>2026-08-26T18:13:41+02:00</time>
      </trkpt>
      <trkpt lon="16.738305" lat="43.41257">
        <ele>97.0</ele>
        <time>2026-08-26T18:13:42+02:00</time>
      </trkpt>
      <trkpt lon="16.738464" lat="43.412491">
        <ele>96.0</ele>
        <time>2026-08-26T18:13:43+02:00</time>
      </trkpt>
      <trkpt lon="16.738603" lat="43.412415">
        <ele>95.0</ele>
        <time>2026-08-26T18:13:44+02:00</time>
      </trkpt>
      <trkpt lon="16.738749" lat="43.412332">
        <ele>96.0</ele>
        <time>2026-08-26T18:13:45+02:00</time>
      </trkpt>
      <trkpt lon="16.738903" lat="43.412255">
        <ele>95.0</ele>
        <time>2026-08-26T18:13:46+02:00</time>
      </trkpt>
      <trkpt lon="16.739074" lat="43.412181">
        <ele>95.0</ele>
        <time>2026-08-26T18:13:47+02:00</time>
      </trkpt>
      <trkpt lon="16.739253" lat="43.412116">
        <ele>95.0</ele>
        <time>2026-08-26T18:13:48+02:00</time>
      </trkpt>
      <trkpt lon="16.739434" lat="43.412066">
        <ele>94.0</ele>
        <time>2026-08-26T18:13:49+02:00</time>
      </trkpt>
      <trkpt lon="16.739628" lat="43.412024">
        <ele>94.0</ele>
        <time>2026-08-26T18:13:50+02:00</time>
      </trkpt>
      <trkpt lon="16.739827" lat="43.411995">
        <ele>94.0</ele>
        <time>2026-08-26T18:13:51+02:00</time>
      </trkpt>
      <trkpt lon="16.740037" lat="43.411968">
        <ele>93.0</ele>
        <time>2026-08-26T18:13:52+02:00</time>
      </trkpt>
      <trkpt lon="16.74022" lat="43.411945">
        <ele>94.0</ele>
        <time>2026-08-26T18:13:53+02:00</time>
      </trkpt>
      <trkpt lon="16.740422" lat="43.411918">
        <ele>95.0</ele>
        <time>2026-08-26T18:13:54+02:00</time>
      </trkpt>
      <trkpt lon="16.740623" lat="43.411893">
        <ele>95.0</ele>
        <time>2026-08-26T18:13:55+02:00</time>
      </trkpt>
      <trkpt lon="16.740811" lat="43.411867">
        <ele>95.0</ele>
        <time>2026-08-26T18:13:56+02:00</time>
      </trkpt>
      <trkpt lon="16.741003" lat="43.411842">
        <ele>93.0</ele>
        <time>2026-08-26T18:13:57+02:00</time>
      </trkpt>
      <trkpt lon="16.741203" lat="43.411816">
        <ele>93.0</ele>
        <time>2026-08-26T18:13:58+02:00</time>
      </trkpt>
      <trkpt lon="16.741409" lat="43.41178">
        <ele>93.0</ele>
        <time>2026-08-26T18:13:59+02:00</time>
      </trkpt>
      <trkpt lon="16.741599" lat="43.411738">
        <ele>93.0</ele>
        <time>2026-08-26T18:14:00+02:00</time>
      </trkpt>
      <trkpt lon="16.741801" lat="43.411688">
        <ele>93.0</ele>
        <time>2026-08-26T18:14:01+02:00</time>
      </trkpt>
      <trkpt lon="16.74199" lat="43.411628">
        <ele>93.0</ele>
        <time>2026-08-26T18:14:02+02:00</time>
      </trkpt>
      <trkpt lon="16.742187" lat="43.411551">
        <ele>92.0</ele>
        <time>2026-08-26T18:14:03+02:00</time>
      </trkpt>
      <trkpt lon="16.742379" lat="43.411462">
        <ele>92.0</ele>
        <time>2026-08-26T18:14:04+02:00</time>
      </trkpt>
      <trkpt lon="16.742556" lat="43.411362">
        <ele>93.0</ele>
        <time>2026-08-26T18:14:05+02:00</time>
      </trkpt>
      <trkpt lon="16.742725" lat="43.411252">
        <ele>92.0</ele>
        <time>2026-08-26T18:14:06+02:00</time>
      </trkpt>
      <trkpt lon="16.742892" lat="43.411132">
        <ele>90.0</ele>
        <time>2026-08-26T18:14:07+02:00</time>
      </trkpt>
      <trkpt lon="16.743058" lat="43.411006">
        <ele>90.0</ele>
        <time>2026-08-26T18:14:08+02:00</time>
      </trkpt>
      <trkpt lon="16.743216" lat="43.410881">
        <ele>90.0</ele>
        <time>2026-08-26T18:14:09+02:00</time>
      </trkpt>
      <trkpt lon="16.743369" lat="43.410749">
        <ele>90.0</ele>
        <time>2026-08-26T18:14:10+02:00</time>
      </trkpt>
      <trkpt lon="16.743535" lat="43.410618">
        <ele>89.0</ele>
        <time>2026-08-26T18:14:11+02:00</time>
      </trkpt>
      <trkpt lon="16.743686" lat="43.410499">
        <ele>88.0</ele>
        <time>2026-08-26T18:14:12+02:00</time>
      </trkpt>
      <trkpt lon="16.743841" lat="43.410391">
        <ele>87.0</ele>
        <time>2026-08-26T18:14:13+02:00</time>
      </trkpt>
      <trkpt lon="16.744012" lat="43.410305">
        <ele>88.0</ele>
        <time>2026-08-26T18:14:14+02:00</time>
      </trkpt>
      <trkpt lon="16.744204" lat="43.410241">
        <ele>89.0</ele>
        <time>2026-08-26T18:14:15+02:00</time>
      </trkpt>
      <trkpt lon="16.744414" lat="43.41019">
        <ele>88.0</ele>
        <time>2026-08-26T18:14:16+02:00</time>
      </trkpt>
      <trkpt lon="16.744634" lat="43.410151">
        <ele>89.0</ele>
        <time>2026-08-26T18:14:17+02:00</time>
      </trkpt>
      <trkpt lon="16.74485" lat="43.410125">
        <ele>88.0</ele>
        <time>2026-08-26T18:14:18+02:00</time>
      </trkpt>
      <trkpt lon="16.745086" lat="43.410106">
        <ele>88.0</ele>
        <time>2026-08-26T18:14:19+02:00</time>
      </trkpt>
      <trkpt lon="16.745315" lat="43.410086">
        <ele>88.0</ele>
        <time>2026-08-26T18:14:20+02:00</time>
      </trkpt>
      <trkpt lon="16.74554" lat="43.410064">
        <ele>88.0</ele>
        <time>2026-08-26T18:14:21+02:00</time>
      </trkpt>
      <trkpt lon="16.745767" lat="43.410042">
        <ele>88.0</ele>
        <time>2026-08-26T18:14:22+02:00</time>
      </trkpt>
      <trkpt lon="16.745978" lat="43.410018">
        <ele>88.0</ele>
        <time>2026-08-26T18:14:23+02:00</time>
      </trkpt>
      <trkpt lon="16.746162" lat="43.409989">
        <ele>88.0</ele>
        <time>2026-08-26T18:14:24+02:00</time>
      </trkpt>
      <trkpt lon="16.746347" lat="43.409959">
        <ele>88.0</ele>
        <time>2026-08-26T18:14:25+02:00</time>
      </trkpt>
      <trkpt lon="16.74652" lat="43.409926">
        <ele>87.0</ele>
        <time>2026-08-26T18:14:26+02:00</time>
      </trkpt>
      <trkpt lon="16.746698" lat="43.409884">
        <ele>87.0</ele>
        <time>2026-08-26T18:14:27+02:00</time>
      </trkpt>
      <trkpt lon="16.746868" lat="43.409838">
        <ele>88.0</ele>
        <time>2026-08-26T18:14:28+02:00</time>
      </trkpt>
      <trkpt lon="16.747047" lat="43.409789">
        <ele>88.0</ele>
        <time>2026-08-26T18:14:29+02:00</time>
      </trkpt>
      <trkpt lon="16.74723" lat="43.40974">
        <ele>87.0</ele>
        <time>2026-08-26T18:14:30+02:00</time>
      </trkpt>
      <trkpt lon="16.747399" lat="43.409687">
        <ele>88.0</ele>
        <time>2026-08-26T18:14:31+02:00</time>
      </trkpt>
      <trkpt lon="16.747562" lat="43.409639">
        <ele>88.0</ele>
        <time>2026-08-26T18:14:32+02:00</time>
      </trkpt>
      <trkpt lon="16.74773" lat="43.40959">
        <ele>88.0</ele>
        <time>2026-08-26T18:14:33+02:00</time>
      </trkpt>
      <trkpt lon="16.747891" lat="43.409542">
        <ele>88.0</ele>
        <time>2026-08-26T18:14:34+02:00</time>
      </trkpt>
      <trkpt lon="16.748044" lat="43.409497">
        <ele>87.0</ele>
        <time>2026-08-26T18:14:35+02:00</time>
      </trkpt>
      <trkpt lon="16.748195" lat="43.409453">
        <ele>87.0</ele>
        <time>2026-08-26T18:14:36+02:00</time>
      </trkpt>
      <trkpt lon="16.748349" lat="43.409406">
        <ele>86.0</ele>
        <time>2026-08-26T18:14:37+02:00</time>
      </trkpt>
      <trkpt lon="16.748509" lat="43.409357">
        <ele>85.0</ele>
        <time>2026-08-26T18:14:38+02:00</time>
      </trkpt>
      <trkpt lon="16.748673" lat="43.409307">
        <ele>85.0</ele>
        <time>2026-08-26T18:14:39+02:00</time>
      </trkpt>
      <trkpt lon="16.748846" lat="43.409255">
        <ele>84.0</ele>
        <time>2026-08-26T18:14:40+02:00</time>
      </trkpt>
      <trkpt lon="16.749023" lat="43.409204">
        <ele>83.0</ele>
        <time>2026-08-26T18:14:41+02:00</time>
      </trkpt>
      <trkpt lon="16.749187" lat="43.409153">
        <ele>83.0</ele>
        <time>2026-08-26T18:14:42+02:00</time>
      </trkpt>
      <trkpt lon="16.749351" lat="43.409103">
        <ele>82.0</ele>
        <time>2026-08-26T18:14:43+02:00</time>
      </trkpt>
      <trkpt lon="16.749526" lat="43.409044">
        <ele>81.0</ele>
        <time>2026-08-26T18:14:44+02:00</time>
      </trkpt>
      <trkpt lon="16.749701" lat="43.408991">
        <ele>82.0</ele>
        <time>2026-08-26T18:14:45+02:00</time>
      </trkpt>
      <trkpt lon="16.749873" lat="43.40894">
        <ele>82.0</ele>
        <time>2026-08-26T18:14:46+02:00</time>
      </trkpt>
      <trkpt lon="16.750032" lat="43.408889">
        <ele>82.0</ele>
        <time>2026-08-26T18:14:47+02:00</time>
      </trkpt>
      <trkpt lon="16.750173" lat="43.408847">
        <ele>81.0</ele>
        <time>2026-08-26T18:14:48+02:00</time>
      </trkpt>
      <trkpt lon="16.750293" lat="43.408805">
        <ele>81.0</ele>
        <time>2026-08-26T18:14:49+02:00</time>
      </trkpt>
      <trkpt lon="16.750414" lat="43.40877">
        <ele>81.0</ele>
        <time>2026-08-26T18:14:50+02:00</time>
      </trkpt>
      <trkpt lon="16.750555" lat="43.408734">
        <ele>81.0</ele>
        <time>2026-08-26T18:14:51+02:00</time>
      </trkpt>
      <trkpt lon="16.750714" lat="43.408692">
        <ele>81.0</ele>
        <time>2026-08-26T18:14:52+02:00</time>
      </trkpt>
      <trkpt lon="16.750869" lat="43.408651">
        <ele>81.0</ele>
        <time>2026-08-26T18:14:53+02:00</time>
      </trkpt>
      <trkpt lon="16.751027" lat="43.408603">
        <ele>79.0</ele>
        <time>2026-08-26T18:14:54+02:00</time>
      </trkpt>
      <trkpt lon="16.751191" lat="43.408555">
        <ele>79.0</ele>
        <time>2026-08-26T18:14:55+02:00</time>
      </trkpt>
      <trkpt lon="16.751355" lat="43.408507">
        <ele>78.0</ele>
        <time>2026-08-26T18:14:56+02:00</time>
      </trkpt>
      <trkpt lon="16.751539" lat="43.408459">
        <ele>78.0</ele>
        <time>2026-08-26T18:14:57+02:00</time>
      </trkpt>
      <trkpt lon="16.75173" lat="43.408407">
        <ele>79.0</ele>
        <time>2026-08-26T18:14:58+02:00</time>
      </trkpt>
      <trkpt lon="16.75193" lat="43.408358">
        <ele>79.0</ele>
        <time>2026-08-26T18:14:59+02:00</time>
      </trkpt>
      <trkpt lon="16.752125" lat="43.408315">
        <ele>79.0</ele>
        <time>2026-08-26T18:15:00+02:00</time>
      </trkpt>
      <trkpt lon="16.752329" lat="43.408273">
        <ele>79.0</ele>
        <time>2026-08-26T18:15:01+02:00</time>
      </trkpt>
      <trkpt lon="16.752533" lat="43.408233">
        <ele>79.0</ele>
        <time>2026-08-26T18:15:02+02:00</time>
      </trkpt>
      <trkpt lon="16.752751" lat="43.408196">
        <ele>79.0</ele>
        <time>2026-08-26T18:15:03+02:00</time>
      </trkpt>
      <trkpt lon="16.752975" lat="43.408169">
        <ele>79.0</ele>
        <time>2026-08-26T18:15:04+02:00</time>
      </trkpt>
      <trkpt lon="16.753191" lat="43.408143">
        <ele>79.0</ele>
        <time>2026-08-26T18:15:05+02:00</time>
      </trkpt>
      <trkpt lon="16.753425" lat="43.408122">
        <ele>78.0</ele>
        <time>2026-08-26T18:15:06+02:00</time>
      </trkpt>
      <trkpt lon="16.753635" lat="43.408107">
        <ele>78.0</ele>
        <time>2026-08-26T18:15:07+02:00</time>
      </trkpt>
      <trkpt lon="16.753848" lat="43.408093">
        <ele>77.0</ele>
        <time>2026-08-26T18:15:08+02:00</time>
      </trkpt>
      <trkpt lon="16.754047" lat="43.408082">
        <ele>78.0</ele>
        <time>2026-08-26T18:15:09+02:00</time>
      </trkpt>
      <trkpt lon="16.754258" lat="43.408078">
        <ele>77.0</ele>
        <time>2026-08-26T18:15:10+02:00</time>
      </trkpt>
      <trkpt lon="16.754465" lat="43.408078">
        <ele>77.0</ele>
        <time>2026-08-26T18:15:11+02:00</time>
      </trkpt>
      <trkpt lon="16.754667" lat="43.40808">
        <ele>76.0</ele>
        <time>2026-08-26T18:15:12+02:00</time>
      </trkpt>
      <trkpt lon="16.754874" lat="43.408084">
        <ele>76.0</ele>
        <time>2026-08-26T18:15:13+02:00</time>
      </trkpt>
      <trkpt lon="16.75509" lat="43.408094">
        <ele>76.0</ele>
        <time>2026-08-26T18:15:14+02:00</time>
      </trkpt>
      <trkpt lon="16.75532" lat="43.408115">
        <ele>75.0</ele>
        <time>2026-08-26T18:15:15+02:00</time>
      </trkpt>
      <trkpt lon="16.755528" lat="43.408138">
        <ele>75.0</ele>
        <time>2026-08-26T18:15:16+02:00</time>
      </trkpt>
      <trkpt lon="16.755748" lat="43.408163">
        <ele>75.0</ele>
        <time>2026-08-26T18:15:17+02:00</time>
      </trkpt>
      <trkpt lon="16.75597" lat="43.408198">
        <ele>74.0</ele>
        <time>2026-08-26T18:15:18+02:00</time>
      </trkpt>
      <trkpt lon="16.756216" lat="43.408243">
        <ele>74.0</ele>
        <time>2026-08-26T18:15:19+02:00</time>
      </trkpt>
      <trkpt lon="16.756435" lat="43.408292">
        <ele>74.0</ele>
        <time>2026-08-26T18:15:20+02:00</time>
      </trkpt>
      <trkpt lon="16.756672" lat="43.408342">
        <ele>74.0</ele>
        <time>2026-08-26T18:15:21+02:00</time>
      </trkpt>
      <trkpt lon="16.7569" lat="43.408395">
        <ele>74.0</ele>
        <time>2026-08-26T18:15:22+02:00</time>
      </trkpt>
      <trkpt lon="16.757121" lat="43.408451">
        <ele>74.0</ele>
        <time>2026-08-26T18:15:23+02:00</time>
      </trkpt>
      <trkpt lon="16.757351" lat="43.408514">
        <ele>73.0</ele>
        <time>2026-08-26T18:15:24+02:00</time>
      </trkpt>
      <trkpt lon="16.757583" lat="43.408581">
        <ele>73.0</ele>
        <time>2026-08-26T18:15:25+02:00</time>
      </trkpt>
      <trkpt lon="16.757806" lat="43.408648">
        <ele>72.0</ele>
        <time>2026-08-26T18:15:26+02:00</time>
      </trkpt>
      <trkpt lon="16.758037" lat="43.408717">
        <ele>73.0</ele>
        <time>2026-08-26T18:15:27+02:00</time>
      </trkpt>
      <trkpt lon="16.758272" lat="43.408786">
        <ele>73.0</ele>
        <time>2026-08-26T18:15:28+02:00</time>
      </trkpt>
      <trkpt lon="16.758507" lat="43.408853">
        <ele>73.0</ele>
        <time>2026-08-26T18:15:29+02:00</time>
      </trkpt>
      <trkpt lon="16.758749" lat="43.40892">
        <ele>74.0</ele>
        <time>2026-08-26T18:15:30+02:00</time>
      </trkpt>
      <trkpt lon="16.758993" lat="43.408982">
        <ele>73.0</ele>
        <time>2026-08-26T18:15:31+02:00</time>
      </trkpt>
      <trkpt lon="16.759259" lat="43.409037">
        <ele>72.0</ele>
        <time>2026-08-26T18:15:32+02:00</time>
      </trkpt>
      <trkpt lon="16.759527" lat="43.409082">
        <ele>72.0</ele>
        <time>2026-08-26T18:15:33+02:00</time>
      </trkpt>
      <trkpt lon="16.759806" lat="43.409116">
        <ele>72.0</ele>
        <time>2026-08-26T18:15:34+02:00</time>
      </trkpt>
      <trkpt lon="16.760072" lat="43.409147">
        <ele>72.0</ele>
        <time>2026-08-26T18:15:35+02:00</time>
      </trkpt>
      <trkpt lon="16.760374" lat="43.409166">
        <ele>71.0</ele>
        <time>2026-08-26T18:15:36+02:00</time>
      </trkpt>
      <trkpt lon="16.76063" lat="43.409165">
        <ele>71.0</ele>
        <time>2026-08-26T18:15:37+02:00</time>
      </trkpt>
      <trkpt lon="16.760926" lat="43.409158">
        <ele>71.0</ele>
        <time>2026-08-26T18:15:38+02:00</time>
      </trkpt>
      <trkpt lon="16.761216" lat="43.40914">
        <ele>70.0</ele>
        <time>2026-08-26T18:15:39+02:00</time>
      </trkpt>
      <trkpt lon="16.761505" lat="43.409122">
        <ele>69.0</ele>
        <time>2026-08-26T18:15:40+02:00</time>
      </trkpt>
      <trkpt lon="16.761789" lat="43.409113">
        <ele>69.0</ele>
        <time>2026-08-26T18:15:41+02:00</time>
      </trkpt>
      <trkpt lon="16.762078" lat="43.409106">
        <ele>69.0</ele>
        <time>2026-08-26T18:15:42+02:00</time>
      </trkpt>
      <trkpt lon="16.762369" lat="43.409116">
        <ele>69.0</ele>
        <time>2026-08-26T18:15:43+02:00</time>
      </trkpt>
      <trkpt lon="16.762665" lat="43.409148">
        <ele>70.0</ele>
        <time>2026-08-26T18:15:44+02:00</time>
      </trkpt>
      <trkpt lon="16.762952" lat="43.4092">
        <ele>70.0</ele>
        <time>2026-08-26T18:15:45+02:00</time>
      </trkpt>
      <trkpt lon="16.763237" lat="43.40926">
        <ele>70.0</ele>
        <time>2026-08-26T18:15:46+02:00</time>
      </trkpt>
      <trkpt lon="16.763497" lat="43.409313">
        <ele>70.0</ele>
        <time>2026-08-26T18:15:47+02:00</time>
      </trkpt>
      <trkpt lon="16.763746" lat="43.409348">
        <ele>70.0</ele>
        <time>2026-08-26T18:15:48+02:00</time>
      </trkpt>
      <trkpt lon="16.763994" lat="43.409358">
        <ele>70.0</ele>
        <time>2026-08-26T18:15:49+02:00</time>
      </trkpt>
      <trkpt lon="16.764257" lat="43.409335">
        <ele>71.0</ele>
        <time>2026-08-26T18:15:50+02:00</time>
      </trkpt>
      <trkpt lon="16.76451" lat="43.409287">
        <ele>70.0</ele>
        <time>2026-08-26T18:15:51+02:00</time>
      </trkpt>
      <trkpt lon="16.764773" lat="43.409206">
        <ele>70.0</ele>
        <time>2026-08-26T18:15:52+02:00</time>
      </trkpt>
      <trkpt lon="16.765034" lat="43.409109">
        <ele>69.0</ele>
        <time>2026-08-26T18:15:53+02:00</time>
      </trkpt>
      <trkpt lon="16.765277" lat="43.409015">
        <ele>69.0</ele>
        <time>2026-08-26T18:15:54+02:00</time>
      </trkpt>
      <trkpt lon="16.765546" lat="43.40892">
        <ele>68.0</ele>
        <time>2026-08-26T18:15:55+02:00</time>
      </trkpt>
      <trkpt lon="16.765807" lat="43.408853">
        <ele>68.0</ele>
        <time>2026-08-26T18:15:56+02:00</time>
      </trkpt>
      <trkpt lon="16.766103" lat="43.408804">
        <ele>69.0</ele>
        <time>2026-08-26T18:15:57+02:00</time>
      </trkpt>
      <trkpt lon="16.76641" lat="43.408776">
        <ele>69.0</ele>
        <time>2026-08-26T18:15:58+02:00</time>
      </trkpt>
      <trkpt lon="16.766733" lat="43.408762">
        <ele>70.0</ele>
        <time>2026-08-26T18:15:59+02:00</time>
      </trkpt>
      <trkpt lon="16.767033" lat="43.408759">
        <ele>69.0</ele>
        <time>2026-08-26T18:16:00+02:00</time>
      </trkpt>
      <trkpt lon="16.767326" lat="43.408744">
        <ele>69.0</ele>
        <time>2026-08-26T18:16:01+02:00</time>
      </trkpt>
      <trkpt lon="16.767604" lat="43.408716">
        <ele>69.0</ele>
        <time>2026-08-26T18:16:02+02:00</time>
      </trkpt>
      <trkpt lon="16.767888" lat="43.408664">
        <ele>70.0</ele>
        <time>2026-08-26T18:16:03+02:00</time>
      </trkpt>
      <trkpt lon="16.768174" lat="43.408584">
        <ele>70.0</ele>
        <time>2026-08-26T18:16:04+02:00</time>
      </trkpt>
      <trkpt lon="16.768424" lat="43.40851">
        <ele>70.0</ele>
        <time>2026-08-26T18:16:05+02:00</time>
      </trkpt>
      <trkpt lon="16.768708" lat="43.408421">
        <ele>70.0</ele>
        <time>2026-08-26T18:16:06+02:00</time>
      </trkpt>
      <trkpt lon="16.768998" lat="43.408351">
        <ele>71.0</ele>
        <time>2026-08-26T18:16:07+02:00</time>
      </trkpt>
      <trkpt lon="16.769288" lat="43.40831">
        <ele>71.0</ele>
        <time>2026-08-26T18:16:08+02:00</time>
      </trkpt>
      <trkpt lon="16.76962" lat="43.408295">
        <ele>71.0</ele>
        <time>2026-08-26T18:16:09+02:00</time>
      </trkpt>
      <trkpt lon="16.769908" lat="43.408315">
        <ele>70.0</ele>
        <time>2026-08-26T18:16:10+02:00</time>
      </trkpt>
      <trkpt lon="16.770193" lat="43.408352">
        <ele>70.0</ele>
        <time>2026-08-26T18:16:11+02:00</time>
      </trkpt>
      <trkpt lon="16.77047" lat="43.408399">
        <ele>70.0</ele>
        <time>2026-08-26T18:16:12+02:00</time>
      </trkpt>
      <trkpt lon="16.770724" lat="43.408435">
        <ele>70.0</ele>
        <time>2026-08-26T18:16:13+02:00</time>
      </trkpt>
      <trkpt lon="16.770963" lat="43.408448">
        <ele>70.0</ele>
        <time>2026-08-26T18:16:14+02:00</time>
      </trkpt>
      <trkpt lon="16.771186" lat="43.408424">
        <ele>70.0</ele>
        <time>2026-08-26T18:16:15+02:00</time>
      </trkpt>
      <trkpt lon="16.771395" lat="43.408364">
        <ele>70.0</ele>
        <time>2026-08-26T18:16:16+02:00</time>
      </trkpt>
      <trkpt lon="16.771582" lat="43.408273">
        <ele>71.0</ele>
        <time>2026-08-26T18:16:17+02:00</time>
      </trkpt>
      <trkpt lon="16.771757" lat="43.408151">
        <ele>71.0</ele>
        <time>2026-08-26T18:16:18+02:00</time>
      </trkpt>
      <trkpt lon="16.771922" lat="43.408004">
        <ele>71.0</ele>
        <time>2026-08-26T18:16:19+02:00</time>
      </trkpt>
      <trkpt lon="16.772077" lat="43.407858">
        <ele>71.0</ele>
        <time>2026-08-26T18:16:20+02:00</time>
      </trkpt>
      <trkpt lon="16.772267" lat="43.407728">
        <ele>70.0</ele>
        <time>2026-08-26T18:16:21+02:00</time>
      </trkpt>
      <trkpt lon="16.772464" lat="43.407613">
        <ele>70.0</ele>
        <time>2026-08-26T18:16:22+02:00</time>
      </trkpt>
      <trkpt lon="16.772693" lat="43.407513">
        <ele>69.0</ele>
        <time>2026-08-26T18:16:23+02:00</time>
      </trkpt>
      <trkpt lon="16.772927" lat="43.40744">
        <ele>69.0</ele>
        <time>2026-08-26T18:16:24+02:00</time>
      </trkpt>
      <trkpt lon="16.773169" lat="43.407407">
        <ele>70.0</ele>
        <time>2026-08-26T18:16:25+02:00</time>
      </trkpt>
      <trkpt lon="16.773416" lat="43.407409">
        <ele>70.0</ele>
        <time>2026-08-26T18:16:26+02:00</time>
      </trkpt>
      <trkpt lon="16.773669" lat="43.407428">
        <ele>70.0</ele>
        <time>2026-08-26T18:16:27+02:00</time>
      </trkpt>
      <trkpt lon="16.773936" lat="43.407458">
        <ele>70.0</ele>
        <time>2026-08-26T18:16:28+02:00</time>
      </trkpt>
      <trkpt lon="16.774211" lat="43.40748">
        <ele>69.0</ele>
        <time>2026-08-26T18:16:29+02:00</time>
      </trkpt>
      <trkpt lon="16.7745" lat="43.407499">
        <ele>69.0</ele>
        <time>2026-08-26T18:16:30+02:00</time>
      </trkpt>
      <trkpt lon="16.774768" lat="43.4075">
        <ele>70.0</ele>
        <time>2026-08-26T18:16:31+02:00</time>
      </trkpt>
      <trkpt lon="16.775042" lat="43.407498">
        <ele>70.0</ele>
        <time>2026-08-26T18:16:32+02:00</time>
      </trkpt>
      <trkpt lon="16.775317" lat="43.407482">
        <ele>71.0</ele>
        <time>2026-08-26T18:16:33+02:00</time>
      </trkpt>
      <trkpt lon="16.775585" lat="43.407454">
        <ele>71.0</ele>
        <time>2026-08-26T18:16:34+02:00</time>
      </trkpt>
      <trkpt lon="16.775876" lat="43.407419">
        <ele>72.0</ele>
        <time>2026-08-26T18:16:35+02:00</time>
      </trkpt>
      <trkpt lon="16.776143" lat="43.407379">
        <ele>74.0</ele>
        <time>2026-08-26T18:16:36+02:00</time>
      </trkpt>
      <trkpt lon="16.77641" lat="43.40733">
        <ele>74.0</ele>
        <time>2026-08-26T18:16:37+02:00</time>
      </trkpt>
      <trkpt lon="16.776673" lat="43.407285">
        <ele>75.0</ele>
        <time>2026-08-26T18:16:38+02:00</time>
      </trkpt>
      <trkpt lon="16.776944" lat="43.407232">
        <ele>76.0</ele>
        <time>2026-08-26T18:16:39+02:00</time>
      </trkpt>
      <trkpt lon="16.77721" lat="43.407169">
        <ele>76.0</ele>
        <time>2026-08-26T18:16:40+02:00</time>
      </trkpt>
      <trkpt lon="16.777462" lat="43.407102">
        <ele>77.0</ele>
        <time>2026-08-26T18:16:41+02:00</time>
      </trkpt>
      <trkpt lon="16.777729" lat="43.407024">
        <ele>78.0</ele>
        <time>2026-08-26T18:16:42+02:00</time>
      </trkpt>
      <trkpt lon="16.777984" lat="43.40695">
        <ele>78.0</ele>
        <time>2026-08-26T18:16:43+02:00</time>
      </trkpt>
      <trkpt lon="16.778214" lat="43.406884">
        <ele>79.0</ele>
        <time>2026-08-26T18:16:44+02:00</time>
      </trkpt>
      <trkpt lon="16.778464" lat="43.406827">
        <ele>79.0</ele>
        <time>2026-08-26T18:16:45+02:00</time>
      </trkpt>
      <trkpt lon="16.778728" lat="43.406777">
        <ele>79.0</ele>
        <time>2026-08-26T18:16:46+02:00</time>
      </trkpt>
      <trkpt lon="16.778997" lat="43.406737">
        <ele>79.0</ele>
        <time>2026-08-26T18:16:47+02:00</time>
      </trkpt>
      <trkpt lon="16.779244" lat="43.406708">
        <ele>79.0</ele>
        <time>2026-08-26T18:16:48+02:00</time>
      </trkpt>
      <trkpt lon="16.779402" lat="43.406724">
        <ele>79.0</ele>
        <time>2026-08-26T18:16:49+02:00</time>
      </trkpt>
      <trkpt lon="16.779618" lat="43.406746">
        <ele>78.0</ele>
        <time>2026-08-26T18:16:50+02:00</time>
      </trkpt>
      <trkpt lon="16.779898" lat="43.406785">
        <ele>79.0</ele>
        <time>2026-08-26T18:16:51+02:00</time>
      </trkpt>
      <trkpt lon="16.780123" lat="43.406816">
        <ele>79.0</ele>
        <time>2026-08-26T18:16:52+02:00</time>
      </trkpt>
      <trkpt lon="16.780378" lat="43.40685">
        <ele>79.0</ele>
        <time>2026-08-26T18:16:53+02:00</time>
      </trkpt>
      <trkpt lon="16.780597" lat="43.406879">
        <ele>80.0</ele>
        <time>2026-08-26T18:16:54+02:00</time>
      </trkpt>
      <trkpt lon="16.780831" lat="43.406891">
        <ele>79.0</ele>
        <time>2026-08-26T18:16:55+02:00</time>
      </trkpt>
      <trkpt lon="16.781052" lat="43.406887">
        <ele>79.0</ele>
        <time>2026-08-26T18:16:56+02:00</time>
      </trkpt>
      <trkpt lon="16.781271" lat="43.406871">
        <ele>78.0</ele>
        <time>2026-08-26T18:16:57+02:00</time>
      </trkpt>
      <trkpt lon="16.781472" lat="43.40685">
        <ele>78.0</ele>
        <time>2026-08-26T18:16:58+02:00</time>
      </trkpt>
      <trkpt lon="16.781666" lat="43.406833">
        <ele>77.0</ele>
        <time>2026-08-26T18:16:59+02:00</time>
      </trkpt>
      <trkpt lon="16.781833" lat="43.406814">
        <ele>76.0</ele>
        <time>2026-08-26T18:17:00+02:00</time>
      </trkpt>
      <trkpt lon="16.781981" lat="43.406799">
        <ele>75.0</ele>
        <time>2026-08-26T18:17:01+02:00</time>
      </trkpt>
      <trkpt lon="16.78213" lat="43.406787">
        <ele>73.0</ele>
        <time>2026-08-26T18:17:02+02:00</time>
      </trkpt>
      <trkpt lon="16.782279" lat="43.40677">
        <ele>72.0</ele>
        <time>2026-08-26T18:17:03+02:00</time>
      </trkpt>
      <trkpt lon="16.78243" lat="43.406757">
        <ele>71.0</ele>
        <time>2026-08-26T18:17:04+02:00</time>
      </trkpt>
      <trkpt lon="16.782566" lat="43.406747">
        <ele>70.0</ele>
        <time>2026-08-26T18:17:05+02:00</time>
      </trkpt>
      <trkpt lon="16.7827" lat="43.406732">
        <ele>69.0</ele>
        <time>2026-08-26T18:17:06+02:00</time>
      </trkpt>
      <trkpt lon="16.782849" lat="43.406715">
        <ele>69.0</ele>
        <time>2026-08-26T18:17:07+02:00</time>
      </trkpt>
      <trkpt lon="16.782999" lat="43.406693">
        <ele>68.0</ele>
        <time>2026-08-26T18:17:08+02:00</time>
      </trkpt>
      <trkpt lon="16.783159" lat="43.406677">
        <ele>67.0</ele>
        <time>2026-08-26T18:17:09+02:00</time>
      </trkpt>
      <trkpt lon="16.783317" lat="43.406667">
        <ele>67.0</ele>
        <time>2026-08-26T18:17:10+02:00</time>
      </trkpt>
      <trkpt lon="16.783469" lat="43.406662">
        <ele>66.0</ele>
        <time>2026-08-26T18:17:11+02:00</time>
      </trkpt>
      <trkpt lon="16.783637" lat="43.406667">
        <ele>66.0</ele>
        <time>2026-08-26T18:17:12+02:00</time>
      </trkpt>
      <trkpt lon="16.783798" lat="43.40668">
        <ele>66.0</ele>
        <time>2026-08-26T18:17:13+02:00</time>
      </trkpt>
      <trkpt lon="16.783944" lat="43.406705">
        <ele>65.0</ele>
        <time>2026-08-26T18:17:14+02:00</time>
      </trkpt>
      <trkpt lon="16.784102" lat="43.406737">
        <ele>65.0</ele>
        <time>2026-08-26T18:17:15+02:00</time>
      </trkpt>
      <trkpt lon="16.784258" lat="43.406771">
        <ele>65.0</ele>
        <time>2026-08-26T18:17:16+02:00</time>
      </trkpt>
      <trkpt lon="16.784423" lat="43.406806">
        <ele>65.0</ele>
        <time>2026-08-26T18:17:17+02:00</time>
      </trkpt>
      <trkpt lon="16.784579" lat="43.406842">
        <ele>64.0</ele>
        <time>2026-08-26T18:17:18+02:00</time>
      </trkpt>
      <trkpt lon="16.784729" lat="43.406877">
        <ele>64.0</ele>
        <time>2026-08-26T18:17:19+02:00</time>
      </trkpt>
      <trkpt lon="16.784875" lat="43.406911">
        <ele>63.0</ele>
        <time>2026-08-26T18:17:20+02:00</time>
      </trkpt>
      <trkpt lon="16.785015" lat="43.406941">
        <ele>63.0</ele>
        <time>2026-08-26T18:17:21+02:00</time>
      </trkpt>
      <trkpt lon="16.785172" lat="43.406966">
        <ele>63.0</ele>
        <time>2026-08-26T18:17:22+02:00</time>
      </trkpt>
      <trkpt lon="16.785345" lat="43.406993">
        <ele>62.0</ele>
        <time>2026-08-26T18:17:23+02:00</time>
      </trkpt>
      <trkpt lon="16.785532" lat="43.407008">
        <ele>62.0</ele>
        <time>2026-08-26T18:17:24+02:00</time>
      </trkpt>
      <trkpt lon="16.785714" lat="43.407008">
        <ele>62.0</ele>
        <time>2026-08-26T18:17:25+02:00</time>
      </trkpt>
      <trkpt lon="16.785895" lat="43.407001">
        <ele>61.0</ele>
        <time>2026-08-26T18:17:26+02:00</time>
      </trkpt>
      <trkpt lon="16.786056" lat="43.406986">
        <ele>61.0</ele>
        <time>2026-08-26T18:17:27+02:00</time>
      </trkpt>
      <trkpt lon="16.786216" lat="43.406967">
        <ele>61.0</ele>
        <time>2026-08-26T18:17:28+02:00</time>
      </trkpt>
      <trkpt lon="16.786377" lat="43.406947">
        <ele>61.0</ele>
        <time>2026-08-26T18:17:29+02:00</time>
      </trkpt>
      <trkpt lon="16.786525" lat="43.406921">
        <ele>61.0</ele>
        <time>2026-08-26T18:17:30+02:00</time>
      </trkpt>
      <trkpt lon="16.786681" lat="43.406884">
        <ele>60.0</ele>
        <time>2026-08-26T18:17:31+02:00</time>
      </trkpt>
      <trkpt lon="16.786837" lat="43.40684">
        <ele>60.0</ele>
        <time>2026-08-26T18:17:32+02:00</time>
      </trkpt>
      <trkpt lon="16.786973" lat="43.406798">
        <ele>59.0</ele>
        <time>2026-08-26T18:17:33+02:00</time>
      </trkpt>
      <trkpt lon="16.787122" lat="43.406748">
        <ele>58.0</ele>
        <time>2026-08-26T18:17:34+02:00</time>
      </trkpt>
      <trkpt lon="16.787265" lat="43.406704">
        <ele>57.0</ele>
        <time>2026-08-26T18:17:35+02:00</time>
      </trkpt>
      <trkpt lon="16.787417" lat="43.406654">
        <ele>58.0</ele>
        <time>2026-08-26T18:17:36+02:00</time>
      </trkpt>
      <trkpt lon="16.787566" lat="43.406607">
        <ele>58.0</ele>
        <time>2026-08-26T18:17:37+02:00</time>
      </trkpt>
      <trkpt lon="16.787718" lat="43.406565">
        <ele>57.0</ele>
        <time>2026-08-26T18:17:38+02:00</time>
      </trkpt>
      <trkpt lon="16.787866" lat="43.406528">
        <ele>57.0</ele>
        <time>2026-08-26T18:17:39+02:00</time>
      </trkpt>
      <trkpt lon="16.788018" lat="43.406499">
        <ele>57.0</ele>
        <time>2026-08-26T18:17:40+02:00</time>
      </trkpt>
      <trkpt lon="16.78817" lat="43.406476">
        <ele>57.0</ele>
        <time>2026-08-26T18:17:41+02:00</time>
      </trkpt>
      <trkpt lon="16.788332" lat="43.406451">
        <ele>57.0</ele>
        <time>2026-08-26T18:17:42+02:00</time>
      </trkpt>
      <trkpt lon="16.788491" lat="43.406425">
        <ele>57.0</ele>
        <time>2026-08-26T18:17:43+02:00</time>
      </trkpt>
      <trkpt lon="16.788663" lat="43.406402">
        <ele>57.0</ele>
        <time>2026-08-26T18:17:44+02:00</time>
      </trkpt>
      <trkpt lon="16.788834" lat="43.406377">
        <ele>56.0</ele>
        <time>2026-08-26T18:17:45+02:00</time>
      </trkpt>
      <trkpt lon="16.789" lat="43.406349">
        <ele>56.0</ele>
        <time>2026-08-26T18:17:46+02:00</time>
      </trkpt>
      <trkpt lon="16.789165" lat="43.406306">
        <ele>56.0</ele>
        <time>2026-08-26T18:17:47+02:00</time>
      </trkpt>
      <trkpt lon="16.789302" lat="43.406259">
        <ele>55.0</ele>
        <time>2026-08-26T18:17:48+02:00</time>
      </trkpt>
      <trkpt lon="16.789438" lat="43.406194">
        <ele>55.0</ele>
        <time>2026-08-26T18:17:49+02:00</time>
      </trkpt>
      <trkpt lon="16.789557" lat="43.40612">
        <ele>56.0</ele>
        <time>2026-08-26T18:17:50+02:00</time>
      </trkpt>
      <trkpt lon="16.789672" lat="43.40604">
        <ele>55.0</ele>
        <time>2026-08-26T18:17:51+02:00</time>
      </trkpt>
      <trkpt lon="16.789776" lat="43.405957">
        <ele>55.0</ele>
        <time>2026-08-26T18:17:52+02:00</time>
      </trkpt>
      <trkpt lon="16.789868" lat="43.40587">
        <ele>55.0</ele>
        <time>2026-08-26T18:17:53+02:00</time>
      </trkpt>
      <trkpt lon="16.789962" lat="43.405773">
        <ele>56.0</ele>
        <time>2026-08-26T18:17:54+02:00</time>
      </trkpt>
      <trkpt lon="16.790047" lat="43.405679">
        <ele>56.0</ele>
        <time>2026-08-26T18:17:55+02:00</time>
      </trkpt>
      <trkpt lon="16.790135" lat="43.405582">
        <ele>54.0</ele>
        <time>2026-08-26T18:17:56+02:00</time>
      </trkpt>
      <trkpt lon="16.790224" lat="43.40548">
        <ele>56.0</ele>
        <time>2026-08-26T18:17:57+02:00</time>
      </trkpt>
      <trkpt lon="16.790316" lat="43.405384">
        <ele>56.0</ele>
        <time>2026-08-26T18:17:58+02:00</time>
      </trkpt>
      <trkpt lon="16.790411" lat="43.405281">
        <ele>57.0</ele>
        <time>2026-08-26T18:17:59+02:00</time>
      </trkpt>
      <trkpt lon="16.790515" lat="43.405172">
        <ele>56.0</ele>
        <time>2026-08-26T18:18:00+02:00</time>
      </trkpt>
      <trkpt lon="16.790614" lat="43.405061">
        <ele>56.0</ele>
        <time>2026-08-26T18:18:01+02:00</time>
      </trkpt>
      <trkpt lon="16.790715" lat="43.404948">
        <ele>56.0</ele>
        <time>2026-08-26T18:18:02+02:00</time>
      </trkpt>
      <trkpt lon="16.79082" lat="43.404832">
        <ele>56.0</ele>
        <time>2026-08-26T18:18:03+02:00</time>
      </trkpt>
      <trkpt lon="16.790923" lat="43.404714">
        <ele>56.0</ele>
        <time>2026-08-26T18:18:04+02:00</time>
      </trkpt>
      <trkpt lon="16.791032" lat="43.404593">
        <ele>57.0</ele>
        <time>2026-08-26T18:18:05+02:00</time>
      </trkpt>
      <trkpt lon="16.791129" lat="43.404492">
        <ele>57.0</ele>
        <time>2026-08-26T18:18:06+02:00</time>
      </trkpt>
      <trkpt lon="16.791243" lat="43.404397">
        <ele>57.0</ele>
        <time>2026-08-26T18:18:07+02:00</time>
      </trkpt>
      <trkpt lon="16.791384" lat="43.404302">
        <ele>57.0</ele>
        <time>2026-08-26T18:18:08+02:00</time>
      </trkpt>
      <trkpt lon="16.791535" lat="43.404224">
        <ele>58.0</ele>
        <time>2026-08-26T18:18:09+02:00</time>
      </trkpt>
      <trkpt lon="16.791699" lat="43.404161">
        <ele>59.0</ele>
        <time>2026-08-26T18:18:10+02:00</time>
      </trkpt>
      <trkpt lon="16.791882" lat="43.404107">
        <ele>59.0</ele>
        <time>2026-08-26T18:18:11+02:00</time>
      </trkpt>
      <trkpt lon="16.792062" lat="43.40407">
        <ele>60.0</ele>
        <time>2026-08-26T18:18:12+02:00</time>
      </trkpt>
      <trkpt lon="16.792248" lat="43.404042">
        <ele>60.0</ele>
        <time>2026-08-26T18:18:13+02:00</time>
      </trkpt>
      <trkpt lon="16.792423" lat="43.404021">
        <ele>60.0</ele>
        <time>2026-08-26T18:18:14+02:00</time>
      </trkpt>
      <trkpt lon="16.792602" lat="43.404014">
        <ele>61.0</ele>
        <time>2026-08-26T18:18:15+02:00</time>
      </trkpt>
      <trkpt lon="16.792773" lat="43.404016">
        <ele>60.0</ele>
        <time>2026-08-26T18:18:16+02:00</time>
      </trkpt>
      <trkpt lon="16.792954" lat="43.404028">
        <ele>61.0</ele>
        <time>2026-08-26T18:18:17+02:00</time>
      </trkpt>
      <trkpt lon="16.793125" lat="43.404047">
        <ele>61.0</ele>
        <time>2026-08-26T18:18:18+02:00</time>
      </trkpt>
      <trkpt lon="16.7933" lat="43.404077">
        <ele>61.0</ele>
        <time>2026-08-26T18:18:19+02:00</time>
      </trkpt>
      <trkpt lon="16.79347" lat="43.404121">
        <ele>61.0</ele>
        <time>2026-08-26T18:18:20+02:00</time>
      </trkpt>
      <trkpt lon="16.793638" lat="43.404176">
        <ele>62.0</ele>
        <time>2026-08-26T18:18:21+02:00</time>
      </trkpt>
      <trkpt lon="16.793779" lat="43.404241">
        <ele>62.0</ele>
        <time>2026-08-26T18:18:22+02:00</time>
      </trkpt>
      <trkpt lon="16.793925" lat="43.404314">
        <ele>62.0</ele>
        <time>2026-08-26T18:18:23+02:00</time>
      </trkpt>
      <trkpt lon="16.794051" lat="43.404394">
        <ele>63.0</ele>
        <time>2026-08-26T18:18:24+02:00</time>
      </trkpt>
      <trkpt lon="16.79416" lat="43.404471">
        <ele>61.0</ele>
        <time>2026-08-26T18:18:25+02:00</time>
      </trkpt>
      <trkpt lon="16.794266" lat="43.404552">
        <ele>62.0</ele>
        <time>2026-08-26T18:18:26+02:00</time>
      </trkpt>
      <trkpt lon="16.794361" lat="43.404627">
        <ele>61.0</ele>
        <time>2026-08-26T18:18:27+02:00</time>
      </trkpt>
      <trkpt lon="16.794451" lat="43.404705">
        <ele>62.0</ele>
        <time>2026-08-26T18:18:28+02:00</time>
      </trkpt>
      <trkpt lon="16.79455" lat="43.404791">
        <ele>62.0</ele>
        <time>2026-08-26T18:18:29+02:00</time>
      </trkpt>
      <trkpt lon="16.794654" lat="43.404887">
        <ele>62.0</ele>
        <time>2026-08-26T18:18:30+02:00</time>
      </trkpt>
      <trkpt lon="16.794756" lat="43.404982">
        <ele>61.0</ele>
        <time>2026-08-26T18:18:31+02:00</time>
      </trkpt>
      <trkpt lon="16.794861" lat="43.405081">
        <ele>61.0</ele>
        <time>2026-08-26T18:18:32+02:00</time>
      </trkpt>
      <trkpt lon="16.794977" lat="43.405181">
        <ele>61.0</ele>
        <time>2026-08-26T18:18:33+02:00</time>
      </trkpt>
      <trkpt lon="16.795085" lat="43.40527">
        <ele>61.0</ele>
        <time>2026-08-26T18:18:34+02:00</time>
      </trkpt>
      <trkpt lon="16.795195" lat="43.405355">
        <ele>61.0</ele>
        <time>2026-08-26T18:18:35+02:00</time>
      </trkpt>
      <trkpt lon="16.795316" lat="43.405436">
        <ele>61.0</ele>
        <time>2026-08-26T18:18:36+02:00</time>
      </trkpt>
      <trkpt lon="16.795448" lat="43.405512">
        <ele>61.0</ele>
        <time>2026-08-26T18:18:37+02:00</time>
      </trkpt>
      <trkpt lon="16.79559" lat="43.405579">
        <ele>62.0</ele>
        <time>2026-08-26T18:18:38+02:00</time>
      </trkpt>
      <trkpt lon="16.795732" lat="43.405625">
        <ele>62.0</ele>
        <time>2026-08-26T18:18:39+02:00</time>
      </trkpt>
      <trkpt lon="16.795888" lat="43.405656">
        <ele>62.0</ele>
        <time>2026-08-26T18:18:40+02:00</time>
      </trkpt>
      <trkpt lon="16.796038" lat="43.405676">
        <ele>62.0</ele>
        <time>2026-08-26T18:18:41+02:00</time>
      </trkpt>
      <trkpt lon="16.79619" lat="43.405687">
        <ele>61.0</ele>
        <time>2026-08-26T18:18:42+02:00</time>
      </trkpt>
      <trkpt lon="16.796344" lat="43.405686">
        <ele>61.0</ele>
        <time>2026-08-26T18:18:43+02:00</time>
      </trkpt>
      <trkpt lon="16.796484" lat="43.405676">
        <ele>60.0</ele>
        <time>2026-08-26T18:18:44+02:00</time>
      </trkpt>
      <trkpt lon="16.796619" lat="43.405658">
        <ele>60.0</ele>
        <time>2026-08-26T18:18:45+02:00</time>
      </trkpt>
      <trkpt lon="16.796751" lat="43.405625">
        <ele>60.0</ele>
        <time>2026-08-26T18:18:46+02:00</time>
      </trkpt>
      <trkpt lon="16.79689" lat="43.405585">
        <ele>59.0</ele>
        <time>2026-08-26T18:18:47+02:00</time>
      </trkpt>
      <trkpt lon="16.797018" lat="43.405543">
        <ele>60.0</ele>
        <time>2026-08-26T18:18:48+02:00</time>
      </trkpt>
      <trkpt lon="16.797159" lat="43.405497">
        <ele>60.0</ele>
        <time>2026-08-26T18:18:49+02:00</time>
      </trkpt>
      <trkpt lon="16.797294" lat="43.40545">
        <ele>59.0</ele>
        <time>2026-08-26T18:18:50+02:00</time>
      </trkpt>
      <trkpt lon="16.797441" lat="43.405401">
        <ele>59.0</ele>
        <time>2026-08-26T18:18:51+02:00</time>
      </trkpt>
      <trkpt lon="16.797579" lat="43.405357">
        <ele>59.0</ele>
        <time>2026-08-26T18:18:52+02:00</time>
      </trkpt>
      <trkpt lon="16.797728" lat="43.405314">
        <ele>59.0</ele>
        <time>2026-08-26T18:18:53+02:00</time>
      </trkpt>
      <trkpt lon="16.797891" lat="43.405263">
        <ele>59.0</ele>
        <time>2026-08-26T18:18:54+02:00</time>
      </trkpt>
      <trkpt lon="16.798081" lat="43.405213">
        <ele>58.0</ele>
        <time>2026-08-26T18:18:55+02:00</time>
      </trkpt>
      <trkpt lon="16.798248" lat="43.405157">
        <ele>59.0</ele>
        <time>2026-08-26T18:18:56+02:00</time>
      </trkpt>
      <trkpt lon="16.798408" lat="43.4051">
        <ele>59.0</ele>
        <time>2026-08-26T18:18:57+02:00</time>
      </trkpt>
      <trkpt lon="16.798571" lat="43.405043">
        <ele>59.0</ele>
        <time>2026-08-26T18:18:58+02:00</time>
      </trkpt>
      <trkpt lon="16.798713" lat="43.405002">
        <ele>60.0</ele>
        <time>2026-08-26T18:18:59+02:00</time>
      </trkpt>
      <trkpt lon="16.798848" lat="43.404957">
        <ele>60.0</ele>
        <time>2026-08-26T18:19:00+02:00</time>
      </trkpt>
      <trkpt lon="16.798968" lat="43.404913">
        <ele>60.0</ele>
        <time>2026-08-26T18:19:01+02:00</time>
      </trkpt>
      <trkpt lon="16.799097" lat="43.404865">
        <ele>60.0</ele>
        <time>2026-08-26T18:19:02+02:00</time>
      </trkpt>
      <trkpt lon="16.799229" lat="43.404815">
        <ele>60.0</ele>
        <time>2026-08-26T18:19:03+02:00</time>
      </trkpt>
      <trkpt lon="16.79937" lat="43.40477">
        <ele>61.0</ele>
        <time>2026-08-26T18:19:04+02:00</time>
      </trkpt>
      <trkpt lon="16.799503" lat="43.404725">
        <ele>61.0</ele>
        <time>2026-08-26T18:19:05+02:00</time>
      </trkpt>
      <trkpt lon="16.799641" lat="43.404679">
        <ele>61.0</ele>
        <time>2026-08-26T18:19:06+02:00</time>
      </trkpt>
      <trkpt lon="16.799789" lat="43.40463">
        <ele>62.0</ele>
        <time>2026-08-26T18:19:07+02:00</time>
      </trkpt>
      <trkpt lon="16.799937" lat="43.40458">
        <ele>62.0</ele>
        <time>2026-08-26T18:19:08+02:00</time>
      </trkpt>
      <trkpt lon="16.800086" lat="43.404534">
        <ele>63.0</ele>
        <time>2026-08-26T18:19:09+02:00</time>
      </trkpt>
      <trkpt lon="16.800238" lat="43.40449">
        <ele>63.0</ele>
        <time>2026-08-26T18:19:10+02:00</time>
      </trkpt>
      <trkpt lon="16.800388" lat="43.404447">
        <ele>64.0</ele>
        <time>2026-08-26T18:19:11+02:00</time>
      </trkpt>
      <trkpt lon="16.800538" lat="43.404404">
        <ele>64.0</ele>
        <time>2026-08-26T18:19:12+02:00</time>
      </trkpt>
      <trkpt lon="16.800705" lat="43.404359">
        <ele>64.0</ele>
        <time>2026-08-26T18:19:13+02:00</time>
      </trkpt>
      <trkpt lon="16.800876" lat="43.404316">
        <ele>65.0</ele>
        <time>2026-08-26T18:19:14+02:00</time>
      </trkpt>
      <trkpt lon="16.801049" lat="43.404276">
        <ele>66.0</ele>
        <time>2026-08-26T18:19:15+02:00</time>
      </trkpt>
      <trkpt lon="16.801232" lat="43.404243">
        <ele>67.0</ele>
        <time>2026-08-26T18:19:16+02:00</time>
      </trkpt>
      <trkpt lon="16.801408" lat="43.404221">
        <ele>68.0</ele>
        <time>2026-08-26T18:19:17+02:00</time>
      </trkpt>
      <trkpt lon="16.801582" lat="43.404201">
        <ele>68.0</ele>
        <time>2026-08-26T18:19:18+02:00</time>
      </trkpt>
      <trkpt lon="16.801766" lat="43.404178">
        <ele>69.0</ele>
        <time>2026-08-26T18:19:19+02:00</time>
      </trkpt>
      <trkpt lon="16.801949" lat="43.404166">
        <ele>70.0</ele>
        <time>2026-08-26T18:19:20+02:00</time>
      </trkpt>
      <trkpt lon="16.802126" lat="43.40416">
        <ele>71.0</ele>
        <time>2026-08-26T18:19:21+02:00</time>
      </trkpt>
      <trkpt lon="16.802313" lat="43.404158">
        <ele>72.0</ele>
        <time>2026-08-26T18:19:22+02:00</time>
      </trkpt>
      <trkpt lon="16.802502" lat="43.40416">
        <ele>74.0</ele>
        <time>2026-08-26T18:19:23+02:00</time>
      </trkpt>
      <trkpt lon="16.802666" lat="43.404168">
        <ele>74.0</ele>
        <time>2026-08-26T18:19:24+02:00</time>
      </trkpt>
      <trkpt lon="16.80284" lat="43.404179">
        <ele>75.0</ele>
        <time>2026-08-26T18:19:25+02:00</time>
      </trkpt>
      <trkpt lon="16.803017" lat="43.404195">
        <ele>76.0</ele>
        <time>2026-08-26T18:19:26+02:00</time>
      </trkpt>
      <trkpt lon="16.803193" lat="43.404217">
        <ele>76.0</ele>
        <time>2026-08-26T18:19:27+02:00</time>
      </trkpt>
      <trkpt lon="16.803361" lat="43.404242">
        <ele>77.0</ele>
        <time>2026-08-26T18:19:28+02:00</time>
      </trkpt>
      <trkpt lon="16.803529" lat="43.404273">
        <ele>77.0</ele>
        <time>2026-08-26T18:19:29+02:00</time>
      </trkpt>
      <trkpt lon="16.80369" lat="43.404307">
        <ele>78.0</ele>
        <time>2026-08-26T18:19:30+02:00</time>
      </trkpt>
      <trkpt lon="16.803842" lat="43.404347">
        <ele>78.0</ele>
        <time>2026-08-26T18:19:31+02:00</time>
      </trkpt>
      <trkpt lon="16.80399" lat="43.404388">
        <ele>79.0</ele>
        <time>2026-08-26T18:19:32+02:00</time>
      </trkpt>
      <trkpt lon="16.804139" lat="43.404437">
        <ele>80.0</ele>
        <time>2026-08-26T18:19:33+02:00</time>
      </trkpt>
      <trkpt lon="16.804274" lat="43.404479">
        <ele>80.0</ele>
        <time>2026-08-26T18:19:34+02:00</time>
      </trkpt>
      <trkpt lon="16.804402" lat="43.404521">
        <ele>81.0</ele>
        <time>2026-08-26T18:19:35+02:00</time>
      </trkpt>
      <trkpt lon="16.804592" lat="43.404584">
        <ele>83.0</ele>
        <time>2026-08-26T18:19:37+02:00</time>
      </trkpt>
      <trkpt lon="16.804661" lat="43.404615">
        <ele>84.0</ele>
        <time>2026-08-26T18:19:38+02:00</time>
      </trkpt>
      <trkpt lon="16.804729" lat="43.404644">
        <ele>84.0</ele>
        <time>2026-08-26T18:19:39+02:00</time>
      </trkpt>
      <trkpt lon="16.804793" lat="43.404674">
        <ele>84.0</ele>
        <time>2026-08-26T18:19:40+02:00</time>
      </trkpt>
      <trkpt lon="16.804846" lat="43.404701">
        <ele>84.0</ele>
        <time>2026-08-26T18:19:41+02:00</time>
      </trkpt>
      <trkpt lon="16.804932" lat="43.404744">
        <ele>85.0</ele>
        <time>2026-08-26T18:19:43+02:00</time>
      </trkpt>
      <trkpt lon="16.805029" lat="43.404795">
        <ele>85.0</ele>
        <time>2026-08-26T18:19:45+02:00</time>
      </trkpt>
      <trkpt lon="16.805081" lat="43.404827">
        <ele>85.0</ele>
        <time>2026-08-26T18:19:46+02:00</time>
      </trkpt>
      <trkpt lon="16.805163" lat="43.404863">
        <ele>85.0</ele>
        <time>2026-08-26T18:19:48+02:00</time>
      </trkpt>
      <trkpt lon="16.805163" lat="43.404861">
        <ele>85.0</ele>
        <time>2026-08-26T18:19:50+02:00</time>
      </trkpt>
      <trkpt lon="16.805152" lat="43.404855">
        <ele>86.0</ele>
        <time>2026-08-26T18:20:02+02:00</time>
      </trkpt>
      <trkpt lon="16.805191" lat="43.40489">
        <ele>87.0</ele>
        <time>2026-08-26T18:20:47+02:00</time>
      </trkpt>
      <trkpt lon="16.805245" lat="43.404934">
        <ele>87.0</ele>
        <time>2026-08-26T18:20:48+02:00</time>
      </trkpt>
      <trkpt lon="16.805328" lat="43.404986">
        <ele>88.0</ele>
        <time>2026-08-26T18:20:49+02:00</time>
      </trkpt>
      <trkpt lon="16.805442" lat="43.405056">
        <ele>87.0</ele>
        <time>2026-08-26T18:20:50+02:00</time>
      </trkpt>
      <trkpt lon="16.805568" lat="43.405135">
        <ele>88.0</ele>
        <time>2026-08-26T18:20:51+02:00</time>
      </trkpt>
      <trkpt lon="16.805697" lat="43.405221">
        <ele>88.0</ele>
        <time>2026-08-26T18:20:52+02:00</time>
      </trkpt>
      <trkpt lon="16.805839" lat="43.405318">
        <ele>89.0</ele>
        <time>2026-08-26T18:20:53+02:00</time>
      </trkpt>
      <trkpt lon="16.80598" lat="43.405414">
        <ele>89.0</ele>
        <time>2026-08-26T18:20:54+02:00</time>
      </trkpt>
      <trkpt lon="16.80613" lat="43.405511">
        <ele>89.0</ele>
        <time>2026-08-26T18:20:55+02:00</time>
      </trkpt>
      <trkpt lon="16.806288" lat="43.405604">
        <ele>90.0</ele>
        <time>2026-08-26T18:20:56+02:00</time>
      </trkpt>
      <trkpt lon="16.806458" lat="43.405702">
        <ele>92.0</ele>
        <time>2026-08-26T18:20:57+02:00</time>
      </trkpt>
      <trkpt lon="16.806625" lat="43.405778">
        <ele>92.0</ele>
        <time>2026-08-26T18:20:58+02:00</time>
      </trkpt>
      <trkpt lon="16.806805" lat="43.405846">
        <ele>95.0</ele>
        <time>2026-08-26T18:20:59+02:00</time>
      </trkpt>
      <trkpt lon="16.807004" lat="43.405897">
        <ele>95.0</ele>
        <time>2026-08-26T18:21:00+02:00</time>
      </trkpt>
      <trkpt lon="16.807208" lat="43.405931">
        <ele>95.0</ele>
        <time>2026-08-26T18:21:01+02:00</time>
      </trkpt>
      <trkpt lon="16.807435" lat="43.405944">
        <ele>95.0</ele>
        <time>2026-08-26T18:21:02+02:00</time>
      </trkpt>
      <trkpt lon="16.807645" lat="43.405926">
        <ele>95.0</ele>
        <time>2026-08-26T18:21:03+02:00</time>
      </trkpt>
      <trkpt lon="16.807861" lat="43.405889">
        <ele>95.0</ele>
        <time>2026-08-26T18:21:04+02:00</time>
      </trkpt>
      <trkpt lon="16.808085" lat="43.405826">
        <ele>95.0</ele>
        <time>2026-08-26T18:21:05+02:00</time>
      </trkpt>
      <trkpt lon="16.808307" lat="43.405748">
        <ele>95.0</ele>
        <time>2026-08-26T18:21:06+02:00</time>
      </trkpt>
      <trkpt lon="16.808515" lat="43.405659">
        <ele>95.0</ele>
        <time>2026-08-26T18:21:07+02:00</time>
      </trkpt>
      <trkpt lon="16.808728" lat="43.405558">
        <ele>95.0</ele>
        <time>2026-08-26T18:21:08+02:00</time>
      </trkpt>
      <trkpt lon="16.808927" lat="43.405458">
        <ele>95.0</ele>
        <time>2026-08-26T18:21:09+02:00</time>
      </trkpt>
      <trkpt lon="16.809125" lat="43.405359">
        <ele>95.0</ele>
        <time>2026-08-26T18:21:10+02:00</time>
      </trkpt>
      <trkpt lon="16.809335" lat="43.40526">
        <ele>97.0</ele>
        <time>2026-08-26T18:21:11+02:00</time>
      </trkpt>
      <trkpt lon="16.809536" lat="43.405166">
        <ele>97.0</ele>
        <time>2026-08-26T18:21:12+02:00</time>
      </trkpt>
      <trkpt lon="16.809737" lat="43.405067">
        <ele>97.0</ele>
        <time>2026-08-26T18:21:13+02:00</time>
      </trkpt>
      <trkpt lon="16.809922" lat="43.404973">
        <ele>95.0</ele>
        <time>2026-08-26T18:21:14+02:00</time>
      </trkpt>
      <trkpt lon="16.810107" lat="43.404893">
        <ele>95.0</ele>
        <time>2026-08-26T18:21:15+02:00</time>
      </trkpt>
      <trkpt lon="16.810303" lat="43.404824">
        <ele>95.0</ele>
        <time>2026-08-26T18:21:16+02:00</time>
      </trkpt>
      <trkpt lon="16.810512" lat="43.404774">
        <ele>95.0</ele>
        <time>2026-08-26T18:21:17+02:00</time>
      </trkpt>
      <trkpt lon="16.810737" lat="43.404744">
        <ele>95.0</ele>
        <time>2026-08-26T18:21:18+02:00</time>
      </trkpt>
      <trkpt lon="16.810978" lat="43.404742">
        <ele>95.0</ele>
        <time>2026-08-26T18:21:19+02:00</time>
      </trkpt>
      <trkpt lon="16.811229" lat="43.404763">
        <ele>95.0</ele>
        <time>2026-08-26T18:21:20+02:00</time>
      </trkpt>
      <trkpt lon="16.811476" lat="43.404799">
        <ele>95.0</ele>
        <time>2026-08-26T18:21:21+02:00</time>
      </trkpt>
      <trkpt lon="16.811723" lat="43.404842">
        <ele>95.0</ele>
        <time>2026-08-26T18:21:22+02:00</time>
      </trkpt>
      <trkpt lon="16.811949" lat="43.404883">
        <ele>95.0</ele>
        <time>2026-08-26T18:21:23+02:00</time>
      </trkpt>
      <trkpt lon="16.812187" lat="43.404904">
        <ele>95.0</ele>
        <time>2026-08-26T18:21:24+02:00</time>
      </trkpt>
      <trkpt lon="16.812421" lat="43.404907">
        <ele>95.0</ele>
        <time>2026-08-26T18:21:25+02:00</time>
      </trkpt>
      <trkpt lon="16.812649" lat="43.404891">
        <ele>95.0</ele>
        <time>2026-08-26T18:21:26+02:00</time>
      </trkpt>
      <trkpt lon="16.812884" lat="43.404849">
        <ele>95.0</ele>
        <time>2026-08-26T18:21:27+02:00</time>
      </trkpt>
      <trkpt lon="16.813096" lat="43.404789">
        <ele>97.0</ele>
        <time>2026-08-26T18:21:28+02:00</time>
      </trkpt>
      <trkpt lon="16.813284" lat="43.404716">
        <ele>97.0</ele>
        <time>2026-08-26T18:21:29+02:00</time>
      </trkpt>
      <trkpt lon="16.813478" lat="43.404633">
        <ele>97.0</ele>
        <time>2026-08-26T18:21:30+02:00</time>
      </trkpt>
      <trkpt lon="16.813677" lat="43.404547">
        <ele>95.0</ele>
        <time>2026-08-26T18:21:31+02:00</time>
      </trkpt>
      <trkpt lon="16.813878" lat="43.40446">
        <ele>95.0</ele>
        <time>2026-08-26T18:21:32+02:00</time>
      </trkpt>
      <trkpt lon="16.814084" lat="43.40437">
        <ele>95.0</ele>
        <time>2026-08-26T18:21:33+02:00</time>
      </trkpt>
      <trkpt lon="16.814279" lat="43.404287">
        <ele>95.0</ele>
        <time>2026-08-26T18:21:34+02:00</time>
      </trkpt>
      <trkpt lon="16.814478" lat="43.404206">
        <ele>95.0</ele>
        <time>2026-08-26T18:21:35+02:00</time>
      </trkpt>
      <trkpt lon="16.814686" lat="43.404128">
        <ele>95.0</ele>
        <time>2026-08-26T18:21:36+02:00</time>
      </trkpt>
      <trkpt lon="16.814898" lat="43.404059">
        <ele>95.0</ele>
        <time>2026-08-26T18:21:37+02:00</time>
      </trkpt>
      <trkpt lon="16.815124" lat="43.403996">
        <ele>95.0</ele>
        <time>2026-08-26T18:21:38+02:00</time>
      </trkpt>
      <trkpt lon="16.81535" lat="43.403948">
        <ele>95.0</ele>
        <time>2026-08-26T18:21:39+02:00</time>
      </trkpt>
      <trkpt lon="16.815587" lat="43.40391">
        <ele>95.0</ele>
        <time>2026-08-26T18:21:40+02:00</time>
      </trkpt>
      <trkpt lon="16.815828" lat="43.403878">
        <ele>95.0</ele>
        <time>2026-08-26T18:21:41+02:00</time>
      </trkpt>
      <trkpt lon="16.816075" lat="43.403852">
        <ele>95.0</ele>
        <time>2026-08-26T18:21:42+02:00</time>
      </trkpt>
      <trkpt lon="16.816318" lat="43.403838">
        <ele>95.0</ele>
        <time>2026-08-26T18:21:43+02:00</time>
      </trkpt>
      <trkpt lon="16.816585" lat="43.403822">
        <ele>95.0</ele>
        <time>2026-08-26T18:21:44+02:00</time>
      </trkpt>
      <trkpt lon="16.816859" lat="43.403803">
        <ele>95.0</ele>
        <time>2026-08-26T18:21:45+02:00</time>
      </trkpt>
      <trkpt lon="16.817105" lat="43.403785">
        <ele>95.0</ele>
        <time>2026-08-26T18:21:46+02:00</time>
      </trkpt>
      <trkpt lon="16.817356" lat="43.403756">
        <ele>95.0</ele>
        <time>2026-08-26T18:21:47+02:00</time>
      </trkpt>
      <trkpt lon="16.817587" lat="43.40371">
        <ele>95.0</ele>
        <time>2026-08-26T18:21:48+02:00</time>
      </trkpt>
      <trkpt lon="16.817821" lat="43.403638">
        <ele>95.0</ele>
        <time>2026-08-26T18:21:49+02:00</time>
      </trkpt>
      <trkpt lon="16.818033" lat="43.403548">
        <ele>97.0</ele>
        <time>2026-08-26T18:21:50+02:00</time>
      </trkpt>
      <trkpt lon="16.81823" lat="43.403447">
        <ele>98.0</ele>
        <time>2026-08-26T18:21:51+02:00</time>
      </trkpt>
      <trkpt lon="16.818413" lat="43.403339">
        <ele>98.0</ele>
        <time>2026-08-26T18:21:52+02:00</time>
      </trkpt>
      <trkpt lon="16.818599" lat="43.403233">
        <ele>98.0</ele>
        <time>2026-08-26T18:21:53+02:00</time>
      </trkpt>
      <trkpt lon="16.818782" lat="43.403146">
        <ele>98.0</ele>
        <time>2026-08-26T18:21:54+02:00</time>
      </trkpt>
      <trkpt lon="16.818992" lat="43.403068">
        <ele>98.0</ele>
        <time>2026-08-26T18:21:55+02:00</time>
      </trkpt>
      <trkpt lon="16.819212" lat="43.403012">
        <ele>99.0</ele>
        <time>2026-08-26T18:21:56+02:00</time>
      </trkpt>
      <trkpt lon="16.819468" lat="43.40297">
        <ele>99.0</ele>
        <time>2026-08-26T18:21:57+02:00</time>
      </trkpt>
      <trkpt lon="16.819717" lat="43.40295">
        <ele>100.0</ele>
        <time>2026-08-26T18:21:58+02:00</time>
      </trkpt>
      <trkpt lon="16.819983" lat="43.402927">
        <ele>101.0</ele>
        <time>2026-08-26T18:21:59+02:00</time>
      </trkpt>
      <trkpt lon="16.820249" lat="43.402905">
        <ele>100.0</ele>
        <time>2026-08-26T18:22:00+02:00</time>
      </trkpt>
      <trkpt lon="16.820511" lat="43.40288">
        <ele>100.0</ele>
        <time>2026-08-26T18:22:01+02:00</time>
      </trkpt>
      <trkpt lon="16.820791" lat="43.402851">
        <ele>100.0</ele>
        <time>2026-08-26T18:22:02+02:00</time>
      </trkpt>
      <trkpt lon="16.821052" lat="43.402814">
        <ele>100.0</ele>
        <time>2026-08-26T18:22:03+02:00</time>
      </trkpt>
      <trkpt lon="16.821291" lat="43.402761">
        <ele>100.0</ele>
        <time>2026-08-26T18:22:04+02:00</time>
      </trkpt>
      <trkpt lon="16.821522" lat="43.402702">
        <ele>101.0</ele>
        <time>2026-08-26T18:22:05+02:00</time>
      </trkpt>
      <trkpt lon="16.821742" lat="43.402642">
        <ele>102.0</ele>
        <time>2026-08-26T18:22:06+02:00</time>
      </trkpt>
      <trkpt lon="16.821975" lat="43.402579">
        <ele>102.0</ele>
        <time>2026-08-26T18:22:07+02:00</time>
      </trkpt>
      <trkpt lon="16.822198" lat="43.402526">
        <ele>103.0</ele>
        <time>2026-08-26T18:22:08+02:00</time>
      </trkpt>
      <trkpt lon="16.822426" lat="43.402488">
        <ele>103.0</ele>
        <time>2026-08-26T18:22:09+02:00</time>
      </trkpt>
      <trkpt lon="16.822668" lat="43.402462">
        <ele>103.0</ele>
        <time>2026-08-26T18:22:10+02:00</time>
      </trkpt>
      <trkpt lon="16.822904" lat="43.402454">
        <ele>104.0</ele>
        <time>2026-08-26T18:22:11+02:00</time>
      </trkpt>
      <trkpt lon="16.823143" lat="43.402466">
        <ele>105.0</ele>
        <time>2026-08-26T18:22:12+02:00</time>
      </trkpt>
      <trkpt lon="16.823418" lat="43.40249">
        <ele>105.0</ele>
        <time>2026-08-26T18:22:14+02:00</time>
      </trkpt>
      <trkpt lon="16.823635" lat="43.402516">
        <ele>105.0</ele>
        <time>2026-08-26T18:22:15+02:00</time>
      </trkpt>
      <trkpt lon="16.823888" lat="43.402546">
        <ele>106.0</ele>
        <time>2026-08-26T18:22:16+02:00</time>
      </trkpt>
      <trkpt lon="16.824126" lat="43.402571">
        <ele>106.0</ele>
        <time>2026-08-26T18:22:17+02:00</time>
      </trkpt>
      <trkpt lon="16.824372" lat="43.402594">
        <ele>107.0</ele>
        <time>2026-08-26T18:22:18+02:00</time>
      </trkpt>
      <trkpt lon="16.824613" lat="43.402609">
        <ele>106.0</ele>
        <time>2026-08-26T18:22:19+02:00</time>
      </trkpt>
      <trkpt lon="16.824865" lat="43.402614">
        <ele>107.0</ele>
        <time>2026-08-26T18:22:20+02:00</time>
      </trkpt>
      <trkpt lon="16.825104" lat="43.402604">
        <ele>108.0</ele>
        <time>2026-08-26T18:22:21+02:00</time>
      </trkpt>
      <trkpt lon="16.825339" lat="43.40258">
        <ele>108.0</ele>
        <time>2026-08-26T18:22:22+02:00</time>
      </trkpt>
      <trkpt lon="16.825569" lat="43.402544">
        <ele>109.0</ele>
        <time>2026-08-26T18:22:23+02:00</time>
      </trkpt>
      <trkpt lon="16.825764" lat="43.402509">
        <ele>109.0</ele>
        <time>2026-08-26T18:22:24+02:00</time>
      </trkpt>
      <trkpt lon="16.825968" lat="43.402468">
        <ele>110.0</ele>
        <time>2026-08-26T18:22:25+02:00</time>
      </trkpt>
      <trkpt lon="16.826176" lat="43.402425">
        <ele>111.0</ele>
        <time>2026-08-26T18:22:26+02:00</time>
      </trkpt>
      <trkpt lon="16.826369" lat="43.402386">
        <ele>112.0</ele>
        <time>2026-08-26T18:22:27+02:00</time>
      </trkpt>
      <trkpt lon="16.826567" lat="43.402348">
        <ele>113.0</ele>
        <time>2026-08-26T18:22:28+02:00</time>
      </trkpt>
      <trkpt lon="16.826756" lat="43.40231">
        <ele>113.0</ele>
        <time>2026-08-26T18:22:29+02:00</time>
      </trkpt>
      <trkpt lon="16.826944" lat="43.402272">
        <ele>113.0</ele>
        <time>2026-08-26T18:22:30+02:00</time>
      </trkpt>
      <trkpt lon="16.827147" lat="43.402241">
        <ele>114.0</ele>
        <time>2026-08-26T18:22:31+02:00</time>
      </trkpt>
      <trkpt lon="16.827329" lat="43.402215">
        <ele>115.0</ele>
        <time>2026-08-26T18:22:32+02:00</time>
      </trkpt>
      <trkpt lon="16.827529" lat="43.402197">
        <ele>115.0</ele>
        <time>2026-08-26T18:22:33+02:00</time>
      </trkpt>
      <trkpt lon="16.827725" lat="43.402188">
        <ele>116.0</ele>
        <time>2026-08-26T18:22:34+02:00</time>
      </trkpt>
      <trkpt lon="16.827926" lat="43.402183">
        <ele>117.0</ele>
        <time>2026-08-26T18:22:35+02:00</time>
      </trkpt>
      <trkpt lon="16.828132" lat="43.40218">
        <ele>117.0</ele>
        <time>2026-08-26T18:22:36+02:00</time>
      </trkpt>
      <trkpt lon="16.828349" lat="43.402186">
        <ele>117.0</ele>
        <time>2026-08-26T18:22:37+02:00</time>
      </trkpt>
      <trkpt lon="16.828568" lat="43.402193">
        <ele>118.0</ele>
        <time>2026-08-26T18:22:38+02:00</time>
      </trkpt>
      <trkpt lon="16.828789" lat="43.402203">
        <ele>119.0</ele>
        <time>2026-08-26T18:22:39+02:00</time>
      </trkpt>
      <trkpt lon="16.829008" lat="43.402214">
        <ele>119.0</ele>
        <time>2026-08-26T18:22:40+02:00</time>
      </trkpt>
      <trkpt lon="16.829224" lat="43.402224">
        <ele>120.0</ele>
        <time>2026-08-26T18:22:41+02:00</time>
      </trkpt>
      <trkpt lon="16.829438" lat="43.402235">
        <ele>120.0</ele>
        <time>2026-08-26T18:22:42+02:00</time>
      </trkpt>
      <trkpt lon="16.829646" lat="43.40225">
        <ele>122.0</ele>
        <time>2026-08-26T18:22:43+02:00</time>
      </trkpt>
      <trkpt lon="16.829846" lat="43.402264">
        <ele>122.0</ele>
        <time>2026-08-26T18:22:44+02:00</time>
      </trkpt>
      <trkpt lon="16.830055" lat="43.402277">
        <ele>123.0</ele>
        <time>2026-08-26T18:22:45+02:00</time>
      </trkpt>
      <trkpt lon="16.830263" lat="43.402285">
        <ele>123.0</ele>
        <time>2026-08-26T18:22:46+02:00</time>
      </trkpt>
      <trkpt lon="16.830474" lat="43.402294">
        <ele>124.0</ele>
        <time>2026-08-26T18:22:47+02:00</time>
      </trkpt>
      <trkpt lon="16.830695" lat="43.402299">
        <ele>123.0</ele>
        <time>2026-08-26T18:22:48+02:00</time>
      </trkpt>
      <trkpt lon="16.830903" lat="43.402308">
        <ele>124.0</ele>
        <time>2026-08-26T18:22:49+02:00</time>
      </trkpt>
      <trkpt lon="16.83111" lat="43.402317">
        <ele>124.0</ele>
        <time>2026-08-26T18:22:50+02:00</time>
      </trkpt>
      <trkpt lon="16.83134" lat="43.402325">
        <ele>125.0</ele>
        <time>2026-08-26T18:22:51+02:00</time>
      </trkpt>
      <trkpt lon="16.831535" lat="43.402328">
        <ele>126.0</ele>
        <time>2026-08-26T18:22:52+02:00</time>
      </trkpt>
      <trkpt lon="16.831751" lat="43.402335">
        <ele>127.0</ele>
        <time>2026-08-26T18:22:53+02:00</time>
      </trkpt>
      <trkpt lon="16.831957" lat="43.402351">
        <ele>128.0</ele>
        <time>2026-08-26T18:22:54+02:00</time>
      </trkpt>
      <trkpt lon="16.83218" lat="43.402378">
        <ele>128.0</ele>
        <time>2026-08-26T18:22:55+02:00</time>
      </trkpt>
      <trkpt lon="16.832385" lat="43.402412">
        <ele>129.0</ele>
        <time>2026-08-26T18:22:56+02:00</time>
      </trkpt>
      <trkpt lon="16.832592" lat="43.40245">
        <ele>130.0</ele>
        <time>2026-08-26T18:22:57+02:00</time>
      </trkpt>
      <trkpt lon="16.832804" lat="43.402491">
        <ele>130.0</ele>
        <time>2026-08-26T18:22:58+02:00</time>
      </trkpt>
      <trkpt lon="16.833002" lat="43.402533">
        <ele>131.0</ele>
        <time>2026-08-26T18:22:59+02:00</time>
      </trkpt>
      <trkpt lon="16.833224" lat="43.402575">
        <ele>132.0</ele>
        <time>2026-08-26T18:23:00+02:00</time>
      </trkpt>
      <trkpt lon="16.83344" lat="43.402613">
        <ele>133.0</ele>
        <time>2026-08-26T18:23:01+02:00</time>
      </trkpt>
      <trkpt lon="16.83366" lat="43.402649">
        <ele>133.0</ele>
        <time>2026-08-26T18:23:02+02:00</time>
      </trkpt>
      <trkpt lon="16.833881" lat="43.402676">
        <ele>134.0</ele>
        <time>2026-08-26T18:23:03+02:00</time>
      </trkpt>
      <trkpt lon="16.834109" lat="43.402685">
        <ele>133.0</ele>
        <time>2026-08-26T18:23:04+02:00</time>
      </trkpt>
      <trkpt lon="16.834331" lat="43.402674">
        <ele>134.0</ele>
        <time>2026-08-26T18:23:05+02:00</time>
      </trkpt>
      <trkpt lon="16.834555" lat="43.402658">
        <ele>135.0</ele>
        <time>2026-08-26T18:23:06+02:00</time>
      </trkpt>
      <trkpt lon="16.834779" lat="43.402642">
        <ele>136.0</ele>
        <time>2026-08-26T18:23:07+02:00</time>
      </trkpt>
      <trkpt lon="16.835008" lat="43.402632">
        <ele>136.0</ele>
        <time>2026-08-26T18:23:08+02:00</time>
      </trkpt>
      <trkpt lon="16.835232" lat="43.402621">
        <ele>138.0</ele>
        <time>2026-08-26T18:23:09+02:00</time>
      </trkpt>
      <trkpt lon="16.835458" lat="43.40261">
        <ele>138.0</ele>
        <time>2026-08-26T18:23:10+02:00</time>
      </trkpt>
      <trkpt lon="16.835688" lat="43.402596">
        <ele>138.0</ele>
        <time>2026-08-26T18:23:11+02:00</time>
      </trkpt>
      <trkpt lon="16.835924" lat="43.402586">
        <ele>139.0</ele>
        <time>2026-08-26T18:23:12+02:00</time>
      </trkpt>
      <trkpt lon="16.836159" lat="43.402573">
        <ele>139.0</ele>
        <time>2026-08-26T18:23:13+02:00</time>
      </trkpt>
      <trkpt lon="16.836371" lat="43.402566">
        <ele>139.0</ele>
        <time>2026-08-26T18:23:14+02:00</time>
      </trkpt>
      <trkpt lon="16.836595" lat="43.402566">
        <ele>140.0</ele>
        <time>2026-08-26T18:23:15+02:00</time>
      </trkpt>
      <trkpt lon="16.83683" lat="43.402576">
        <ele>141.0</ele>
        <time>2026-08-26T18:23:16+02:00</time>
      </trkpt>
      <trkpt lon="16.83706" lat="43.402597">
        <ele>141.0</ele>
        <time>2026-08-26T18:23:17+02:00</time>
      </trkpt>
      <trkpt lon="16.83731" lat="43.402638">
        <ele>141.0</ele>
        <time>2026-08-26T18:23:18+02:00</time>
      </trkpt>
      <trkpt lon="16.837539" lat="43.402689">
        <ele>142.0</ele>
        <time>2026-08-26T18:23:19+02:00</time>
      </trkpt>
      <trkpt lon="16.837785" lat="43.402753">
        <ele>143.0</ele>
        <time>2026-08-26T18:23:20+02:00</time>
      </trkpt>
      <trkpt lon="16.838022" lat="43.402822">
        <ele>144.0</ele>
        <time>2026-08-26T18:23:21+02:00</time>
      </trkpt>
      <trkpt lon="16.838272" lat="43.402902">
        <ele>145.0</ele>
        <time>2026-08-26T18:23:22+02:00</time>
      </trkpt>
      <trkpt lon="16.838517" lat="43.402981">
        <ele>145.0</ele>
        <time>2026-08-26T18:23:23+02:00</time>
      </trkpt>
      <trkpt lon="16.838752" lat="43.403052">
        <ele>146.0</ele>
        <time>2026-08-26T18:23:24+02:00</time>
      </trkpt>
      <trkpt lon="16.839016" lat="43.403133">
        <ele>148.0</ele>
        <time>2026-08-26T18:23:25+02:00</time>
      </trkpt>
      <trkpt lon="16.839273" lat="43.403217">
        <ele>149.0</ele>
        <time>2026-08-26T18:23:26+02:00</time>
      </trkpt>
      <trkpt lon="16.839514" lat="43.403296">
        <ele>151.0</ele>
        <time>2026-08-26T18:23:27+02:00</time>
      </trkpt>
      <trkpt lon="16.839768" lat="43.403377">
        <ele>153.0</ele>
        <time>2026-08-26T18:23:28+02:00</time>
      </trkpt>
      <trkpt lon="16.840019" lat="43.403452">
        <ele>154.0</ele>
        <time>2026-08-26T18:23:29+02:00</time>
      </trkpt>
      <trkpt lon="16.840272" lat="43.403521">
        <ele>155.0</ele>
        <time>2026-08-26T18:23:30+02:00</time>
      </trkpt>
      <trkpt lon="16.840528" lat="43.403565">
        <ele>156.0</ele>
        <time>2026-08-26T18:23:31+02:00</time>
      </trkpt>
      <trkpt lon="16.840779" lat="43.403591">
        <ele>157.0</ele>
        <time>2026-08-26T18:23:32+02:00</time>
      </trkpt>
      <trkpt lon="16.841034" lat="43.403598">
        <ele>158.0</ele>
        <time>2026-08-26T18:23:33+02:00</time>
      </trkpt>
      <trkpt lon="16.841283" lat="43.40359">
        <ele>159.0</ele>
        <time>2026-08-26T18:23:34+02:00</time>
      </trkpt>
      <trkpt lon="16.841528" lat="43.403565">
        <ele>159.0</ele>
        <time>2026-08-26T18:23:35+02:00</time>
      </trkpt>
      <trkpt lon="16.841742" lat="43.403534">
        <ele>160.0</ele>
        <time>2026-08-26T18:23:36+02:00</time>
      </trkpt>
      <trkpt lon="16.841972" lat="43.403503">
        <ele>160.0</ele>
        <time>2026-08-26T18:23:37+02:00</time>
      </trkpt>
      <trkpt lon="16.842204" lat="43.403482">
        <ele>161.0</ele>
        <time>2026-08-26T18:23:38+02:00</time>
      </trkpt>
      <trkpt lon="16.842446" lat="43.403469">
        <ele>161.0</ele>
        <time>2026-08-26T18:23:39+02:00</time>
      </trkpt>
      <trkpt lon="16.842687" lat="43.403468">
        <ele>162.0</ele>
        <time>2026-08-26T18:23:40+02:00</time>
      </trkpt>
      <trkpt lon="16.842929" lat="43.403474">
        <ele>162.0</ele>
        <time>2026-08-26T18:23:41+02:00</time>
      </trkpt>
      <trkpt lon="16.843164" lat="43.403491">
        <ele>162.0</ele>
        <time>2026-08-26T18:23:42+02:00</time>
      </trkpt>
      <trkpt lon="16.843407" lat="43.403512">
        <ele>162.0</ele>
        <time>2026-08-26T18:23:43+02:00</time>
      </trkpt>
      <trkpt lon="16.843641" lat="43.403536">
        <ele>162.0</ele>
        <time>2026-08-26T18:23:44+02:00</time>
      </trkpt>
      <trkpt lon="16.843876" lat="43.403561">
        <ele>162.0</ele>
        <time>2026-08-26T18:23:45+02:00</time>
      </trkpt>
      <trkpt lon="16.844125" lat="43.40358">
        <ele>162.0</ele>
        <time>2026-08-26T18:23:46+02:00</time>
      </trkpt>
      <trkpt lon="16.844373" lat="43.403597">
        <ele>162.0</ele>
        <time>2026-08-26T18:23:47+02:00</time>
      </trkpt>
      <trkpt lon="16.844609" lat="43.403617">
        <ele>162.0</ele>
        <time>2026-08-26T18:23:48+02:00</time>
      </trkpt>
      <trkpt lon="16.844846" lat="43.403639">
        <ele>162.0</ele>
        <time>2026-08-26T18:23:49+02:00</time>
      </trkpt>
      <trkpt lon="16.845093" lat="43.403661">
        <ele>162.0</ele>
        <time>2026-08-26T18:23:50+02:00</time>
      </trkpt>
      <trkpt lon="16.84534" lat="43.403682">
        <ele>162.0</ele>
        <time>2026-08-26T18:23:51+02:00</time>
      </trkpt>
      <trkpt lon="16.845578" lat="43.403696">
        <ele>163.0</ele>
        <time>2026-08-26T18:23:52+02:00</time>
      </trkpt>
      <trkpt lon="16.845811" lat="43.403696">
        <ele>163.0</ele>
        <time>2026-08-26T18:23:53+02:00</time>
      </trkpt>
      <trkpt lon="16.846045" lat="43.403679">
        <ele>163.0</ele>
        <time>2026-08-26T18:23:54+02:00</time>
      </trkpt>
      <trkpt lon="16.846266" lat="43.403654">
        <ele>163.0</ele>
        <time>2026-08-26T18:23:55+02:00</time>
      </trkpt>
      <trkpt lon="16.846477" lat="43.403623">
        <ele>163.0</ele>
        <time>2026-08-26T18:23:56+02:00</time>
      </trkpt>
      <trkpt lon="16.8467" lat="43.403592">
        <ele>163.0</ele>
        <time>2026-08-26T18:23:57+02:00</time>
      </trkpt>
      <trkpt lon="16.84692" lat="43.403563">
        <ele>163.0</ele>
        <time>2026-08-26T18:23:58+02:00</time>
      </trkpt>
      <trkpt lon="16.847143" lat="43.403537">
        <ele>163.0</ele>
        <time>2026-08-26T18:23:59+02:00</time>
      </trkpt>
      <trkpt lon="16.847368" lat="43.403506">
        <ele>163.0</ele>
        <time>2026-08-26T18:24:00+02:00</time>
      </trkpt>
      <trkpt lon="16.847602" lat="43.40348">
        <ele>163.0</ele>
        <time>2026-08-26T18:24:01+02:00</time>
      </trkpt>
      <trkpt lon="16.847839" lat="43.403453">
        <ele>163.0</ele>
        <time>2026-08-26T18:24:02+02:00</time>
      </trkpt>
      <trkpt lon="16.848073" lat="43.403435">
        <ele>163.0</ele>
        <time>2026-08-26T18:24:03+02:00</time>
      </trkpt>
      <trkpt lon="16.848323" lat="43.403425">
        <ele>162.0</ele>
        <time>2026-08-26T18:24:04+02:00</time>
      </trkpt>
      <trkpt lon="16.848567" lat="43.403427">
        <ele>162.0</ele>
        <time>2026-08-26T18:24:05+02:00</time>
      </trkpt>
      <trkpt lon="16.84882" lat="43.403434">
        <ele>163.0</ele>
        <time>2026-08-26T18:24:06+02:00</time>
      </trkpt>
      <trkpt lon="16.849073" lat="43.403444">
        <ele>162.0</ele>
        <time>2026-08-26T18:24:07+02:00</time>
      </trkpt>
      <trkpt lon="16.849324" lat="43.403459">
        <ele>164.0</ele>
        <time>2026-08-26T18:24:08+02:00</time>
      </trkpt>
      <trkpt lon="16.849581" lat="43.403468">
        <ele>163.0</ele>
        <time>2026-08-26T18:24:09+02:00</time>
      </trkpt>
      <trkpt lon="16.849829" lat="43.403472">
        <ele>164.0</ele>
        <time>2026-08-26T18:24:10+02:00</time>
      </trkpt>
      <trkpt lon="16.850078" lat="43.40346">
        <ele>163.0</ele>
        <time>2026-08-26T18:24:11+02:00</time>
      </trkpt>
      <trkpt lon="16.850307" lat="43.403425">
        <ele>163.0</ele>
        <time>2026-08-26T18:24:12+02:00</time>
      </trkpt>
      <trkpt lon="16.850542" lat="43.403368">
        <ele>162.0</ele>
        <time>2026-08-26T18:24:13+02:00</time>
      </trkpt>
      <trkpt lon="16.850776" lat="43.403296">
        <ele>162.0</ele>
        <time>2026-08-26T18:24:14+02:00</time>
      </trkpt>
      <trkpt lon="16.850969" lat="43.403222">
        <ele>162.0</ele>
        <time>2026-08-26T18:24:15+02:00</time>
      </trkpt>
      <trkpt lon="16.851182" lat="43.403137">
        <ele>162.0</ele>
        <time>2026-08-26T18:24:16+02:00</time>
      </trkpt>
      <trkpt lon="16.851397" lat="43.403055">
        <ele>161.0</ele>
        <time>2026-08-26T18:24:17+02:00</time>
      </trkpt>
      <trkpt lon="16.851623" lat="43.40297">
        <ele>160.0</ele>
        <time>2026-08-26T18:24:18+02:00</time>
      </trkpt>
      <trkpt lon="16.851834" lat="43.402899">
        <ele>160.0</ele>
        <time>2026-08-26T18:24:19+02:00</time>
      </trkpt>
      <trkpt lon="16.852049" lat="43.402829">
        <ele>160.0</ele>
        <time>2026-08-26T18:24:20+02:00</time>
      </trkpt>
      <trkpt lon="16.852267" lat="43.402759">
        <ele>160.0</ele>
        <time>2026-08-26T18:24:21+02:00</time>
      </trkpt>
      <trkpt lon="16.852495" lat="43.402695">
        <ele>160.0</ele>
        <time>2026-08-26T18:24:22+02:00</time>
      </trkpt>
      <trkpt lon="16.852716" lat="43.402638">
        <ele>159.0</ele>
        <time>2026-08-26T18:24:23+02:00</time>
      </trkpt>
      <trkpt lon="16.85294" lat="43.402584">
        <ele>160.0</ele>
        <time>2026-08-26T18:24:24+02:00</time>
      </trkpt>
      <trkpt lon="16.853169" lat="43.40253">
        <ele>160.0</ele>
        <time>2026-08-26T18:24:25+02:00</time>
      </trkpt>
      <trkpt lon="16.853388" lat="43.402484">
        <ele>160.0</ele>
        <time>2026-08-26T18:24:26+02:00</time>
      </trkpt>
      <trkpt lon="16.853617" lat="43.40244">
        <ele>160.0</ele>
        <time>2026-08-26T18:24:27+02:00</time>
      </trkpt>
      <trkpt lon="16.853851" lat="43.402396">
        <ele>160.0</ele>
        <time>2026-08-26T18:24:28+02:00</time>
      </trkpt>
      <trkpt lon="16.854077" lat="43.402351">
        <ele>160.0</ele>
        <time>2026-08-26T18:24:29+02:00</time>
      </trkpt>
      <trkpt lon="16.854312" lat="43.402313">
        <ele>160.0</ele>
        <time>2026-08-26T18:24:30+02:00</time>
      </trkpt>
      <trkpt lon="16.854536" lat="43.402284">
        <ele>160.0</ele>
        <time>2026-08-26T18:24:31+02:00</time>
      </trkpt>
      <trkpt lon="16.854767" lat="43.402263">
        <ele>160.0</ele>
        <time>2026-08-26T18:24:32+02:00</time>
      </trkpt>
      <trkpt lon="16.855001" lat="43.402255">
        <ele>160.0</ele>
        <time>2026-08-26T18:24:33+02:00</time>
      </trkpt>
      <trkpt lon="16.85522" lat="43.402251">
        <ele>159.0</ele>
        <time>2026-08-26T18:24:34+02:00</time>
      </trkpt>
      <trkpt lon="16.855431" lat="43.402251">
        <ele>159.0</ele>
        <time>2026-08-26T18:24:35+02:00</time>
      </trkpt>
      <trkpt lon="16.855654" lat="43.402258">
        <ele>160.0</ele>
        <time>2026-08-26T18:24:36+02:00</time>
      </trkpt>
      <trkpt lon="16.85586" lat="43.402261">
        <ele>160.0</ele>
        <time>2026-08-26T18:24:37+02:00</time>
      </trkpt>
      <trkpt lon="16.856063" lat="43.402263">
        <ele>160.0</ele>
        <time>2026-08-26T18:24:38+02:00</time>
      </trkpt>
      <trkpt lon="16.856262" lat="43.402266">
        <ele>161.0</ele>
        <time>2026-08-26T18:24:39+02:00</time>
      </trkpt>
      <trkpt lon="16.85646" lat="43.402263">
        <ele>161.0</ele>
        <time>2026-08-26T18:24:40+02:00</time>
      </trkpt>
      <trkpt lon="16.856673" lat="43.402268">
        <ele>161.0</ele>
        <time>2026-08-26T18:24:41+02:00</time>
      </trkpt>
      <trkpt lon="16.856881" lat="43.402272">
        <ele>161.0</ele>
        <time>2026-08-26T18:24:42+02:00</time>
      </trkpt>
      <trkpt lon="16.857101" lat="43.402274">
        <ele>161.0</ele>
        <time>2026-08-26T18:24:43+02:00</time>
      </trkpt>
      <trkpt lon="16.857322" lat="43.402263">
        <ele>161.0</ele>
        <time>2026-08-26T18:24:44+02:00</time>
      </trkpt>
      <trkpt lon="16.85754" lat="43.402245">
        <ele>161.0</ele>
        <time>2026-08-26T18:24:45+02:00</time>
      </trkpt>
      <trkpt lon="16.857762" lat="43.402219">
        <ele>162.0</ele>
        <time>2026-08-26T18:24:46+02:00</time>
      </trkpt>
      <trkpt lon="16.857986" lat="43.402196">
        <ele>163.0</ele>
        <time>2026-08-26T18:24:47+02:00</time>
      </trkpt>
      <trkpt lon="16.858209" lat="43.40218">
        <ele>163.0</ele>
        <time>2026-08-26T18:24:48+02:00</time>
      </trkpt>
      <trkpt lon="16.858434" lat="43.402167">
        <ele>164.0</ele>
        <time>2026-08-26T18:24:49+02:00</time>
      </trkpt>
      <trkpt lon="16.858664" lat="43.402169">
        <ele>165.0</ele>
        <time>2026-08-26T18:24:50+02:00</time>
      </trkpt>
      <trkpt lon="16.858898" lat="43.402187">
        <ele>166.0</ele>
        <time>2026-08-26T18:24:51+02:00</time>
      </trkpt>
      <trkpt lon="16.85914" lat="43.402219">
        <ele>166.0</ele>
        <time>2026-08-26T18:24:52+02:00</time>
      </trkpt>
      <trkpt lon="16.859383" lat="43.402251">
        <ele>167.0</ele>
        <time>2026-08-26T18:24:53+02:00</time>
      </trkpt>
      <trkpt lon="16.85962" lat="43.402281">
        <ele>168.0</ele>
        <time>2026-08-26T18:24:54+02:00</time>
      </trkpt>
      <trkpt lon="16.859836" lat="43.402302">
        <ele>169.0</ele>
        <time>2026-08-26T18:24:55+02:00</time>
      </trkpt>
      <trkpt lon="16.860044" lat="43.402309">
        <ele>171.0</ele>
        <time>2026-08-26T18:24:56+02:00</time>
      </trkpt>
      <trkpt lon="16.860235" lat="43.402298">
        <ele>171.0</ele>
        <time>2026-08-26T18:24:57+02:00</time>
      </trkpt>
      <trkpt lon="16.860431" lat="43.40227">
        <ele>172.0</ele>
        <time>2026-08-26T18:24:58+02:00</time>
      </trkpt>
      <trkpt lon="16.860614" lat="43.402231">
        <ele>172.0</ele>
        <time>2026-08-26T18:24:59+02:00</time>
      </trkpt>
      <trkpt lon="16.860801" lat="43.402191">
        <ele>172.0</ele>
        <time>2026-08-26T18:25:00+02:00</time>
      </trkpt>
      <trkpt lon="16.860955" lat="43.402153">
        <ele>173.0</ele>
        <time>2026-08-26T18:25:01+02:00</time>
      </trkpt>
      <trkpt lon="16.861079" lat="43.402123">
        <ele>173.0</ele>
        <time>2026-08-26T18:25:02+02:00</time>
      </trkpt>
      <trkpt lon="16.861193" lat="43.402093">
        <ele>173.0</ele>
        <time>2026-08-26T18:25:03+02:00</time>
      </trkpt>
      <trkpt lon="16.861314" lat="43.402061">
        <ele>173.0</ele>
        <time>2026-08-26T18:25:04+02:00</time>
      </trkpt>
      <trkpt lon="16.861457" lat="43.402021">
        <ele>174.0</ele>
        <time>2026-08-26T18:25:05+02:00</time>
      </trkpt>
      <trkpt lon="16.861624" lat="43.401973">
        <ele>174.0</ele>
        <time>2026-08-26T18:25:06+02:00</time>
      </trkpt>
      <trkpt lon="16.861825" lat="43.401912">
        <ele>176.0</ele>
        <time>2026-08-26T18:25:07+02:00</time>
      </trkpt>
      <trkpt lon="16.862074" lat="43.401838">
        <ele>176.0</ele>
        <time>2026-08-26T18:25:08+02:00</time>
      </trkpt>
      <trkpt lon="16.86236" lat="43.40176">
        <ele>177.0</ele>
        <time>2026-08-26T18:25:09+02:00</time>
      </trkpt>
      <trkpt lon="16.862644" lat="43.401706">
        <ele>178.0</ele>
        <time>2026-08-26T18:25:10+02:00</time>
      </trkpt>
      <trkpt lon="16.862889" lat="43.401692">
        <ele>179.0</ele>
        <time>2026-08-26T18:25:11+02:00</time>
      </trkpt>
      <trkpt lon="16.863117" lat="43.401697">
        <ele>179.0</ele>
        <time>2026-08-26T18:25:12+02:00</time>
      </trkpt>
      <trkpt lon="16.863352" lat="43.401702">
        <ele>179.0</ele>
        <time>2026-08-26T18:25:13+02:00</time>
      </trkpt>
      <trkpt lon="16.863565" lat="43.401705">
        <ele>180.0</ele>
        <time>2026-08-26T18:25:14+02:00</time>
      </trkpt>
      <trkpt lon="16.863778" lat="43.401698">
        <ele>182.0</ele>
        <time>2026-08-26T18:25:15+02:00</time>
      </trkpt>
      <trkpt lon="16.863981" lat="43.401677">
        <ele>182.0</ele>
        <time>2026-08-26T18:25:16+02:00</time>
      </trkpt>
      <trkpt lon="16.864182" lat="43.40164">
        <ele>182.0</ele>
        <time>2026-08-26T18:25:17+02:00</time>
      </trkpt>
      <trkpt lon="16.864374" lat="43.401582">
        <ele>182.0</ele>
        <time>2026-08-26T18:25:18+02:00</time>
      </trkpt>
      <trkpt lon="16.864558" lat="43.401505">
        <ele>183.0</ele>
        <time>2026-08-26T18:25:19+02:00</time>
      </trkpt>
      <trkpt lon="16.864745" lat="43.401409">
        <ele>183.0</ele>
        <time>2026-08-26T18:25:20+02:00</time>
      </trkpt>
      <trkpt lon="16.86492" lat="43.401308">
        <ele>184.0</ele>
        <time>2026-08-26T18:25:21+02:00</time>
      </trkpt>
      <trkpt lon="16.865101" lat="43.401212">
        <ele>183.0</ele>
        <time>2026-08-26T18:25:22+02:00</time>
      </trkpt>
      <trkpt lon="16.865283" lat="43.40111">
        <ele>184.0</ele>
        <time>2026-08-26T18:25:23+02:00</time>
      </trkpt>
      <trkpt lon="16.865457" lat="43.401014">
        <ele>185.0</ele>
        <time>2026-08-26T18:25:24+02:00</time>
      </trkpt>
      <trkpt lon="16.86564" lat="43.400914">
        <ele>185.0</ele>
        <time>2026-08-26T18:25:25+02:00</time>
      </trkpt>
      <trkpt lon="16.86581" lat="43.400819">
        <ele>185.0</ele>
        <time>2026-08-26T18:25:26+02:00</time>
      </trkpt>
      <trkpt lon="16.865981" lat="43.400728">
        <ele>185.0</ele>
        <time>2026-08-26T18:25:27+02:00</time>
      </trkpt>
      <trkpt lon="16.866146" lat="43.400643">
        <ele>185.0</ele>
        <time>2026-08-26T18:25:28+02:00</time>
      </trkpt>
      <trkpt lon="16.866334" lat="43.400562">
        <ele>187.0</ele>
        <time>2026-08-26T18:25:29+02:00</time>
      </trkpt>
      <trkpt lon="16.866526" lat="43.400497">
        <ele>186.0</ele>
        <time>2026-08-26T18:25:30+02:00</time>
      </trkpt>
      <trkpt lon="16.86673" lat="43.400442">
        <ele>186.0</ele>
        <time>2026-08-26T18:25:31+02:00</time>
      </trkpt>
      <trkpt lon="16.866929" lat="43.400404">
        <ele>187.0</ele>
        <time>2026-08-26T18:25:32+02:00</time>
      </trkpt>
      <trkpt lon="16.867156" lat="43.40038">
        <ele>187.0</ele>
        <time>2026-08-26T18:25:33+02:00</time>
      </trkpt>
      <trkpt lon="16.867399" lat="43.400373">
        <ele>187.0</ele>
        <time>2026-08-26T18:25:34+02:00</time>
      </trkpt>
      <trkpt lon="16.867627" lat="43.400382">
        <ele>187.0</ele>
        <time>2026-08-26T18:25:35+02:00</time>
      </trkpt>
      <trkpt lon="16.867864" lat="43.400401">
        <ele>188.0</ele>
        <time>2026-08-26T18:25:36+02:00</time>
      </trkpt>
      <trkpt lon="16.868083" lat="43.400429">
        <ele>188.0</ele>
        <time>2026-08-26T18:25:37+02:00</time>
      </trkpt>
      <trkpt lon="16.868304" lat="43.400456">
        <ele>189.0</ele>
        <time>2026-08-26T18:25:38+02:00</time>
      </trkpt>
      <trkpt lon="16.868519" lat="43.400476">
        <ele>190.0</ele>
        <time>2026-08-26T18:25:39+02:00</time>
      </trkpt>
      <trkpt lon="16.868717" lat="43.400498">
        <ele>190.0</ele>
        <time>2026-08-26T18:25:40+02:00</time>
      </trkpt>
      <trkpt lon="16.868918" lat="43.40052">
        <ele>190.0</ele>
        <time>2026-08-26T18:25:41+02:00</time>
      </trkpt>
      <trkpt lon="16.869117" lat="43.400542">
        <ele>191.0</ele>
        <time>2026-08-26T18:25:42+02:00</time>
      </trkpt>
      <trkpt lon="16.869321" lat="43.400568">
        <ele>191.0</ele>
        <time>2026-08-26T18:25:43+02:00</time>
      </trkpt>
      <trkpt lon="16.869528" lat="43.40059">
        <ele>191.0</ele>
        <time>2026-08-26T18:25:44+02:00</time>
      </trkpt>
      <trkpt lon="16.869731" lat="43.40061">
        <ele>191.0</ele>
        <time>2026-08-26T18:25:45+02:00</time>
      </trkpt>
      <trkpt lon="16.869946" lat="43.400627">
        <ele>191.0</ele>
        <time>2026-08-26T18:25:46+02:00</time>
      </trkpt>
      <trkpt lon="16.870157" lat="43.400628">
        <ele>192.0</ele>
        <time>2026-08-26T18:25:47+02:00</time>
      </trkpt>
      <trkpt lon="16.870363" lat="43.400615">
        <ele>193.0</ele>
        <time>2026-08-26T18:25:48+02:00</time>
      </trkpt>
      <trkpt lon="16.87057" lat="43.400587">
        <ele>194.0</ele>
        <time>2026-08-26T18:25:49+02:00</time>
      </trkpt>
      <trkpt lon="16.870759" lat="43.400553">
        <ele>194.0</ele>
        <time>2026-08-26T18:25:50+02:00</time>
      </trkpt>
      <trkpt lon="16.870953" lat="43.400496">
        <ele>195.0</ele>
        <time>2026-08-26T18:25:51+02:00</time>
      </trkpt>
      <trkpt lon="16.871147" lat="43.400426">
        <ele>196.0</ele>
        <time>2026-08-26T18:25:52+02:00</time>
      </trkpt>
      <trkpt lon="16.871335" lat="43.400361">
        <ele>197.0</ele>
        <time>2026-08-26T18:25:53+02:00</time>
      </trkpt>
      <trkpt lon="16.871549" lat="43.400284">
        <ele>199.0</ele>
        <time>2026-08-26T18:25:54+02:00</time>
      </trkpt>
      <trkpt lon="16.871743" lat="43.400224">
        <ele>199.0</ele>
        <time>2026-08-26T18:25:55+02:00</time>
      </trkpt>
      <trkpt lon="16.871939" lat="43.400161">
        <ele>200.0</ele>
        <time>2026-08-26T18:25:56+02:00</time>
      </trkpt>
      <trkpt lon="16.872136" lat="43.400106">
        <ele>200.0</ele>
        <time>2026-08-26T18:25:57+02:00</time>
      </trkpt>
      <trkpt lon="16.872342" lat="43.400061">
        <ele>201.0</ele>
        <time>2026-08-26T18:25:58+02:00</time>
      </trkpt>
      <trkpt lon="16.872559" lat="43.400019">
        <ele>202.0</ele>
        <time>2026-08-26T18:25:59+02:00</time>
      </trkpt>
      <trkpt lon="16.872778" lat="43.399979">
        <ele>203.0</ele>
        <time>2026-08-26T18:26:00+02:00</time>
      </trkpt>
      <trkpt lon="16.872983" lat="43.399946">
        <ele>205.0</ele>
        <time>2026-08-26T18:26:01+02:00</time>
      </trkpt>
      <trkpt lon="16.873199" lat="43.399921">
        <ele>206.0</ele>
        <time>2026-08-26T18:26:02+02:00</time>
      </trkpt>
      <trkpt lon="16.873418" lat="43.399898">
        <ele>206.0</ele>
        <time>2026-08-26T18:26:03+02:00</time>
      </trkpt>
      <trkpt lon="16.873642" lat="43.399877">
        <ele>207.0</ele>
        <time>2026-08-26T18:26:04+02:00</time>
      </trkpt>
      <trkpt lon="16.87386" lat="43.399864">
        <ele>208.0</ele>
        <time>2026-08-26T18:26:05+02:00</time>
      </trkpt>
      <trkpt lon="16.874092" lat="43.399864">
        <ele>210.0</ele>
        <time>2026-08-26T18:26:06+02:00</time>
      </trkpt>
      <trkpt lon="16.874305" lat="43.399873">
        <ele>211.0</ele>
        <time>2026-08-26T18:26:07+02:00</time>
      </trkpt>
      <trkpt lon="16.874535" lat="43.399886">
        <ele>211.0</ele>
        <time>2026-08-26T18:26:08+02:00</time>
      </trkpt>
      <trkpt lon="16.874761" lat="43.399903">
        <ele>212.0</ele>
        <time>2026-08-26T18:26:09+02:00</time>
      </trkpt>
      <trkpt lon="16.874982" lat="43.399927">
        <ele>212.0</ele>
        <time>2026-08-26T18:26:10+02:00</time>
      </trkpt>
      <trkpt lon="16.875207" lat="43.399963">
        <ele>213.0</ele>
        <time>2026-08-26T18:26:11+02:00</time>
      </trkpt>
      <trkpt lon="16.875437" lat="43.399999">
        <ele>214.0</ele>
        <time>2026-08-26T18:26:12+02:00</time>
      </trkpt>
      <trkpt lon="16.875672" lat="43.400042">
        <ele>214.0</ele>
        <time>2026-08-26T18:26:13+02:00</time>
      </trkpt>
      <trkpt lon="16.875896" lat="43.400087">
        <ele>215.0</ele>
        <time>2026-08-26T18:26:14+02:00</time>
      </trkpt>
      <trkpt lon="16.876118" lat="43.400139">
        <ele>213.0</ele>
        <time>2026-08-26T18:26:15+02:00</time>
      </trkpt>
      <trkpt lon="16.876326" lat="43.400191">
        <ele>214.0</ele>
        <time>2026-08-26T18:26:16+02:00</time>
      </trkpt>
      <trkpt lon="16.876536" lat="43.400239">
        <ele>214.0</ele>
        <time>2026-08-26T18:26:17+02:00</time>
      </trkpt>
      <trkpt lon="16.876731" lat="43.400279">
        <ele>214.0</ele>
        <time>2026-08-26T18:26:18+02:00</time>
      </trkpt>
      <trkpt lon="16.876916" lat="43.400315">
        <ele>213.0</ele>
        <time>2026-08-26T18:26:19+02:00</time>
      </trkpt>
      <trkpt lon="16.877111" lat="43.400349">
        <ele>213.0</ele>
        <time>2026-08-26T18:26:20+02:00</time>
      </trkpt>
      <trkpt lon="16.877299" lat="43.400386">
        <ele>213.0</ele>
        <time>2026-08-26T18:26:21+02:00</time>
      </trkpt>
      <trkpt lon="16.877476" lat="43.400434">
        <ele>213.0</ele>
        <time>2026-08-26T18:26:22+02:00</time>
      </trkpt>
      <trkpt lon="16.877633" lat="43.4005">
        <ele>213.0</ele>
        <time>2026-08-26T18:26:23+02:00</time>
      </trkpt>
      <trkpt lon="16.877785" lat="43.400587">
        <ele>213.0</ele>
        <time>2026-08-26T18:26:24+02:00</time>
      </trkpt>
      <trkpt lon="16.877914" lat="43.400685">
        <ele>212.0</ele>
        <time>2026-08-26T18:26:25+02:00</time>
      </trkpt>
      <trkpt lon="16.878026" lat="43.400805">
        <ele>211.0</ele>
        <time>2026-08-26T18:26:26+02:00</time>
      </trkpt>
      <trkpt lon="16.878109" lat="43.400945">
        <ele>211.0</ele>
        <time>2026-08-26T18:26:27+02:00</time>
      </trkpt>
      <trkpt lon="16.878164" lat="43.401093">
        <ele>211.0</ele>
        <time>2026-08-26T18:26:28+02:00</time>
      </trkpt>
      <trkpt lon="16.878209" lat="43.401249">
        <ele>210.0</ele>
        <time>2026-08-26T18:26:29+02:00</time>
      </trkpt>
      <trkpt lon="16.878236" lat="43.401393">
        <ele>210.0</ele>
        <time>2026-08-26T18:26:30+02:00</time>
      </trkpt>
      <trkpt lon="16.878265" lat="43.401513">
        <ele>210.0</ele>
        <time>2026-08-26T18:26:31+02:00</time>
      </trkpt>
      <trkpt lon="16.878305" lat="43.401621">
        <ele>210.0</ele>
        <time>2026-08-26T18:26:32+02:00</time>
      </trkpt>
      <trkpt lon="16.878359" lat="43.401713">
        <ele>210.0</ele>
        <time>2026-08-26T18:26:33+02:00</time>
      </trkpt>
      <trkpt lon="16.878423" lat="43.401804">
        <ele>211.0</ele>
        <time>2026-08-26T18:26:34+02:00</time>
      </trkpt>
      <trkpt lon="16.878501" lat="43.401891">
        <ele>211.0</ele>
        <time>2026-08-26T18:26:35+02:00</time>
      </trkpt>
      <trkpt lon="16.878611" lat="43.401993">
        <ele>211.0</ele>
        <time>2026-08-26T18:26:36+02:00</time>
      </trkpt>
      <trkpt lon="16.878737" lat="43.402098">
        <ele>211.0</ele>
        <time>2026-08-26T18:26:37+02:00</time>
      </trkpt>
      <trkpt lon="16.878861" lat="43.402201">
        <ele>212.0</ele>
        <time>2026-08-26T18:26:38+02:00</time>
      </trkpt>
      <trkpt lon="16.878985" lat="43.402298">
        <ele>211.0</ele>
        <time>2026-08-26T18:26:39+02:00</time>
      </trkpt>
      <trkpt lon="16.879108" lat="43.402399">
        <ele>212.0</ele>
        <time>2026-08-26T18:26:40+02:00</time>
      </trkpt>
      <trkpt lon="16.879237" lat="43.402499">
        <ele>212.0</ele>
        <time>2026-08-26T18:26:41+02:00</time>
      </trkpt>
      <trkpt lon="16.87936" lat="43.4026">
        <ele>212.0</ele>
        <time>2026-08-26T18:26:42+02:00</time>
      </trkpt>
      <trkpt lon="16.879474" lat="43.402691">
        <ele>213.0</ele>
        <time>2026-08-26T18:26:43+02:00</time>
      </trkpt>
      <trkpt lon="16.879595" lat="43.402796">
        <ele>213.0</ele>
        <time>2026-08-26T18:26:44+02:00</time>
      </trkpt>
      <trkpt lon="16.879716" lat="43.4029">
        <ele>213.0</ele>
        <time>2026-08-26T18:26:45+02:00</time>
      </trkpt>
      <trkpt lon="16.879853" lat="43.403002">
        <ele>213.0</ele>
        <time>2026-08-26T18:26:46+02:00</time>
      </trkpt>
      <trkpt lon="16.880013" lat="43.403107">
        <ele>213.0</ele>
        <time>2026-08-26T18:26:47+02:00</time>
      </trkpt>
      <trkpt lon="16.880185" lat="43.403187">
        <ele>213.0</ele>
        <time>2026-08-26T18:26:48+02:00</time>
      </trkpt>
      <trkpt lon="16.880382" lat="43.403259">
        <ele>213.0</ele>
        <time>2026-08-26T18:26:49+02:00</time>
      </trkpt>
      <trkpt lon="16.88059" lat="43.403324">
        <ele>213.0</ele>
        <time>2026-08-26T18:26:50+02:00</time>
      </trkpt>
      <trkpt lon="16.880804" lat="43.403373">
        <ele>214.0</ele>
        <time>2026-08-26T18:26:51+02:00</time>
      </trkpt>
      <trkpt lon="16.881027" lat="43.403406">
        <ele>215.0</ele>
        <time>2026-08-26T18:26:52+02:00</time>
      </trkpt>
      <trkpt lon="16.881251" lat="43.403432">
        <ele>215.0</ele>
        <time>2026-08-26T18:26:53+02:00</time>
      </trkpt>
      <trkpt lon="16.881475" lat="43.403465">
        <ele>216.0</ele>
        <time>2026-08-26T18:26:54+02:00</time>
      </trkpt>
      <trkpt lon="16.881692" lat="43.403503">
        <ele>217.0</ele>
        <time>2026-08-26T18:26:55+02:00</time>
      </trkpt>
      <trkpt lon="16.881906" lat="43.403542">
        <ele>217.0</ele>
        <time>2026-08-26T18:26:56+02:00</time>
      </trkpt>
      <trkpt lon="16.882126" lat="43.403583">
        <ele>218.0</ele>
        <time>2026-08-26T18:26:57+02:00</time>
      </trkpt>
      <trkpt lon="16.882348" lat="43.403622">
        <ele>217.0</ele>
        <time>2026-08-26T18:26:58+02:00</time>
      </trkpt>
      <trkpt lon="16.882573" lat="43.403667">
        <ele>218.0</ele>
        <time>2026-08-26T18:26:59+02:00</time>
      </trkpt>
      <trkpt lon="16.882794" lat="43.403717">
        <ele>219.0</ele>
        <time>2026-08-26T18:27:00+02:00</time>
      </trkpt>
      <trkpt lon="16.883022" lat="43.403769">
        <ele>219.0</ele>
        <time>2026-08-26T18:27:01+02:00</time>
      </trkpt>
      <trkpt lon="16.883246" lat="43.403825">
        <ele>219.0</ele>
        <time>2026-08-26T18:27:02+02:00</time>
      </trkpt>
      <trkpt lon="16.883476" lat="43.403882">
        <ele>220.0</ele>
        <time>2026-08-26T18:27:03+02:00</time>
      </trkpt>
      <trkpt lon="16.883695" lat="43.403939">
        <ele>221.0</ele>
        <time>2026-08-26T18:27:04+02:00</time>
      </trkpt>
      <trkpt lon="16.883906" lat="43.403993">
        <ele>222.0</ele>
        <time>2026-08-26T18:27:05+02:00</time>
      </trkpt>
      <trkpt lon="16.884113" lat="43.404055">
        <ele>223.0</ele>
        <time>2026-08-26T18:27:06+02:00</time>
      </trkpt>
      <trkpt lon="16.88431" lat="43.404117">
        <ele>224.0</ele>
        <time>2026-08-26T18:27:07+02:00</time>
      </trkpt>
      <trkpt lon="16.884511" lat="43.40418">
        <ele>225.0</ele>
        <time>2026-08-26T18:27:08+02:00</time>
      </trkpt>
      <trkpt lon="16.884708" lat="43.40423">
        <ele>226.0</ele>
        <time>2026-08-26T18:27:09+02:00</time>
      </trkpt>
      <trkpt lon="16.884918" lat="43.40427">
        <ele>228.0</ele>
        <time>2026-08-26T18:27:10+02:00</time>
      </trkpt>
      <trkpt lon="16.885111" lat="43.404291">
        <ele>229.0</ele>
        <time>2026-08-26T18:27:11+02:00</time>
      </trkpt>
      <trkpt lon="16.885327" lat="43.404305">
        <ele>230.0</ele>
        <time>2026-08-26T18:27:12+02:00</time>
      </trkpt>
      <trkpt lon="16.885528" lat="43.404306">
        <ele>231.0</ele>
        <time>2026-08-26T18:27:13+02:00</time>
      </trkpt>
      <trkpt lon="16.885721" lat="43.404296">
        <ele>231.0</ele>
        <time>2026-08-26T18:27:14+02:00</time>
      </trkpt>
      <trkpt lon="16.885927" lat="43.404271">
        <ele>232.0</ele>
        <time>2026-08-26T18:27:15+02:00</time>
      </trkpt>
      <trkpt lon="16.88613" lat="43.404239">
        <ele>233.0</ele>
        <time>2026-08-26T18:27:16+02:00</time>
      </trkpt>
      <trkpt lon="16.886327" lat="43.404207">
        <ele>234.0</ele>
        <time>2026-08-26T18:27:17+02:00</time>
      </trkpt>
      <trkpt lon="16.88651" lat="43.404178">
        <ele>234.0</ele>
        <time>2026-08-26T18:27:18+02:00</time>
      </trkpt>
      <trkpt lon="16.886697" lat="43.40414">
        <ele>235.0</ele>
        <time>2026-08-26T18:27:19+02:00</time>
      </trkpt>
      <trkpt lon="16.88689" lat="43.404106">
        <ele>239.0</ele>
        <time>2026-08-26T18:27:20+02:00</time>
      </trkpt>
      <trkpt lon="16.887098" lat="43.40407">
        <ele>240.0</ele>
        <time>2026-08-26T18:27:21+02:00</time>
      </trkpt>
      <trkpt lon="16.887294" lat="43.404028">
        <ele>240.0</ele>
        <time>2026-08-26T18:27:22+02:00</time>
      </trkpt>
      <trkpt lon="16.887517" lat="43.404002">
        <ele>241.0</ele>
        <time>2026-08-26T18:27:23+02:00</time>
      </trkpt>
      <trkpt lon="16.887721" lat="43.403966">
        <ele>242.0</ele>
        <time>2026-08-26T18:27:24+02:00</time>
      </trkpt>
      <trkpt lon="16.887942" lat="43.403918">
        <ele>243.0</ele>
        <time>2026-08-26T18:27:25+02:00</time>
      </trkpt>
      <trkpt lon="16.888137" lat="43.403875">
        <ele>243.0</ele>
        <time>2026-08-26T18:27:26+02:00</time>
      </trkpt>
      <trkpt lon="16.888334" lat="43.403817">
        <ele>244.0</ele>
        <time>2026-08-26T18:27:27+02:00</time>
      </trkpt>
      <trkpt lon="16.88852" lat="43.403753">
        <ele>246.0</ele>
        <time>2026-08-26T18:27:28+02:00</time>
      </trkpt>
      <trkpt lon="16.8887" lat="43.403678">
        <ele>245.0</ele>
        <time>2026-08-26T18:27:29+02:00</time>
      </trkpt>
      <trkpt lon="16.888877" lat="43.403596">
        <ele>247.0</ele>
        <time>2026-08-26T18:27:30+02:00</time>
      </trkpt>
      <trkpt lon="16.889054" lat="43.403511">
        <ele>248.0</ele>
        <time>2026-08-26T18:27:31+02:00</time>
      </trkpt>
      <trkpt lon="16.889221" lat="43.403431">
        <ele>249.0</ele>
        <time>2026-08-26T18:27:32+02:00</time>
      </trkpt>
      <trkpt lon="16.889391" lat="43.403343">
        <ele>250.0</ele>
        <time>2026-08-26T18:27:33+02:00</time>
      </trkpt>
      <trkpt lon="16.889574" lat="43.403249">
        <ele>251.0</ele>
        <time>2026-08-26T18:27:34+02:00</time>
      </trkpt>
      <trkpt lon="16.889737" lat="43.403162">
        <ele>252.0</ele>
        <time>2026-08-26T18:27:35+02:00</time>
      </trkpt>
      <trkpt lon="16.889926" lat="43.403074">
        <ele>253.0</ele>
        <time>2026-08-26T18:27:36+02:00</time>
      </trkpt>
      <trkpt lon="16.890131" lat="43.402987">
        <ele>255.0</ele>
        <time>2026-08-26T18:27:37+02:00</time>
      </trkpt>
      <trkpt lon="16.890316" lat="43.402915">
        <ele>255.0</ele>
        <time>2026-08-26T18:27:38+02:00</time>
      </trkpt>
      <trkpt lon="16.8905" lat="43.402848">
        <ele>256.0</ele>
        <time>2026-08-26T18:27:39+02:00</time>
      </trkpt>
      <trkpt lon="16.890685" lat="43.402793">
        <ele>257.0</ele>
        <time>2026-08-26T18:27:40+02:00</time>
      </trkpt>
      <trkpt lon="16.890855" lat="43.402736">
        <ele>257.0</ele>
        <time>2026-08-26T18:27:41+02:00</time>
      </trkpt>
      <trkpt lon="16.891018" lat="43.402683">
        <ele>258.0</ele>
        <time>2026-08-26T18:27:42+02:00</time>
      </trkpt>
      <trkpt lon="16.89118" lat="43.402619">
        <ele>259.0</ele>
        <time>2026-08-26T18:27:43+02:00</time>
      </trkpt>
      <trkpt lon="16.891344" lat="43.402554">
        <ele>259.0</ele>
        <time>2026-08-26T18:27:44+02:00</time>
      </trkpt>
      <trkpt lon="16.891519" lat="43.402473">
        <ele>260.0</ele>
        <time>2026-08-26T18:27:45+02:00</time>
      </trkpt>
      <trkpt lon="16.89168" lat="43.402384">
        <ele>261.0</ele>
        <time>2026-08-26T18:27:46+02:00</time>
      </trkpt>
      <trkpt lon="16.891825" lat="43.402286">
        <ele>262.0</ele>
        <time>2026-08-26T18:27:47+02:00</time>
      </trkpt>
      <trkpt lon="16.891932" lat="43.402189">
        <ele>264.0</ele>
        <time>2026-08-26T18:27:48+02:00</time>
      </trkpt>
      <trkpt lon="16.892028" lat="43.402083">
        <ele>265.0</ele>
        <time>2026-08-26T18:27:49+02:00</time>
      </trkpt>
      <trkpt lon="16.89212" lat="43.401973">
        <ele>265.0</ele>
        <time>2026-08-26T18:27:50+02:00</time>
      </trkpt>
      <trkpt lon="16.892224" lat="43.401855">
        <ele>266.0</ele>
        <time>2026-08-26T18:27:51+02:00</time>
      </trkpt>
      <trkpt lon="16.892345" lat="43.401747">
        <ele>266.0</ele>
        <time>2026-08-26T18:27:52+02:00</time>
      </trkpt>
      <trkpt lon="16.892477" lat="43.401646">
        <ele>267.0</ele>
        <time>2026-08-26T18:27:53+02:00</time>
      </trkpt>
      <trkpt lon="16.892608" lat="43.401546">
        <ele>267.0</ele>
        <time>2026-08-26T18:27:54+02:00</time>
      </trkpt>
      <trkpt lon="16.892719" lat="43.40144">
        <ele>268.0</ele>
        <time>2026-08-26T18:27:55+02:00</time>
      </trkpt>
      <trkpt lon="16.892833" lat="43.401314">
        <ele>268.0</ele>
        <time>2026-08-26T18:27:56+02:00</time>
      </trkpt>
      <trkpt lon="16.892949" lat="43.401174">
        <ele>269.0</ele>
        <time>2026-08-26T18:27:57+02:00</time>
      </trkpt>
      <trkpt lon="16.893047" lat="43.401021">
        <ele>270.0</ele>
        <time>2026-08-26T18:27:58+02:00</time>
      </trkpt>
      <trkpt lon="16.893137" lat="43.400859">
        <ele>269.0</ele>
        <time>2026-08-26T18:27:59+02:00</time>
      </trkpt>
      <trkpt lon="16.893217" lat="43.400695">
        <ele>269.0</ele>
        <time>2026-08-26T18:28:00+02:00</time>
      </trkpt>
      <trkpt lon="16.89329" lat="43.400531">
        <ele>269.0</ele>
        <time>2026-08-26T18:28:01+02:00</time>
      </trkpt>
      <trkpt lon="16.89335" lat="43.400371">
        <ele>268.0</ele>
        <time>2026-08-26T18:28:02+02:00</time>
      </trkpt>
      <trkpt lon="16.893407" lat="43.40021">
        <ele>268.0</ele>
        <time>2026-08-26T18:28:03+02:00</time>
      </trkpt>
      <trkpt lon="16.893454" lat="43.400067">
        <ele>268.0</ele>
        <time>2026-08-26T18:28:04+02:00</time>
      </trkpt>
      <trkpt lon="16.893502" lat="43.399919">
        <ele>267.0</ele>
        <time>2026-08-26T18:28:05+02:00</time>
      </trkpt>
      <trkpt lon="16.893553" lat="43.399767">
        <ele>266.0</ele>
        <time>2026-08-26T18:28:06+02:00</time>
      </trkpt>
      <trkpt lon="16.893604" lat="43.399617">
        <ele>264.0</ele>
        <time>2026-08-26T18:28:07+02:00</time>
      </trkpt>
      <trkpt lon="16.893654" lat="43.399454">
        <ele>263.0</ele>
        <time>2026-08-26T18:28:08+02:00</time>
      </trkpt>
      <trkpt lon="16.893683" lat="43.399292">
        <ele>262.0</ele>
        <time>2026-08-26T18:28:09+02:00</time>
      </trkpt>
      <trkpt lon="16.893701" lat="43.399121">
        <ele>261.0</ele>
        <time>2026-08-26T18:28:10+02:00</time>
      </trkpt>
      <trkpt lon="16.893693" lat="43.398937">
        <ele>260.0</ele>
        <time>2026-08-26T18:28:11+02:00</time>
      </trkpt>
      <trkpt lon="16.893663" lat="43.398753">
        <ele>260.0</ele>
        <time>2026-08-26T18:28:12+02:00</time>
      </trkpt>
      <trkpt lon="16.893612" lat="43.398588">
        <ele>259.0</ele>
        <time>2026-08-26T18:28:13+02:00</time>
      </trkpt>
      <trkpt lon="16.893552" lat="43.398426">
        <ele>258.0</ele>
        <time>2026-08-26T18:28:14+02:00</time>
      </trkpt>
      <trkpt lon="16.89349" lat="43.398281">
        <ele>258.0</ele>
        <time>2026-08-26T18:28:15+02:00</time>
      </trkpt>
      <trkpt lon="16.893419" lat="43.398134">
        <ele>256.0</ele>
        <time>2026-08-26T18:28:16+02:00</time>
      </trkpt>
      <trkpt lon="16.893347" lat="43.397992">
        <ele>255.0</ele>
        <time>2026-08-26T18:28:17+02:00</time>
      </trkpt>
      <trkpt lon="16.893304" lat="43.397832">
        <ele>254.0</ele>
        <time>2026-08-26T18:28:18+02:00</time>
      </trkpt>
      <trkpt lon="16.893298" lat="43.397689">
        <ele>253.0</ele>
        <time>2026-08-26T18:28:19+02:00</time>
      </trkpt>
      <trkpt lon="16.893337" lat="43.397553">
        <ele>253.0</ele>
        <time>2026-08-26T18:28:20+02:00</time>
      </trkpt>
      <trkpt lon="16.893419" lat="43.397414">
        <ele>252.0</ele>
        <time>2026-08-26T18:28:21+02:00</time>
      </trkpt>
      <trkpt lon="16.89355" lat="43.397293">
        <ele>251.0</ele>
        <time>2026-08-26T18:28:22+02:00</time>
      </trkpt>
      <trkpt lon="16.893715" lat="43.39717">
        <ele>250.0</ele>
        <time>2026-08-26T18:28:23+02:00</time>
      </trkpt>
      <trkpt lon="16.89389" lat="43.397051">
        <ele>249.0</ele>
        <time>2026-08-26T18:28:24+02:00</time>
      </trkpt>
      <trkpt lon="16.894076" lat="43.396919">
        <ele>248.0</ele>
        <time>2026-08-26T18:28:25+02:00</time>
      </trkpt>
      <trkpt lon="16.894249" lat="43.396775">
        <ele>247.0</ele>
        <time>2026-08-26T18:28:26+02:00</time>
      </trkpt>
      <trkpt lon="16.894399" lat="43.396615">
        <ele>246.0</ele>
        <time>2026-08-26T18:28:27+02:00</time>
      </trkpt>
      <trkpt lon="16.894516" lat="43.396474">
        <ele>245.0</ele>
        <time>2026-08-26T18:28:28+02:00</time>
      </trkpt>
      <trkpt lon="16.894653" lat="43.396305">
        <ele>245.0</ele>
        <time>2026-08-26T18:28:29+02:00</time>
      </trkpt>
      <trkpt lon="16.894817" lat="43.396156">
        <ele>244.0</ele>
        <time>2026-08-26T18:28:30+02:00</time>
      </trkpt>
      <trkpt lon="16.89501" lat="43.396015">
        <ele>243.0</ele>
        <time>2026-08-26T18:28:31+02:00</time>
      </trkpt>
      <trkpt lon="16.895228" lat="43.395872">
        <ele>242.0</ele>
        <time>2026-08-26T18:28:32+02:00</time>
      </trkpt>
      <trkpt lon="16.895442" lat="43.395741">
        <ele>241.0</ele>
        <time>2026-08-26T18:28:33+02:00</time>
      </trkpt>
      <trkpt lon="16.895665" lat="43.395616">
        <ele>241.0</ele>
        <time>2026-08-26T18:28:34+02:00</time>
      </trkpt>
      <trkpt lon="16.895871" lat="43.395475">
        <ele>241.0</ele>
        <time>2026-08-26T18:28:35+02:00</time>
      </trkpt>
      <trkpt lon="16.896074" lat="43.395327">
        <ele>241.0</ele>
        <time>2026-08-26T18:28:36+02:00</time>
      </trkpt>
      <trkpt lon="16.896265" lat="43.395174">
        <ele>240.0</ele>
        <time>2026-08-26T18:28:37+02:00</time>
      </trkpt>
      <trkpt lon="16.896451" lat="43.395021">
        <ele>240.0</ele>
        <time>2026-08-26T18:28:38+02:00</time>
      </trkpt>
      <trkpt lon="16.896641" lat="43.394865">
        <ele>240.0</ele>
        <time>2026-08-26T18:28:39+02:00</time>
      </trkpt>
      <trkpt lon="16.896835" lat="43.394712">
        <ele>239.0</ele>
        <time>2026-08-26T18:28:40+02:00</time>
      </trkpt>
      <trkpt lon="16.897019" lat="43.394562">
        <ele>239.0</ele>
        <time>2026-08-26T18:28:41+02:00</time>
      </trkpt>
      <trkpt lon="16.897205" lat="43.394413">
        <ele>237.0</ele>
        <time>2026-08-26T18:28:42+02:00</time>
      </trkpt>
      <trkpt lon="16.897394" lat="43.394263">
        <ele>238.0</ele>
        <time>2026-08-26T18:28:43+02:00</time>
      </trkpt>
      <trkpt lon="16.897576" lat="43.394117">
        <ele>237.0</ele>
        <time>2026-08-26T18:28:44+02:00</time>
      </trkpt>
      <trkpt lon="16.897758" lat="43.393972">
        <ele>237.0</ele>
        <time>2026-08-26T18:28:45+02:00</time>
      </trkpt>
      <trkpt lon="16.897947" lat="43.39383">
        <ele>237.0</ele>
        <time>2026-08-26T18:28:46+02:00</time>
      </trkpt>
      <trkpt lon="16.89814" lat="43.393682">
        <ele>236.0</ele>
        <time>2026-08-26T18:28:47+02:00</time>
      </trkpt>
      <trkpt lon="16.898337" lat="43.393537">
        <ele>236.0</ele>
        <time>2026-08-26T18:28:48+02:00</time>
      </trkpt>
      <trkpt lon="16.898541" lat="43.393386">
        <ele>236.0</ele>
        <time>2026-08-26T18:28:49+02:00</time>
      </trkpt>
      <trkpt lon="16.898729" lat="43.393239">
        <ele>235.0</ele>
        <time>2026-08-26T18:28:50+02:00</time>
      </trkpt>
      <trkpt lon="16.898932" lat="43.393077">
        <ele>235.0</ele>
        <time>2026-08-26T18:28:51+02:00</time>
      </trkpt>
      <trkpt lon="16.899134" lat="43.39293">
        <ele>234.0</ele>
        <time>2026-08-26T18:28:52+02:00</time>
      </trkpt>
      <trkpt lon="16.899307" lat="43.39278">
        <ele>234.0</ele>
        <time>2026-08-26T18:28:53+02:00</time>
      </trkpt>
      <trkpt lon="16.899458" lat="43.392616">
        <ele>234.0</ele>
        <time>2026-08-26T18:28:54+02:00</time>
      </trkpt>
      <trkpt lon="16.899564" lat="43.392457">
        <ele>233.0</ele>
        <time>2026-08-26T18:28:55+02:00</time>
      </trkpt>
      <trkpt lon="16.899648" lat="43.392282">
        <ele>232.0</ele>
        <time>2026-08-26T18:28:56+02:00</time>
      </trkpt>
      <trkpt lon="16.899703" lat="43.392111">
        <ele>230.0</ele>
        <time>2026-08-26T18:28:57+02:00</time>
      </trkpt>
      <trkpt lon="16.899752" lat="43.391944">
        <ele>229.0</ele>
        <time>2026-08-26T18:28:58+02:00</time>
      </trkpt>
      <trkpt lon="16.899811" lat="43.391747">
        <ele>228.0</ele>
        <time>2026-08-26T18:28:59+02:00</time>
      </trkpt>
      <trkpt lon="16.89986" lat="43.391592">
        <ele>228.0</ele>
        <time>2026-08-26T18:29:00+02:00</time>
      </trkpt>
      <trkpt lon="16.899914" lat="43.391434">
        <ele>226.0</ele>
        <time>2026-08-26T18:29:01+02:00</time>
      </trkpt>
      <trkpt lon="16.899967" lat="43.391283">
        <ele>224.0</ele>
        <time>2026-08-26T18:29:02+02:00</time>
      </trkpt>
      <trkpt lon="16.900029" lat="43.391134">
        <ele>224.0</ele>
        <time>2026-08-26T18:29:03+02:00</time>
      </trkpt>
      <trkpt lon="16.90012" lat="43.390988">
        <ele>223.0</ele>
        <time>2026-08-26T18:29:04+02:00</time>
      </trkpt>
      <trkpt lon="16.900233" lat="43.390852">
        <ele>222.0</ele>
        <time>2026-08-26T18:29:05+02:00</time>
      </trkpt>
      <trkpt lon="16.900356" lat="43.390729">
        <ele>222.0</ele>
        <time>2026-08-26T18:29:06+02:00</time>
      </trkpt>
      <trkpt lon="16.900475" lat="43.390609">
        <ele>221.0</ele>
        <time>2026-08-26T18:29:07+02:00</time>
      </trkpt>
      <trkpt lon="16.900576" lat="43.390503">
        <ele>220.0</ele>
        <time>2026-08-26T18:29:08+02:00</time>
      </trkpt>
      <trkpt lon="16.900673" lat="43.390396">
        <ele>220.0</ele>
        <time>2026-08-26T18:29:09+02:00</time>
      </trkpt>
      <trkpt lon="16.900762" lat="43.390292">
        <ele>217.0</ele>
        <time>2026-08-26T18:29:10+02:00</time>
      </trkpt>
      <trkpt lon="16.900849" lat="43.390192">
        <ele>217.0</ele>
        <time>2026-08-26T18:29:11+02:00</time>
      </trkpt>
      <trkpt lon="16.900935" lat="43.390096">
        <ele>217.0</ele>
        <time>2026-08-26T18:29:12+02:00</time>
      </trkpt>
      <trkpt lon="16.901027" lat="43.390003">
        <ele>216.0</ele>
        <time>2026-08-26T18:29:13+02:00</time>
      </trkpt>
      <trkpt lon="16.901125" lat="43.389917">
        <ele>214.0</ele>
        <time>2026-08-26T18:29:14+02:00</time>
      </trkpt>
      <trkpt lon="16.901229" lat="43.389832">
        <ele>214.0</ele>
        <time>2026-08-26T18:29:15+02:00</time>
      </trkpt>
      <trkpt lon="16.901345" lat="43.389736">
        <ele>213.0</ele>
        <time>2026-08-26T18:29:16+02:00</time>
      </trkpt>
      <trkpt lon="16.901472" lat="43.389645">
        <ele>212.0</ele>
        <time>2026-08-26T18:29:17+02:00</time>
      </trkpt>
      <trkpt lon="16.901624" lat="43.389554">
        <ele>212.0</ele>
        <time>2026-08-26T18:29:18+02:00</time>
      </trkpt>
      <trkpt lon="16.901801" lat="43.389473">
        <ele>212.0</ele>
        <time>2026-08-26T18:29:19+02:00</time>
      </trkpt>
      <trkpt lon="16.901992" lat="43.389408">
        <ele>212.0</ele>
        <time>2026-08-26T18:29:20+02:00</time>
      </trkpt>
      <trkpt lon="16.902198" lat="43.389356">
        <ele>211.0</ele>
        <time>2026-08-26T18:29:21+02:00</time>
      </trkpt>
      <trkpt lon="16.902369" lat="43.389334">
        <ele>210.0</ele>
        <time>2026-08-26T18:29:22+02:00</time>
      </trkpt>
      <trkpt lon="16.902561" lat="43.389329">
        <ele>210.0</ele>
        <time>2026-08-26T18:29:23+02:00</time>
      </trkpt>
      <trkpt lon="16.902769" lat="43.389338">
        <ele>210.0</ele>
        <time>2026-08-26T18:29:24+02:00</time>
      </trkpt>
      <trkpt lon="16.902989" lat="43.389352">
        <ele>209.0</ele>
        <time>2026-08-26T18:29:25+02:00</time>
      </trkpt>
      <trkpt lon="16.903214" lat="43.389364">
        <ele>209.0</ele>
        <time>2026-08-26T18:29:26+02:00</time>
      </trkpt>
      <trkpt lon="16.903448" lat="43.389371">
        <ele>208.0</ele>
        <time>2026-08-26T18:29:27+02:00</time>
      </trkpt>
      <trkpt lon="16.903669" lat="43.389368">
        <ele>208.0</ele>
        <time>2026-08-26T18:29:28+02:00</time>
      </trkpt>
      <trkpt lon="16.903878" lat="43.389353">
        <ele>207.0</ele>
        <time>2026-08-26T18:29:29+02:00</time>
      </trkpt>
      <trkpt lon="16.904081" lat="43.389323">
        <ele>207.0</ele>
        <time>2026-08-26T18:29:30+02:00</time>
      </trkpt>
      <trkpt lon="16.904274" lat="43.389277">
        <ele>206.0</ele>
        <time>2026-08-26T18:29:31+02:00</time>
      </trkpt>
      <trkpt lon="16.904455" lat="43.389218">
        <ele>206.0</ele>
        <time>2026-08-26T18:29:32+02:00</time>
      </trkpt>
      <trkpt lon="16.90463" lat="43.389142">
        <ele>206.0</ele>
        <time>2026-08-26T18:29:33+02:00</time>
      </trkpt>
      <trkpt lon="16.904799" lat="43.389046">
        <ele>208.0</ele>
        <time>2026-08-26T18:29:34+02:00</time>
      </trkpt>
      <trkpt lon="16.904956" lat="43.388933">
        <ele>206.0</ele>
        <time>2026-08-26T18:29:35+02:00</time>
      </trkpt>
      <trkpt lon="16.905094" lat="43.388802">
        <ele>206.0</ele>
        <time>2026-08-26T18:29:36+02:00</time>
      </trkpt>
      <trkpt lon="16.90521" lat="43.388658">
        <ele>207.0</ele>
        <time>2026-08-26T18:29:37+02:00</time>
      </trkpt>
      <trkpt lon="16.905308" lat="43.388509">
        <ele>206.0</ele>
        <time>2026-08-26T18:29:38+02:00</time>
      </trkpt>
      <trkpt lon="16.905387" lat="43.388374">
        <ele>206.0</ele>
        <time>2026-08-26T18:29:39+02:00</time>
      </trkpt>
      <trkpt lon="16.905469" lat="43.388231">
        <ele>206.0</ele>
        <time>2026-08-26T18:29:40+02:00</time>
      </trkpt>
      <trkpt lon="16.905561" lat="43.388099">
        <ele>205.0</ele>
        <time>2026-08-26T18:29:41+02:00</time>
      </trkpt>
      <trkpt lon="16.90567" lat="43.387978">
        <ele>205.0</ele>
        <time>2026-08-26T18:29:42+02:00</time>
      </trkpt>
      <trkpt lon="16.905805" lat="43.387876">
        <ele>204.0</ele>
        <time>2026-08-26T18:29:43+02:00</time>
      </trkpt>
      <trkpt lon="16.905964" lat="43.387782">
        <ele>204.0</ele>
        <time>2026-08-26T18:29:44+02:00</time>
      </trkpt>
      <trkpt lon="16.90614" lat="43.387692">
        <ele>204.0</ele>
        <time>2026-08-26T18:29:45+02:00</time>
      </trkpt>
      <trkpt lon="16.906297" lat="43.387616">
        <ele>204.0</ele>
        <time>2026-08-26T18:29:46+02:00</time>
      </trkpt>
      <trkpt lon="16.906446" lat="43.387537">
        <ele>204.0</ele>
        <time>2026-08-26T18:29:47+02:00</time>
      </trkpt>
      <trkpt lon="16.906586" lat="43.387469">
        <ele>203.0</ele>
        <time>2026-08-26T18:29:48+02:00</time>
      </trkpt>
      <trkpt lon="16.906715" lat="43.387399">
        <ele>203.0</ele>
        <time>2026-08-26T18:29:49+02:00</time>
      </trkpt>
      <trkpt lon="16.906859" lat="43.387331">
        <ele>203.0</ele>
        <time>2026-08-26T18:29:50+02:00</time>
      </trkpt>
      <trkpt lon="16.907016" lat="43.387263">
        <ele>203.0</ele>
        <time>2026-08-26T18:29:51+02:00</time>
      </trkpt>
      <trkpt lon="16.907188" lat="43.387197">
        <ele>202.0</ele>
        <time>2026-08-26T18:29:52+02:00</time>
      </trkpt>
      <trkpt lon="16.907357" lat="43.387138">
        <ele>203.0</ele>
        <time>2026-08-26T18:29:53+02:00</time>
      </trkpt>
      <trkpt lon="16.907518" lat="43.387084">
        <ele>202.0</ele>
        <time>2026-08-26T18:29:54+02:00</time>
      </trkpt>
      <trkpt lon="16.907674" lat="43.387032">
        <ele>202.0</ele>
        <time>2026-08-26T18:29:55+02:00</time>
      </trkpt>
      <trkpt lon="16.907838" lat="43.386974">
        <ele>201.0</ele>
        <time>2026-08-26T18:29:56+02:00</time>
      </trkpt>
      <trkpt lon="16.907984" lat="43.386915">
        <ele>201.0</ele>
        <time>2026-08-26T18:29:57+02:00</time>
      </trkpt>
      <trkpt lon="16.90813" lat="43.386852">
        <ele>202.0</ele>
        <time>2026-08-26T18:29:58+02:00</time>
      </trkpt>
      <trkpt lon="16.908268" lat="43.386783">
        <ele>202.0</ele>
        <time>2026-08-26T18:29:59+02:00</time>
      </trkpt>
      <trkpt lon="16.908413" lat="43.386706">
        <ele>201.0</ele>
        <time>2026-08-26T18:30:00+02:00</time>
      </trkpt>
      <trkpt lon="16.908556" lat="43.386626">
        <ele>202.0</ele>
        <time>2026-08-26T18:30:01+02:00</time>
      </trkpt>
      <trkpt lon="16.908692" lat="43.386533">
        <ele>202.0</ele>
        <time>2026-08-26T18:30:02+02:00</time>
      </trkpt>
      <trkpt lon="16.908831" lat="43.38643">
        <ele>202.0</ele>
        <time>2026-08-26T18:30:03+02:00</time>
      </trkpt>
      <trkpt lon="16.908973" lat="43.386314">
        <ele>203.0</ele>
        <time>2026-08-26T18:30:04+02:00</time>
      </trkpt>
      <trkpt lon="16.909106" lat="43.386194">
        <ele>203.0</ele>
        <time>2026-08-26T18:30:05+02:00</time>
      </trkpt>
      <trkpt lon="16.90924" lat="43.386075">
        <ele>203.0</ele>
        <time>2026-08-26T18:30:06+02:00</time>
      </trkpt>
      <trkpt lon="16.909364" lat="43.385964">
        <ele>203.0</ele>
        <time>2026-08-26T18:30:07+02:00</time>
      </trkpt>
      <trkpt lon="16.909483" lat="43.385862">
        <ele>204.0</ele>
        <time>2026-08-26T18:30:08+02:00</time>
      </trkpt>
      <trkpt lon="16.909617" lat="43.385767">
        <ele>204.0</ele>
        <time>2026-08-26T18:30:09+02:00</time>
      </trkpt>
      <trkpt lon="16.90976" lat="43.385673">
        <ele>203.0</ele>
        <time>2026-08-26T18:30:10+02:00</time>
      </trkpt>
      <trkpt lon="16.909926" lat="43.385581">
        <ele>204.0</ele>
        <time>2026-08-26T18:30:11+02:00</time>
      </trkpt>
      <trkpt lon="16.91009" lat="43.385504">
        <ele>203.0</ele>
        <time>2026-08-26T18:30:12+02:00</time>
      </trkpt>
      <trkpt lon="16.910262" lat="43.385426">
        <ele>203.0</ele>
        <time>2026-08-26T18:30:13+02:00</time>
      </trkpt>
      <trkpt lon="16.910431" lat="43.385354">
        <ele>203.0</ele>
        <time>2026-08-26T18:30:14+02:00</time>
      </trkpt>
      <trkpt lon="16.910611" lat="43.385275">
        <ele>203.0</ele>
        <time>2026-08-26T18:30:15+02:00</time>
      </trkpt>
      <trkpt lon="16.91079" lat="43.385194">
        <ele>203.0</ele>
        <time>2026-08-26T18:30:16+02:00</time>
      </trkpt>
      <trkpt lon="16.910948" lat="43.385122">
        <ele>203.0</ele>
        <time>2026-08-26T18:30:17+02:00</time>
      </trkpt>
      <trkpt lon="16.911108" lat="43.38505">
        <ele>202.0</ele>
        <time>2026-08-26T18:30:18+02:00</time>
      </trkpt>
      <trkpt lon="16.911276" lat="43.384973">
        <ele>203.0</ele>
        <time>2026-08-26T18:30:19+02:00</time>
      </trkpt>
      <trkpt lon="16.911427" lat="43.384904">
        <ele>202.0</ele>
        <time>2026-08-26T18:30:20+02:00</time>
      </trkpt>
      <trkpt lon="16.911585" lat="43.384828">
        <ele>203.0</ele>
        <time>2026-08-26T18:30:21+02:00</time>
      </trkpt>
      <trkpt lon="16.911752" lat="43.384755">
        <ele>203.0</ele>
        <time>2026-08-26T18:30:22+02:00</time>
      </trkpt>
      <trkpt lon="16.911925" lat="43.384676">
        <ele>202.0</ele>
        <time>2026-08-26T18:30:23+02:00</time>
      </trkpt>
      <trkpt lon="16.912089" lat="43.384609">
        <ele>203.0</ele>
        <time>2026-08-26T18:30:24+02:00</time>
      </trkpt>
      <trkpt lon="16.91226" lat="43.384528">
        <ele>201.0</ele>
        <time>2026-08-26T18:30:25+02:00</time>
      </trkpt>
      <trkpt lon="16.91243" lat="43.384455">
        <ele>201.0</ele>
        <time>2026-08-26T18:30:26+02:00</time>
      </trkpt>
      <trkpt lon="16.912598" lat="43.384384">
        <ele>201.0</ele>
        <time>2026-08-26T18:30:27+02:00</time>
      </trkpt>
      <trkpt lon="16.912773" lat="43.384322">
        <ele>201.0</ele>
        <time>2026-08-26T18:30:28+02:00</time>
      </trkpt>
      <trkpt lon="16.912946" lat="43.384266">
        <ele>201.0</ele>
        <time>2026-08-26T18:30:29+02:00</time>
      </trkpt>
      <trkpt lon="16.913122" lat="43.384218">
        <ele>201.0</ele>
        <time>2026-08-26T18:30:30+02:00</time>
      </trkpt>
      <trkpt lon="16.913305" lat="43.38417">
        <ele>200.0</ele>
        <time>2026-08-26T18:30:31+02:00</time>
      </trkpt>
      <trkpt lon="16.913489" lat="43.384124">
        <ele>200.0</ele>
        <time>2026-08-26T18:30:32+02:00</time>
      </trkpt>
      <trkpt lon="16.913665" lat="43.384076">
        <ele>201.0</ele>
        <time>2026-08-26T18:30:33+02:00</time>
      </trkpt>
      <trkpt lon="16.913847" lat="43.384027">
        <ele>201.0</ele>
        <time>2026-08-26T18:30:34+02:00</time>
      </trkpt>
      <trkpt lon="16.914023" lat="43.383969">
        <ele>201.0</ele>
        <time>2026-08-26T18:30:35+02:00</time>
      </trkpt>
      <trkpt lon="16.914195" lat="43.383903">
        <ele>200.0</ele>
        <time>2026-08-26T18:30:36+02:00</time>
      </trkpt>
      <trkpt lon="16.914356" lat="43.383833">
        <ele>199.0</ele>
        <time>2026-08-26T18:30:37+02:00</time>
      </trkpt>
      <trkpt lon="16.914527" lat="43.383753">
        <ele>199.0</ele>
        <time>2026-08-26T18:30:38+02:00</time>
      </trkpt>
      <trkpt lon="16.914691" lat="43.383678">
        <ele>198.0</ele>
        <time>2026-08-26T18:30:39+02:00</time>
      </trkpt>
      <trkpt lon="16.914871" lat="43.383602">
        <ele>198.0</ele>
        <time>2026-08-26T18:30:40+02:00</time>
      </trkpt>
      <trkpt lon="16.915058" lat="43.383539">
        <ele>198.0</ele>
        <time>2026-08-26T18:30:41+02:00</time>
      </trkpt>
      <trkpt lon="16.915254" lat="43.383485">
        <ele>198.0</ele>
        <time>2026-08-26T18:30:42+02:00</time>
      </trkpt>
      <trkpt lon="16.915454" lat="43.383442">
        <ele>197.0</ele>
        <time>2026-08-26T18:30:43+02:00</time>
      </trkpt>
      <trkpt lon="16.915662" lat="43.383403">
        <ele>196.0</ele>
        <time>2026-08-26T18:30:44+02:00</time>
      </trkpt>
      <trkpt lon="16.915868" lat="43.383367">
        <ele>195.0</ele>
        <time>2026-08-26T18:30:45+02:00</time>
      </trkpt>
      <trkpt lon="16.916077" lat="43.383328">
        <ele>197.0</ele>
        <time>2026-08-26T18:30:46+02:00</time>
      </trkpt>
      <trkpt lon="16.916279" lat="43.383287">
        <ele>196.0</ele>
        <time>2026-08-26T18:30:47+02:00</time>
      </trkpt>
      <trkpt lon="16.916476" lat="43.383246">
        <ele>195.0</ele>
        <time>2026-08-26T18:30:48+02:00</time>
      </trkpt>
      <trkpt lon="16.916677" lat="43.383206">
        <ele>194.0</ele>
        <time>2026-08-26T18:30:49+02:00</time>
      </trkpt>
      <trkpt lon="16.916897" lat="43.383165">
        <ele>194.0</ele>
        <time>2026-08-26T18:30:50+02:00</time>
      </trkpt>
      <trkpt lon="16.917104" lat="43.383123">
        <ele>194.0</ele>
        <time>2026-08-26T18:30:51+02:00</time>
      </trkpt>
      <trkpt lon="16.917322" lat="43.383082">
        <ele>193.0</ele>
        <time>2026-08-26T18:30:52+02:00</time>
      </trkpt>
      <trkpt lon="16.917538" lat="43.383034">
        <ele>192.0</ele>
        <time>2026-08-26T18:30:53+02:00</time>
      </trkpt>
      <trkpt lon="16.917756" lat="43.382973">
        <ele>191.0</ele>
        <time>2026-08-26T18:30:54+02:00</time>
      </trkpt>
      <trkpt lon="16.917967" lat="43.382904">
        <ele>190.0</ele>
        <time>2026-08-26T18:30:55+02:00</time>
      </trkpt>
      <trkpt lon="16.918179" lat="43.382834">
        <ele>190.0</ele>
        <time>2026-08-26T18:30:56+02:00</time>
      </trkpt>
      <trkpt lon="16.918394" lat="43.382758">
        <ele>190.0</ele>
        <time>2026-08-26T18:30:57+02:00</time>
      </trkpt>
      <trkpt lon="16.918607" lat="43.382674">
        <ele>190.0</ele>
        <time>2026-08-26T18:30:58+02:00</time>
      </trkpt>
      <trkpt lon="16.918822" lat="43.382582">
        <ele>189.0</ele>
        <time>2026-08-26T18:30:59+02:00</time>
      </trkpt>
      <trkpt lon="16.91903" lat="43.382491">
        <ele>188.0</ele>
        <time>2026-08-26T18:31:00+02:00</time>
      </trkpt>
      <trkpt lon="16.919224" lat="43.382397">
        <ele>188.0</ele>
        <time>2026-08-26T18:31:01+02:00</time>
      </trkpt>
      <trkpt lon="16.919408" lat="43.382304">
        <ele>188.0</ele>
        <time>2026-08-26T18:31:02+02:00</time>
      </trkpt>
      <trkpt lon="16.919576" lat="43.382214">
        <ele>187.0</ele>
        <time>2026-08-26T18:31:03+02:00</time>
      </trkpt>
      <trkpt lon="16.91974" lat="43.382121">
        <ele>187.0</ele>
        <time>2026-08-26T18:31:04+02:00</time>
      </trkpt>
      <trkpt lon="16.919895" lat="43.38203">
        <ele>187.0</ele>
        <time>2026-08-26T18:31:05+02:00</time>
      </trkpt>
      <trkpt lon="16.92006" lat="43.381932">
        <ele>186.0</ele>
        <time>2026-08-26T18:31:06+02:00</time>
      </trkpt>
      <trkpt lon="16.920216" lat="43.381829">
        <ele>185.0</ele>
        <time>2026-08-26T18:31:07+02:00</time>
      </trkpt>
      <trkpt lon="16.92037" lat="43.381724">
        <ele>185.0</ele>
        <time>2026-08-26T18:31:08+02:00</time>
      </trkpt>
      <trkpt lon="16.920513" lat="43.381619">
        <ele>185.0</ele>
        <time>2026-08-26T18:31:09+02:00</time>
      </trkpt>
      <trkpt lon="16.92066" lat="43.381508">
        <ele>185.0</ele>
        <time>2026-08-26T18:31:10+02:00</time>
      </trkpt>
      <trkpt lon="16.920794" lat="43.381397">
        <ele>185.0</ele>
        <time>2026-08-26T18:31:11+02:00</time>
      </trkpt>
      <trkpt lon="16.920925" lat="43.38128">
        <ele>183.0</ele>
        <time>2026-08-26T18:31:12+02:00</time>
      </trkpt>
      <trkpt lon="16.921052" lat="43.381172">
        <ele>183.0</ele>
        <time>2026-08-26T18:31:13+02:00</time>
      </trkpt>
      <trkpt lon="16.921166" lat="43.381059">
        <ele>183.0</ele>
        <time>2026-08-26T18:31:14+02:00</time>
      </trkpt>
      <trkpt lon="16.921273" lat="43.380952">
        <ele>183.0</ele>
        <time>2026-08-26T18:31:15+02:00</time>
      </trkpt>
      <trkpt lon="16.92137" lat="43.380851">
        <ele>182.0</ele>
        <time>2026-08-26T18:31:16+02:00</time>
      </trkpt>
      <trkpt lon="16.921461" lat="43.380748">
        <ele>182.0</ele>
        <time>2026-08-26T18:31:17+02:00</time>
      </trkpt>
      <trkpt lon="16.92155" lat="43.380646">
        <ele>180.0</ele>
        <time>2026-08-26T18:31:18+02:00</time>
      </trkpt>
      <trkpt lon="16.921642" lat="43.38054">
        <ele>180.0</ele>
        <time>2026-08-26T18:31:19+02:00</time>
      </trkpt>
      <trkpt lon="16.921722" lat="43.380443">
        <ele>180.0</ele>
        <time>2026-08-26T18:31:20+02:00</time>
      </trkpt>
      <trkpt lon="16.921792" lat="43.380352">
        <ele>180.0</ele>
        <time>2026-08-26T18:31:21+02:00</time>
      </trkpt>
      <trkpt lon="16.921862" lat="43.380249">
        <ele>179.0</ele>
        <time>2026-08-26T18:31:22+02:00</time>
      </trkpt>
      <trkpt lon="16.921935" lat="43.380139">
        <ele>177.0</ele>
        <time>2026-08-26T18:31:23+02:00</time>
      </trkpt>
      <trkpt lon="16.921998" lat="43.380031">
        <ele>177.0</ele>
        <time>2026-08-26T18:31:24+02:00</time>
      </trkpt>
      <trkpt lon="16.922068" lat="43.379909">
        <ele>177.0</ele>
        <time>2026-08-26T18:31:25+02:00</time>
      </trkpt>
      <trkpt lon="16.922146" lat="43.379773">
        <ele>176.0</ele>
        <time>2026-08-26T18:31:26+02:00</time>
      </trkpt>
      <trkpt lon="16.922218" lat="43.379632">
        <ele>176.0</ele>
        <time>2026-08-26T18:31:27+02:00</time>
      </trkpt>
      <trkpt lon="16.922286" lat="43.379496">
        <ele>174.0</ele>
        <time>2026-08-26T18:31:28+02:00</time>
      </trkpt>
      <trkpt lon="16.922352" lat="43.379348">
        <ele>175.0</ele>
        <time>2026-08-26T18:31:29+02:00</time>
      </trkpt>
      <trkpt lon="16.922412" lat="43.379203">
        <ele>174.0</ele>
        <time>2026-08-26T18:31:30+02:00</time>
      </trkpt>
      <trkpt lon="16.922477" lat="43.379056">
        <ele>174.0</ele>
        <time>2026-08-26T18:31:31+02:00</time>
      </trkpt>
      <trkpt lon="16.922531" lat="43.378912">
        <ele>174.0</ele>
        <time>2026-08-26T18:31:32+02:00</time>
      </trkpt>
      <trkpt lon="16.922575" lat="43.378774">
        <ele>174.0</ele>
        <time>2026-08-26T18:31:33+02:00</time>
      </trkpt>
      <trkpt lon="16.922613" lat="43.378647">
        <ele>173.0</ele>
        <time>2026-08-26T18:31:34+02:00</time>
      </trkpt>
      <trkpt lon="16.922654" lat="43.378512">
        <ele>173.0</ele>
        <time>2026-08-26T18:31:35+02:00</time>
      </trkpt>
      <trkpt lon="16.922691" lat="43.378376">
        <ele>172.0</ele>
        <time>2026-08-26T18:31:36+02:00</time>
      </trkpt>
      <trkpt lon="16.922739" lat="43.378245">
        <ele>173.0</ele>
        <time>2026-08-26T18:31:37+02:00</time>
      </trkpt>
      <trkpt lon="16.922784" lat="43.378113">
        <ele>172.0</ele>
        <time>2026-08-26T18:31:38+02:00</time>
      </trkpt>
      <trkpt lon="16.922827" lat="43.377981">
        <ele>171.0</ele>
        <time>2026-08-26T18:31:39+02:00</time>
      </trkpt>
      <trkpt lon="16.92287" lat="43.37785">
        <ele>171.0</ele>
        <time>2026-08-26T18:31:40+02:00</time>
      </trkpt>
      <trkpt lon="16.922909" lat="43.377727">
        <ele>170.0</ele>
        <time>2026-08-26T18:31:41+02:00</time>
      </trkpt>
      <trkpt lon="16.92295" lat="43.377599">
        <ele>170.0</ele>
        <time>2026-08-26T18:31:42+02:00</time>
      </trkpt>
      <trkpt lon="16.922989" lat="43.377474">
        <ele>170.0</ele>
        <time>2026-08-26T18:31:43+02:00</time>
      </trkpt>
      <trkpt lon="16.923033" lat="43.377339">
        <ele>170.0</ele>
        <time>2026-08-26T18:31:44+02:00</time>
      </trkpt>
      <trkpt lon="16.923075" lat="43.377213">
        <ele>170.0</ele>
        <time>2026-08-26T18:31:45+02:00</time>
      </trkpt>
      <trkpt lon="16.923113" lat="43.377087">
        <ele>171.0</ele>
        <time>2026-08-26T18:31:46+02:00</time>
      </trkpt>
      <trkpt lon="16.923158" lat="43.376963">
        <ele>171.0</ele>
        <time>2026-08-26T18:31:47+02:00</time>
      </trkpt>
      <trkpt lon="16.923199" lat="43.376834">
        <ele>171.0</ele>
        <time>2026-08-26T18:31:48+02:00</time>
      </trkpt>
      <trkpt lon="16.923245" lat="43.376706">
        <ele>171.0</ele>
        <time>2026-08-26T18:31:49+02:00</time>
      </trkpt>
      <trkpt lon="16.923293" lat="43.376583">
        <ele>171.0</ele>
        <time>2026-08-26T18:31:50+02:00</time>
      </trkpt>
      <trkpt lon="16.923331" lat="43.376461">
        <ele>169.0</ele>
        <time>2026-08-26T18:31:51+02:00</time>
      </trkpt>
      <trkpt lon="16.923364" lat="43.376342">
        <ele>169.0</ele>
        <time>2026-08-26T18:31:52+02:00</time>
      </trkpt>
      <trkpt lon="16.923403" lat="43.376229">
        <ele>168.0</ele>
        <time>2026-08-26T18:31:53+02:00</time>
      </trkpt>
      <trkpt lon="16.923452" lat="43.376114">
        <ele>168.0</ele>
        <time>2026-08-26T18:31:54+02:00</time>
      </trkpt>
      <trkpt lon="16.923511" lat="43.376002">
        <ele>169.0</ele>
        <time>2026-08-26T18:31:55+02:00</time>
      </trkpt>
      <trkpt lon="16.923566" lat="43.375897">
        <ele>169.0</ele>
        <time>2026-08-26T18:31:56+02:00</time>
      </trkpt>
      <trkpt lon="16.923642" lat="43.375782">
        <ele>168.0</ele>
        <time>2026-08-26T18:31:57+02:00</time>
      </trkpt>
      <trkpt lon="16.923733" lat="43.37568">
        <ele>168.0</ele>
        <time>2026-08-26T18:31:58+02:00</time>
      </trkpt>
      <trkpt lon="16.923828" lat="43.375594">
        <ele>168.0</ele>
        <time>2026-08-26T18:31:59+02:00</time>
      </trkpt>
      <trkpt lon="16.923933" lat="43.375518">
        <ele>167.0</ele>
        <time>2026-08-26T18:32:00+02:00</time>
      </trkpt>
      <trkpt lon="16.924038" lat="43.375457">
        <ele>168.0</ele>
        <time>2026-08-26T18:32:01+02:00</time>
      </trkpt>
      <trkpt lon="16.924145" lat="43.375401">
        <ele>168.0</ele>
        <time>2026-08-26T18:32:02+02:00</time>
      </trkpt>
      <trkpt lon="16.924254" lat="43.375353">
        <ele>168.0</ele>
        <time>2026-08-26T18:32:03+02:00</time>
      </trkpt>
      <trkpt lon="16.924338" lat="43.375322">
        <ele>167.0</ele>
        <time>2026-08-26T18:32:04+02:00</time>
      </trkpt>
      <trkpt lon="16.92442" lat="43.375294">
        <ele>166.0</ele>
        <time>2026-08-26T18:32:05+02:00</time>
      </trkpt>
      <trkpt lon="16.9245" lat="43.375271">
        <ele>167.0</ele>
        <time>2026-08-26T18:32:06+02:00</time>
      </trkpt>
      <trkpt lon="16.924577" lat="43.37525">
        <ele>167.0</ele>
        <time>2026-08-26T18:32:07+02:00</time>
      </trkpt>
      <trkpt lon="16.924647" lat="43.375233">
        <ele>167.0</ele>
        <time>2026-08-26T18:32:08+02:00</time>
      </trkpt>
      <trkpt lon="16.924714" lat="43.375217">
        <ele>166.0</ele>
        <time>2026-08-26T18:32:09+02:00</time>
      </trkpt>
      <trkpt lon="16.924779" lat="43.375202">
        <ele>165.0</ele>
        <time>2026-08-26T18:32:10+02:00</time>
      </trkpt>
      <trkpt lon="16.92484" lat="43.375189">
        <ele>165.0</ele>
        <time>2026-08-26T18:32:11+02:00</time>
      </trkpt>
      <trkpt lon="16.924907" lat="43.375174">
        <ele>165.0</ele>
        <time>2026-08-26T18:32:12+02:00</time>
      </trkpt>
      <trkpt lon="16.924973" lat="43.375159">
        <ele>165.0</ele>
        <time>2026-08-26T18:32:13+02:00</time>
      </trkpt>
      <trkpt lon="16.925047" lat="43.375141">
        <ele>164.0</ele>
        <time>2026-08-26T18:32:14+02:00</time>
      </trkpt>
      <trkpt lon="16.925138" lat="43.375122">
        <ele>164.0</ele>
        <time>2026-08-26T18:32:15+02:00</time>
      </trkpt>
      <trkpt lon="16.925252" lat="43.375095">
        <ele>163.0</ele>
        <time>2026-08-26T18:32:16+02:00</time>
      </trkpt>
      <trkpt lon="16.92537" lat="43.375062">
        <ele>163.0</ele>
        <time>2026-08-26T18:32:17+02:00</time>
      </trkpt>
      <trkpt lon="16.925497" lat="43.375017">
        <ele>164.0</ele>
        <time>2026-08-26T18:32:18+02:00</time>
      </trkpt>
      <trkpt lon="16.925626" lat="43.37496">
        <ele>163.0</ele>
        <time>2026-08-26T18:32:19+02:00</time>
      </trkpt>
      <trkpt lon="16.925748" lat="43.374899">
        <ele>162.0</ele>
        <time>2026-08-26T18:32:20+02:00</time>
      </trkpt>
      <trkpt lon="16.925871" lat="43.374826">
        <ele>162.0</ele>
        <time>2026-08-26T18:32:21+02:00</time>
      </trkpt>
      <trkpt lon="16.925981" lat="43.374743">
        <ele>162.0</ele>
        <time>2026-08-26T18:32:22+02:00</time>
      </trkpt>
      <trkpt lon="16.926085" lat="43.374653">
        <ele>162.0</ele>
        <time>2026-08-26T18:32:23+02:00</time>
      </trkpt>
      <trkpt lon="16.926183" lat="43.374557">
        <ele>161.0</ele>
        <time>2026-08-26T18:32:24+02:00</time>
      </trkpt>
      <trkpt lon="16.926286" lat="43.374457">
        <ele>161.0</ele>
        <time>2026-08-26T18:32:25+02:00</time>
      </trkpt>
      <trkpt lon="16.926394" lat="43.374354">
        <ele>160.0</ele>
        <time>2026-08-26T18:32:26+02:00</time>
      </trkpt>
      <trkpt lon="16.926506" lat="43.374253">
        <ele>160.0</ele>
        <time>2026-08-26T18:32:27+02:00</time>
      </trkpt>
      <trkpt lon="16.926631" lat="43.374144">
        <ele>160.0</ele>
        <time>2026-08-26T18:32:28+02:00</time>
      </trkpt>
      <trkpt lon="16.926757" lat="43.374044">
        <ele>160.0</ele>
        <time>2026-08-26T18:32:29+02:00</time>
      </trkpt>
      <trkpt lon="16.92689" lat="43.373942">
        <ele>160.0</ele>
        <time>2026-08-26T18:32:30+02:00</time>
      </trkpt>
      <trkpt lon="16.927028" lat="43.373851">
        <ele>160.0</ele>
        <time>2026-08-26T18:32:31+02:00</time>
      </trkpt>
      <trkpt lon="16.927173" lat="43.373769">
        <ele>159.0</ele>
        <time>2026-08-26T18:32:32+02:00</time>
      </trkpt>
      <trkpt lon="16.927333" lat="43.373687">
        <ele>158.0</ele>
        <time>2026-08-26T18:32:33+02:00</time>
      </trkpt>
      <trkpt lon="16.927499" lat="43.373609">
        <ele>158.0</ele>
        <time>2026-08-26T18:32:34+02:00</time>
      </trkpt>
      <trkpt lon="16.927664" lat="43.373535">
        <ele>159.0</ele>
        <time>2026-08-26T18:32:35+02:00</time>
      </trkpt>
      <trkpt lon="16.927832" lat="43.373466">
        <ele>159.0</ele>
        <time>2026-08-26T18:32:36+02:00</time>
      </trkpt>
      <trkpt lon="16.927995" lat="43.373396">
        <ele>158.0</ele>
        <time>2026-08-26T18:32:37+02:00</time>
      </trkpt>
      <trkpt lon="16.928155" lat="43.373327">
        <ele>157.0</ele>
        <time>2026-08-26T18:32:38+02:00</time>
      </trkpt>
      <trkpt lon="16.928307" lat="43.373258">
        <ele>156.0</ele>
        <time>2026-08-26T18:32:39+02:00</time>
      </trkpt>
      <trkpt lon="16.928427" lat="43.373202">
        <ele>156.0</ele>
        <time>2026-08-26T18:32:40+02:00</time>
      </trkpt>
      <trkpt lon="16.928618" lat="43.373109">
        <ele>155.0</ele>
        <time>2026-08-26T18:32:41+02:00</time>
      </trkpt>
      <trkpt lon="16.928719" lat="43.373069">
        <ele>155.0</ele>
        <time>2026-08-26T18:32:42+02:00</time>
      </trkpt>
      <trkpt lon="16.928832" lat="43.373024">
        <ele>153.0</ele>
        <time>2026-08-26T18:32:43+02:00</time>
      </trkpt>
      <trkpt lon="16.92894" lat="43.372976">
        <ele>154.0</ele>
        <time>2026-08-26T18:32:44+02:00</time>
      </trkpt>
      <trkpt lon="16.929045" lat="43.372928">
        <ele>154.0</ele>
        <time>2026-08-26T18:32:45+02:00</time>
      </trkpt>
      <trkpt lon="16.92916" lat="43.372878">
        <ele>154.0</ele>
        <time>2026-08-26T18:32:46+02:00</time>
      </trkpt>
      <trkpt lon="16.929289" lat="43.372826">
        <ele>151.0</ele>
        <time>2026-08-26T18:32:47+02:00</time>
      </trkpt>
      <trkpt lon="16.929417" lat="43.372778">
        <ele>151.0</ele>
        <time>2026-08-26T18:32:48+02:00</time>
      </trkpt>
      <trkpt lon="16.929552" lat="43.37274">
        <ele>151.0</ele>
        <time>2026-08-26T18:32:49+02:00</time>
      </trkpt>
      <trkpt lon="16.929708" lat="43.372698">
        <ele>151.0</ele>
        <time>2026-08-26T18:32:50+02:00</time>
      </trkpt>
      <trkpt lon="16.929871" lat="43.37266">
        <ele>151.0</ele>
        <time>2026-08-26T18:32:51+02:00</time>
      </trkpt>
      <trkpt lon="16.930025" lat="43.37262">
        <ele>150.0</ele>
        <time>2026-08-26T18:32:52+02:00</time>
      </trkpt>
      <trkpt lon="16.930174" lat="43.372586">
        <ele>153.0</ele>
        <time>2026-08-26T18:32:53+02:00</time>
      </trkpt>
      <trkpt lon="16.930321" lat="43.372549">
        <ele>150.0</ele>
        <time>2026-08-26T18:32:54+02:00</time>
      </trkpt>
      <trkpt lon="16.930471" lat="43.372516">
        <ele>150.0</ele>
        <time>2026-08-26T18:32:55+02:00</time>
      </trkpt>
      <trkpt lon="16.930614" lat="43.372484">
        <ele>150.0</ele>
        <time>2026-08-26T18:32:56+02:00</time>
      </trkpt>
      <trkpt lon="16.930757" lat="43.372447">
        <ele>150.0</ele>
        <time>2026-08-26T18:32:57+02:00</time>
      </trkpt>
      <trkpt lon="16.9309" lat="43.372407">
        <ele>150.0</ele>
        <time>2026-08-26T18:32:58+02:00</time>
      </trkpt>
      <trkpt lon="16.931044" lat="43.372355">
        <ele>150.0</ele>
        <time>2026-08-26T18:32:59+02:00</time>
      </trkpt>
      <trkpt lon="16.931166" lat="43.372294">
        <ele>150.0</ele>
        <time>2026-08-26T18:33:00+02:00</time>
      </trkpt>
      <trkpt lon="16.931283" lat="43.372217">
        <ele>151.0</ele>
        <time>2026-08-26T18:33:01+02:00</time>
      </trkpt>
      <trkpt lon="16.931386" lat="43.372137">
        <ele>151.0</ele>
        <time>2026-08-26T18:33:02+02:00</time>
      </trkpt>
      <trkpt lon="16.931489" lat="43.372048">
        <ele>151.0</ele>
        <time>2026-08-26T18:33:03+02:00</time>
      </trkpt>
      <trkpt lon="16.931602" lat="43.371953">
        <ele>150.0</ele>
        <time>2026-08-26T18:33:04+02:00</time>
      </trkpt>
      <trkpt lon="16.93171" lat="43.371853">
        <ele>151.0</ele>
        <time>2026-08-26T18:33:05+02:00</time>
      </trkpt>
      <trkpt lon="16.931806" lat="43.371746">
        <ele>148.0</ele>
        <time>2026-08-26T18:33:06+02:00</time>
      </trkpt>
      <trkpt lon="16.931897" lat="43.371629">
        <ele>149.0</ele>
        <time>2026-08-26T18:33:07+02:00</time>
      </trkpt>
      <trkpt lon="16.931983" lat="43.371504">
        <ele>148.0</ele>
        <time>2026-08-26T18:33:08+02:00</time>
      </trkpt>
      <trkpt lon="16.932063" lat="43.371387">
        <ele>148.0</ele>
        <time>2026-08-26T18:33:09+02:00</time>
      </trkpt>
      <trkpt lon="16.932148" lat="43.371267">
        <ele>148.0</ele>
        <time>2026-08-26T18:33:10+02:00</time>
      </trkpt>
      <trkpt lon="16.932238" lat="43.371151">
        <ele>146.0</ele>
        <time>2026-08-26T18:33:11+02:00</time>
      </trkpt>
      <trkpt lon="16.932321" lat="43.371046">
        <ele>148.0</ele>
        <time>2026-08-26T18:33:12+02:00</time>
      </trkpt>
      <trkpt lon="16.93241" lat="43.370937">
        <ele>145.0</ele>
        <time>2026-08-26T18:33:13+02:00</time>
      </trkpt>
      <trkpt lon="16.932504" lat="43.370837">
        <ele>146.0</ele>
        <time>2026-08-26T18:33:14+02:00</time>
      </trkpt>
      <trkpt lon="16.932613" lat="43.370729">
        <ele>144.0</ele>
        <time>2026-08-26T18:33:15+02:00</time>
      </trkpt>
      <trkpt lon="16.932726" lat="43.370633">
        <ele>145.0</ele>
        <time>2026-08-26T18:33:16+02:00</time>
      </trkpt>
      <trkpt lon="16.932841" lat="43.370546">
        <ele>144.0</ele>
        <time>2026-08-26T18:33:17+02:00</time>
      </trkpt>
      <trkpt lon="16.932961" lat="43.370475">
        <ele>143.0</ele>
        <time>2026-08-26T18:33:18+02:00</time>
      </trkpt>
      <trkpt lon="16.933087" lat="43.370419">
        <ele>146.0</ele>
        <time>2026-08-26T18:33:19+02:00</time>
      </trkpt>
      <trkpt lon="16.933206" lat="43.370367">
        <ele>143.0</ele>
        <time>2026-08-26T18:33:20+02:00</time>
      </trkpt>
      <trkpt lon="16.933332" lat="43.370321">
        <ele>143.0</ele>
        <time>2026-08-26T18:33:21+02:00</time>
      </trkpt>
      <trkpt lon="16.933461" lat="43.370271">
        <ele>142.0</ele>
        <time>2026-08-26T18:33:22+02:00</time>
      </trkpt>
      <trkpt lon="16.933582" lat="43.370221">
        <ele>141.0</ele>
        <time>2026-08-26T18:33:23+02:00</time>
      </trkpt>
      <trkpt lon="16.933784" lat="43.370161">
        <ele>141.0</ele>
        <time>2026-08-26T18:33:25+02:00</time>
      </trkpt>
      <trkpt lon="16.934004" lat="43.370089">
        <ele>141.0</ele>
        <time>2026-08-26T18:33:27+02:00</time>
      </trkpt>
      <trkpt lon="16.934126" lat="43.37005">
        <ele>140.0</ele>
        <time>2026-08-26T18:33:28+02:00</time>
      </trkpt>
      <trkpt lon="16.93425" lat="43.370005">
        <ele>140.0</ele>
        <time>2026-08-26T18:33:29+02:00</time>
      </trkpt>
      <trkpt lon="16.934389" lat="43.369947">
        <ele>141.0</ele>
        <time>2026-08-26T18:33:30+02:00</time>
      </trkpt>
      <trkpt lon="16.934514" lat="43.369891">
        <ele>140.0</ele>
        <time>2026-08-26T18:33:31+02:00</time>
      </trkpt>
      <trkpt lon="16.934655" lat="43.369818">
        <ele>139.0</ele>
        <time>2026-08-26T18:33:32+02:00</time>
      </trkpt>
      <trkpt lon="16.934781" lat="43.369741">
        <ele>139.0</ele>
        <time>2026-08-26T18:33:33+02:00</time>
      </trkpt>
      <trkpt lon="16.934899" lat="43.369649">
        <ele>138.0</ele>
        <time>2026-08-26T18:33:34+02:00</time>
      </trkpt>
      <trkpt lon="16.935015" lat="43.369543">
        <ele>139.0</ele>
        <time>2026-08-26T18:33:35+02:00</time>
      </trkpt>
      <trkpt lon="16.935109" lat="43.369432">
        <ele>139.0</ele>
        <time>2026-08-26T18:33:36+02:00</time>
      </trkpt>
      <trkpt lon="16.935201" lat="43.369308">
        <ele>139.0</ele>
        <time>2026-08-26T18:33:37+02:00</time>
      </trkpt>
      <trkpt lon="16.935284" lat="43.369179">
        <ele>138.0</ele>
        <time>2026-08-26T18:33:38+02:00</time>
      </trkpt>
      <trkpt lon="16.935366" lat="43.369049">
        <ele>139.0</ele>
        <time>2026-08-26T18:33:39+02:00</time>
      </trkpt>
      <trkpt lon="16.935436" lat="43.368922">
        <ele>137.0</ele>
        <time>2026-08-26T18:33:40+02:00</time>
      </trkpt>
      <trkpt lon="16.935503" lat="43.368789">
        <ele>138.0</ele>
        <time>2026-08-26T18:33:41+02:00</time>
      </trkpt>
      <trkpt lon="16.935564" lat="43.36867">
        <ele>137.0</ele>
        <time>2026-08-26T18:33:42+02:00</time>
      </trkpt>
      <trkpt lon="16.935627" lat="43.36856">
        <ele>136.0</ele>
        <time>2026-08-26T18:33:43+02:00</time>
      </trkpt>
      <trkpt lon="16.935699" lat="43.368443">
        <ele>136.0</ele>
        <time>2026-08-26T18:33:44+02:00</time>
      </trkpt>
      <trkpt lon="16.935772" lat="43.368323">
        <ele>136.0</ele>
        <time>2026-08-26T18:33:45+02:00</time>
      </trkpt>
      <trkpt lon="16.935852" lat="43.3682">
        <ele>135.0</ele>
        <time>2026-08-26T18:33:46+02:00</time>
      </trkpt>
      <trkpt lon="16.935951" lat="43.368069">
        <ele>135.0</ele>
        <time>2026-08-26T18:33:47+02:00</time>
      </trkpt>
      <trkpt lon="16.93606" lat="43.367948">
        <ele>135.0</ele>
        <time>2026-08-26T18:33:48+02:00</time>
      </trkpt>
      <trkpt lon="16.936189" lat="43.367828">
        <ele>137.0</ele>
        <time>2026-08-26T18:33:49+02:00</time>
      </trkpt>
      <trkpt lon="16.93633" lat="43.367719">
        <ele>135.0</ele>
        <time>2026-08-26T18:33:50+02:00</time>
      </trkpt>
      <trkpt lon="16.936482" lat="43.367607">
        <ele>135.0</ele>
        <time>2026-08-26T18:33:51+02:00</time>
      </trkpt>
      <trkpt lon="16.936638" lat="43.367499">
        <ele>134.0</ele>
        <time>2026-08-26T18:33:52+02:00</time>
      </trkpt>
      <trkpt lon="16.936796" lat="43.367393">
        <ele>135.0</ele>
        <time>2026-08-26T18:33:53+02:00</time>
      </trkpt>
      <trkpt lon="16.93696" lat="43.367285">
        <ele>135.0</ele>
        <time>2026-08-26T18:33:54+02:00</time>
      </trkpt>
      <trkpt lon="16.937126" lat="43.36718">
        <ele>135.0</ele>
        <time>2026-08-26T18:33:55+02:00</time>
      </trkpt>
      <trkpt lon="16.937278" lat="43.367076">
        <ele>136.0</ele>
        <time>2026-08-26T18:33:56+02:00</time>
      </trkpt>
      <trkpt lon="16.937443" lat="43.366965">
        <ele>136.0</ele>
        <time>2026-08-26T18:33:57+02:00</time>
      </trkpt>
      <trkpt lon="16.937612" lat="43.366853">
        <ele>135.0</ele>
        <time>2026-08-26T18:33:58+02:00</time>
      </trkpt>
      <trkpt lon="16.937789" lat="43.366736">
        <ele>137.0</ele>
        <time>2026-08-26T18:33:59+02:00</time>
      </trkpt>
      <trkpt lon="16.937962" lat="43.366616">
        <ele>137.0</ele>
        <time>2026-08-26T18:34:00+02:00</time>
      </trkpt>
      <trkpt lon="16.938135" lat="43.366491">
        <ele>137.0</ele>
        <time>2026-08-26T18:34:01+02:00</time>
      </trkpt>
      <trkpt lon="16.938306" lat="43.366369">
        <ele>136.0</ele>
        <time>2026-08-26T18:34:02+02:00</time>
      </trkpt>
      <trkpt lon="16.938476" lat="43.366242">
        <ele>135.0</ele>
        <time>2026-08-26T18:34:03+02:00</time>
      </trkpt>
      <trkpt lon="16.938648" lat="43.366118">
        <ele>135.0</ele>
        <time>2026-08-26T18:34:04+02:00</time>
      </trkpt>
      <trkpt lon="16.938822" lat="43.365993">
        <ele>135.0</ele>
        <time>2026-08-26T18:34:05+02:00</time>
      </trkpt>
      <trkpt lon="16.93899" lat="43.365869">
        <ele>134.0</ele>
        <time>2026-08-26T18:34:06+02:00</time>
      </trkpt>
      <trkpt lon="16.939145" lat="43.36575">
        <ele>134.0</ele>
        <time>2026-08-26T18:34:07+02:00</time>
      </trkpt>
      <trkpt lon="16.939287" lat="43.36564">
        <ele>133.0</ele>
        <time>2026-08-26T18:34:08+02:00</time>
      </trkpt>
      <trkpt lon="16.939423" lat="43.365529">
        <ele>132.0</ele>
        <time>2026-08-26T18:34:09+02:00</time>
      </trkpt>
      <trkpt lon="16.939549" lat="43.365422">
        <ele>132.0</ele>
        <time>2026-08-26T18:34:10+02:00</time>
      </trkpt>
      <trkpt lon="16.93969" lat="43.365308">
        <ele>131.0</ele>
        <time>2026-08-26T18:34:11+02:00</time>
      </trkpt>
      <trkpt lon="16.939826" lat="43.365195">
        <ele>130.0</ele>
        <time>2026-08-26T18:34:12+02:00</time>
      </trkpt>
      <trkpt lon="16.939968" lat="43.365079">
        <ele>128.0</ele>
        <time>2026-08-26T18:34:13+02:00</time>
      </trkpt>
      <trkpt lon="16.940107" lat="43.364968">
        <ele>128.0</ele>
        <time>2026-08-26T18:34:14+02:00</time>
      </trkpt>
      <trkpt lon="16.940235" lat="43.364866">
        <ele>128.0</ele>
        <time>2026-08-26T18:34:15+02:00</time>
      </trkpt>
      <trkpt lon="16.940363" lat="43.364761">
        <ele>127.0</ele>
        <time>2026-08-26T18:34:16+02:00</time>
      </trkpt>
      <trkpt lon="16.940502" lat="43.364649">
        <ele>127.0</ele>
        <time>2026-08-26T18:34:17+02:00</time>
      </trkpt>
      <trkpt lon="16.940629" lat="43.36454">
        <ele>129.0</ele>
        <time>2026-08-26T18:34:18+02:00</time>
      </trkpt>
      <trkpt lon="16.940767" lat="43.364422">
        <ele>127.0</ele>
        <time>2026-08-26T18:34:19+02:00</time>
      </trkpt>
      <trkpt lon="16.940904" lat="43.364307">
        <ele>126.0</ele>
        <time>2026-08-26T18:34:20+02:00</time>
      </trkpt>
      <trkpt lon="16.941029" lat="43.364199">
        <ele>125.0</ele>
        <time>2026-08-26T18:34:21+02:00</time>
      </trkpt>
      <trkpt lon="16.941164" lat="43.364088">
        <ele>125.0</ele>
        <time>2026-08-26T18:34:22+02:00</time>
      </trkpt>
      <trkpt lon="16.941291" lat="43.363981">
        <ele>125.0</ele>
        <time>2026-08-26T18:34:23+02:00</time>
      </trkpt>
      <trkpt lon="16.941422" lat="43.363869">
        <ele>125.0</ele>
        <time>2026-08-26T18:34:24+02:00</time>
      </trkpt>
      <trkpt lon="16.941555" lat="43.363754">
        <ele>125.0</ele>
        <time>2026-08-26T18:34:25+02:00</time>
      </trkpt>
      <trkpt lon="16.941687" lat="43.363647">
        <ele>124.0</ele>
        <time>2026-08-26T18:34:26+02:00</time>
      </trkpt>
      <trkpt lon="16.941825" lat="43.363547">
        <ele>124.0</ele>
        <time>2026-08-26T18:34:27+02:00</time>
      </trkpt>
      <trkpt lon="16.941976" lat="43.363457">
        <ele>125.0</ele>
        <time>2026-08-26T18:34:28+02:00</time>
      </trkpt>
      <trkpt lon="16.942134" lat="43.363375">
        <ele>125.0</ele>
        <time>2026-08-26T18:34:29+02:00</time>
      </trkpt>
      <trkpt lon="16.94231" lat="43.363297">
        <ele>123.0</ele>
        <time>2026-08-26T18:34:30+02:00</time>
      </trkpt>
      <trkpt lon="16.942499" lat="43.363231">
        <ele>123.0</ele>
        <time>2026-08-26T18:34:31+02:00</time>
      </trkpt>
      <trkpt lon="16.9427" lat="43.363177">
        <ele>121.0</ele>
        <time>2026-08-26T18:34:32+02:00</time>
      </trkpt>
      <trkpt lon="16.942906" lat="43.363131">
        <ele>121.0</ele>
        <time>2026-08-26T18:34:33+02:00</time>
      </trkpt>
      <trkpt lon="16.943128" lat="43.363086">
        <ele>121.0</ele>
        <time>2026-08-26T18:34:34+02:00</time>
      </trkpt>
      <trkpt lon="16.943348" lat="43.363043">
        <ele>120.0</ele>
        <time>2026-08-26T18:34:35+02:00</time>
      </trkpt>
      <trkpt lon="16.943561" lat="43.363003">
        <ele>119.0</ele>
        <time>2026-08-26T18:34:36+02:00</time>
      </trkpt>
      <trkpt lon="16.94377" lat="43.362957">
        <ele>120.0</ele>
        <time>2026-08-26T18:34:37+02:00</time>
      </trkpt>
      <trkpt lon="16.943981" lat="43.362907">
        <ele>118.0</ele>
        <time>2026-08-26T18:34:38+02:00</time>
      </trkpt>
      <trkpt lon="16.944192" lat="43.36285">
        <ele>118.0</ele>
        <time>2026-08-26T18:34:39+02:00</time>
      </trkpt>
      <trkpt lon="16.944409" lat="43.362783">
        <ele>118.0</ele>
        <time>2026-08-26T18:34:40+02:00</time>
      </trkpt>
      <trkpt lon="16.944615" lat="43.362719">
        <ele>116.0</ele>
        <time>2026-08-26T18:34:41+02:00</time>
      </trkpt>
      <trkpt lon="16.944829" lat="43.362649">
        <ele>115.0</ele>
        <time>2026-08-26T18:34:42+02:00</time>
      </trkpt>
      <trkpt lon="16.945052" lat="43.362577">
        <ele>115.0</ele>
        <time>2026-08-26T18:34:43+02:00</time>
      </trkpt>
      <trkpt lon="16.94526" lat="43.362508">
        <ele>114.0</ele>
        <time>2026-08-26T18:34:44+02:00</time>
      </trkpt>
      <trkpt lon="16.945473" lat="43.362434">
        <ele>114.0</ele>
        <time>2026-08-26T18:34:45+02:00</time>
      </trkpt>
      <trkpt lon="16.945684" lat="43.362357">
        <ele>113.0</ele>
        <time>2026-08-26T18:34:46+02:00</time>
      </trkpt>
      <trkpt lon="16.945887" lat="43.362281">
        <ele>114.0</ele>
        <time>2026-08-26T18:34:47+02:00</time>
      </trkpt>
      <trkpt lon="16.9461" lat="43.362206">
        <ele>113.0</ele>
        <time>2026-08-26T18:34:48+02:00</time>
      </trkpt>
      <trkpt lon="16.946319" lat="43.362125">
        <ele>112.0</ele>
        <time>2026-08-26T18:34:49+02:00</time>
      </trkpt>
      <trkpt lon="16.946541" lat="43.362045">
        <ele>111.0</ele>
        <time>2026-08-26T18:34:50+02:00</time>
      </trkpt>
      <trkpt lon="16.946756" lat="43.361963">
        <ele>112.0</ele>
        <time>2026-08-26T18:34:51+02:00</time>
      </trkpt>
      <trkpt lon="16.946981" lat="43.361872">
        <ele>111.0</ele>
        <time>2026-08-26T18:34:52+02:00</time>
      </trkpt>
      <trkpt lon="16.9472" lat="43.361787">
        <ele>111.0</ele>
        <time>2026-08-26T18:34:53+02:00</time>
      </trkpt>
      <trkpt lon="16.947427" lat="43.361702">
        <ele>111.0</ele>
        <time>2026-08-26T18:34:54+02:00</time>
      </trkpt>
      <trkpt lon="16.947651" lat="43.361616">
        <ele>111.0</ele>
        <time>2026-08-26T18:34:55+02:00</time>
      </trkpt>
      <trkpt lon="16.947874" lat="43.361532">
        <ele>111.0</ele>
        <time>2026-08-26T18:34:56+02:00</time>
      </trkpt>
      <trkpt lon="16.948065" lat="43.361463">
        <ele>111.0</ele>
        <time>2026-08-26T18:34:57+02:00</time>
      </trkpt>
      <trkpt lon="16.948264" lat="43.361395">
        <ele>112.0</ele>
        <time>2026-08-26T18:34:58+02:00</time>
      </trkpt>
      <trkpt lon="16.948479" lat="43.361328">
        <ele>111.0</ele>
        <time>2026-08-26T18:34:59+02:00</time>
      </trkpt>
      <trkpt lon="16.948679" lat="43.361278">
        <ele>111.0</ele>
        <time>2026-08-26T18:35:00+02:00</time>
      </trkpt>
      <trkpt lon="16.9489" lat="43.361226">
        <ele>109.0</ele>
        <time>2026-08-26T18:35:01+02:00</time>
      </trkpt>
      <trkpt lon="16.949111" lat="43.361182">
        <ele>109.0</ele>
        <time>2026-08-26T18:35:02+02:00</time>
      </trkpt>
      <trkpt lon="16.949329" lat="43.361143">
        <ele>109.0</ele>
        <time>2026-08-26T18:35:03+02:00</time>
      </trkpt>
      <trkpt lon="16.949554" lat="43.361111">
        <ele>109.0</ele>
        <time>2026-08-26T18:35:04+02:00</time>
      </trkpt>
      <trkpt lon="16.94978" lat="43.36109">
        <ele>108.0</ele>
        <time>2026-08-26T18:35:05+02:00</time>
      </trkpt>
      <trkpt lon="16.950006" lat="43.361073">
        <ele>109.0</ele>
        <time>2026-08-26T18:35:06+02:00</time>
      </trkpt>
      <trkpt lon="16.950236" lat="43.361064">
        <ele>107.0</ele>
        <time>2026-08-26T18:35:07+02:00</time>
      </trkpt>
      <trkpt lon="16.950465" lat="43.36106">
        <ele>108.0</ele>
        <time>2026-08-26T18:35:08+02:00</time>
      </trkpt>
      <trkpt lon="16.950688" lat="43.361067">
        <ele>108.0</ele>
        <time>2026-08-26T18:35:09+02:00</time>
      </trkpt>
      <trkpt lon="16.9509" lat="43.361073">
        <ele>107.0</ele>
        <time>2026-08-26T18:35:10+02:00</time>
      </trkpt>
      <trkpt lon="16.951109" lat="43.36108">
        <ele>107.0</ele>
        <time>2026-08-26T18:35:11+02:00</time>
      </trkpt>
      <trkpt lon="16.951304" lat="43.361087">
        <ele>106.0</ele>
        <time>2026-08-26T18:35:12+02:00</time>
      </trkpt>
      <trkpt lon="16.951497" lat="43.361095">
        <ele>106.0</ele>
        <time>2026-08-26T18:35:13+02:00</time>
      </trkpt>
      <trkpt lon="16.951682" lat="43.361099">
        <ele>106.0</ele>
        <time>2026-08-26T18:35:14+02:00</time>
      </trkpt>
      <trkpt lon="16.951873" lat="43.361091">
        <ele>106.0</ele>
        <time>2026-08-26T18:35:15+02:00</time>
      </trkpt>
      <trkpt lon="16.952049" lat="43.361062">
        <ele>105.0</ele>
        <time>2026-08-26T18:35:16+02:00</time>
      </trkpt>
      <trkpt lon="16.952226" lat="43.361004">
        <ele>106.0</ele>
        <time>2026-08-26T18:35:17+02:00</time>
      </trkpt>
      <trkpt lon="16.952401" lat="43.360929">
        <ele>105.0</ele>
        <time>2026-08-26T18:35:18+02:00</time>
      </trkpt>
      <trkpt lon="16.952559" lat="43.360837">
        <ele>104.0</ele>
        <time>2026-08-26T18:35:19+02:00</time>
      </trkpt>
      <trkpt lon="16.952713" lat="43.360725">
        <ele>104.0</ele>
        <time>2026-08-26T18:35:20+02:00</time>
      </trkpt>
      <trkpt lon="16.952844" lat="43.360599">
        <ele>104.0</ele>
        <time>2026-08-26T18:35:21+02:00</time>
      </trkpt>
      <trkpt lon="16.952954" lat="43.360454">
        <ele>104.0</ele>
        <time>2026-08-26T18:35:22+02:00</time>
      </trkpt>
      <trkpt lon="16.953034" lat="43.360295">
        <ele>104.0</ele>
        <time>2026-08-26T18:35:23+02:00</time>
      </trkpt>
      <trkpt lon="16.953099" lat="43.360127">
        <ele>104.0</ele>
        <time>2026-08-26T18:35:24+02:00</time>
      </trkpt>
      <trkpt lon="16.953152" lat="43.359956">
        <ele>104.0</ele>
        <time>2026-08-26T18:35:25+02:00</time>
      </trkpt>
      <trkpt lon="16.953205" lat="43.359787">
        <ele>104.0</ele>
        <time>2026-08-26T18:35:26+02:00</time>
      </trkpt>
      <trkpt lon="16.95327" lat="43.359633">
        <ele>105.0</ele>
        <time>2026-08-26T18:35:27+02:00</time>
      </trkpt>
      <trkpt lon="16.953358" lat="43.359475">
        <ele>104.0</ele>
        <time>2026-08-26T18:35:28+02:00</time>
      </trkpt>
      <trkpt lon="16.953458" lat="43.359333">
        <ele>104.0</ele>
        <time>2026-08-26T18:35:29+02:00</time>
      </trkpt>
      <trkpt lon="16.953565" lat="43.359196">
        <ele>103.0</ele>
        <time>2026-08-26T18:35:30+02:00</time>
      </trkpt>
      <trkpt lon="16.953685" lat="43.359067">
        <ele>103.0</ele>
        <time>2026-08-26T18:35:31+02:00</time>
      </trkpt>
      <trkpt lon="16.953815" lat="43.358947">
        <ele>104.0</ele>
        <time>2026-08-26T18:35:32+02:00</time>
      </trkpt>
      <trkpt lon="16.953952" lat="43.358824">
        <ele>103.0</ele>
        <time>2026-08-26T18:35:33+02:00</time>
      </trkpt>
      <trkpt lon="16.954093" lat="43.358706">
        <ele>103.0</ele>
        <time>2026-08-26T18:35:34+02:00</time>
      </trkpt>
      <trkpt lon="16.954232" lat="43.358586">
        <ele>104.0</ele>
        <time>2026-08-26T18:35:35+02:00</time>
      </trkpt>
      <trkpt lon="16.95437" lat="43.358471">
        <ele>102.0</ele>
        <time>2026-08-26T18:35:36+02:00</time>
      </trkpt>
      <trkpt lon="16.954506" lat="43.358344">
        <ele>103.0</ele>
        <time>2026-08-26T18:35:37+02:00</time>
      </trkpt>
      <trkpt lon="16.954632" lat="43.358221">
        <ele>103.0</ele>
        <time>2026-08-26T18:35:38+02:00</time>
      </trkpt>
      <trkpt lon="16.954765" lat="43.358095">
        <ele>102.0</ele>
        <time>2026-08-26T18:35:39+02:00</time>
      </trkpt>
      <trkpt lon="16.954897" lat="43.357973">
        <ele>103.0</ele>
        <time>2026-08-26T18:35:40+02:00</time>
      </trkpt>
      <trkpt lon="16.955017" lat="43.357851">
        <ele>102.0</ele>
        <time>2026-08-26T18:35:41+02:00</time>
      </trkpt>
      <trkpt lon="16.955132" lat="43.357719">
        <ele>102.0</ele>
        <time>2026-08-26T18:35:42+02:00</time>
      </trkpt>
      <trkpt lon="16.955245" lat="43.357586">
        <ele>102.0</ele>
        <time>2026-08-26T18:35:43+02:00</time>
      </trkpt>
      <trkpt lon="16.955352" lat="43.357456">
        <ele>102.0</ele>
        <time>2026-08-26T18:35:44+02:00</time>
      </trkpt>
      <trkpt lon="16.955442" lat="43.357337">
        <ele>104.0</ele>
        <time>2026-08-26T18:35:45+02:00</time>
      </trkpt>
      <trkpt lon="16.955523" lat="43.357222">
        <ele>103.0</ele>
        <time>2026-08-26T18:35:46+02:00</time>
      </trkpt>
      <trkpt lon="16.955604" lat="43.357104">
        <ele>102.0</ele>
        <time>2026-08-26T18:35:47+02:00</time>
      </trkpt>
      <trkpt lon="16.955677" lat="43.356996">
        <ele>102.0</ele>
        <time>2026-08-26T18:35:48+02:00</time>
      </trkpt>
      <trkpt lon="16.955743" lat="43.356887">
        <ele>102.0</ele>
        <time>2026-08-26T18:35:49+02:00</time>
      </trkpt>
      <trkpt lon="16.955802" lat="43.35678">
        <ele>102.0</ele>
        <time>2026-08-26T18:35:50+02:00</time>
      </trkpt>
      <trkpt lon="16.955852" lat="43.356672">
        <ele>102.0</ele>
        <time>2026-08-26T18:35:51+02:00</time>
      </trkpt>
      <trkpt lon="16.955902" lat="43.356576">
        <ele>102.0</ele>
        <time>2026-08-26T18:35:52+02:00</time>
      </trkpt>
      <trkpt lon="16.955953" lat="43.356479">
        <ele>102.0</ele>
        <time>2026-08-26T18:35:53+02:00</time>
      </trkpt>
      <trkpt lon="16.956" lat="43.356386">
        <ele>102.0</ele>
        <time>2026-08-26T18:35:54+02:00</time>
      </trkpt>
      <trkpt lon="16.956043" lat="43.356283">
        <ele>101.0</ele>
        <time>2026-08-26T18:35:55+02:00</time>
      </trkpt>
      <trkpt lon="16.956096" lat="43.35616">
        <ele>102.0</ele>
        <time>2026-08-26T18:35:56+02:00</time>
      </trkpt>
      <trkpt lon="16.956149" lat="43.356035">
        <ele>102.0</ele>
        <time>2026-08-26T18:35:57+02:00</time>
      </trkpt>
      <trkpt lon="16.9562" lat="43.355905">
        <ele>102.0</ele>
        <time>2026-08-26T18:35:58+02:00</time>
      </trkpt>
      <trkpt lon="16.956248" lat="43.355775">
        <ele>102.0</ele>
        <time>2026-08-26T18:35:59+02:00</time>
      </trkpt>
      <trkpt lon="16.956297" lat="43.355645">
        <ele>102.0</ele>
        <time>2026-08-26T18:36:00+02:00</time>
      </trkpt>
      <trkpt lon="16.956339" lat="43.355501">
        <ele>101.0</ele>
        <time>2026-08-26T18:36:01+02:00</time>
      </trkpt>
      <trkpt lon="16.956378" lat="43.355371">
        <ele>101.0</ele>
        <time>2026-08-26T18:36:02+02:00</time>
      </trkpt>
      <trkpt lon="16.956419" lat="43.355241">
        <ele>101.0</ele>
        <time>2026-08-26T18:36:03+02:00</time>
      </trkpt>
      <trkpt lon="16.956458" lat="43.355103">
        <ele>102.0</ele>
        <time>2026-08-26T18:36:04+02:00</time>
      </trkpt>
      <trkpt lon="16.956503" lat="43.354974">
        <ele>102.0</ele>
        <time>2026-08-26T18:36:05+02:00</time>
      </trkpt>
      <trkpt lon="16.956559" lat="43.354833">
        <ele>102.0</ele>
        <time>2026-08-26T18:36:06+02:00</time>
      </trkpt>
      <trkpt lon="16.956615" lat="43.354697">
        <ele>101.0</ele>
        <time>2026-08-26T18:36:07+02:00</time>
      </trkpt>
      <trkpt lon="16.956676" lat="43.354569">
        <ele>101.0</ele>
        <time>2026-08-26T18:36:08+02:00</time>
      </trkpt>
      <trkpt lon="16.95675" lat="43.354437">
        <ele>101.0</ele>
        <time>2026-08-26T18:36:09+02:00</time>
      </trkpt>
      <trkpt lon="16.956833" lat="43.3543">
        <ele>101.0</ele>
        <time>2026-08-26T18:36:10+02:00</time>
      </trkpt>
      <trkpt lon="16.95692" lat="43.354166">
        <ele>101.0</ele>
        <time>2026-08-26T18:36:11+02:00</time>
      </trkpt>
      <trkpt lon="16.957022" lat="43.354027">
        <ele>101.0</ele>
        <time>2026-08-26T18:36:12+02:00</time>
      </trkpt>
      <trkpt lon="16.957141" lat="43.353892">
        <ele>100.0</ele>
        <time>2026-08-26T18:36:13+02:00</time>
      </trkpt>
      <trkpt lon="16.95728" lat="43.353758">
        <ele>102.0</ele>
        <time>2026-08-26T18:36:14+02:00</time>
      </trkpt>
      <trkpt lon="16.957428" lat="43.35363">
        <ele>102.0</ele>
        <time>2026-08-26T18:36:15+02:00</time>
      </trkpt>
      <trkpt lon="16.957584" lat="43.353509">
        <ele>101.0</ele>
        <time>2026-08-26T18:36:16+02:00</time>
      </trkpt>
      <trkpt lon="16.957742" lat="43.353391">
        <ele>100.0</ele>
        <time>2026-08-26T18:36:17+02:00</time>
      </trkpt>
      <trkpt lon="16.957907" lat="43.353283">
        <ele>100.0</ele>
        <time>2026-08-26T18:36:18+02:00</time>
      </trkpt>
      <trkpt lon="16.958078" lat="43.353186">
        <ele>100.0</ele>
        <time>2026-08-26T18:36:19+02:00</time>
      </trkpt>
      <trkpt lon="16.958267" lat="43.353088">
        <ele>100.0</ele>
        <time>2026-08-26T18:36:20+02:00</time>
      </trkpt>
      <trkpt lon="16.958449" lat="43.352997">
        <ele>100.0</ele>
        <time>2026-08-26T18:36:21+02:00</time>
      </trkpt>
      <trkpt lon="16.958642" lat="43.352902">
        <ele>101.0</ele>
        <time>2026-08-26T18:36:22+02:00</time>
      </trkpt>
      <trkpt lon="16.958844" lat="43.3528">
        <ele>101.0</ele>
        <time>2026-08-26T18:36:23+02:00</time>
      </trkpt>
      <trkpt lon="16.959048" lat="43.35269">
        <ele>101.0</ele>
        <time>2026-08-26T18:36:24+02:00</time>
      </trkpt>
      <trkpt lon="16.959258" lat="43.352577">
        <ele>101.0</ele>
        <time>2026-08-26T18:36:25+02:00</time>
      </trkpt>
      <trkpt lon="16.959449" lat="43.35247">
        <ele>101.0</ele>
        <time>2026-08-26T18:36:26+02:00</time>
      </trkpt>
      <trkpt lon="16.959656" lat="43.352351">
        <ele>101.0</ele>
        <time>2026-08-26T18:36:27+02:00</time>
      </trkpt>
      <trkpt lon="16.959855" lat="43.352236">
        <ele>101.0</ele>
        <time>2026-08-26T18:36:28+02:00</time>
      </trkpt>
      <trkpt lon="16.960047" lat="43.352122">
        <ele>101.0</ele>
        <time>2026-08-26T18:36:29+02:00</time>
      </trkpt>
      <trkpt lon="16.960236" lat="43.352009">
        <ele>101.0</ele>
        <time>2026-08-26T18:36:30+02:00</time>
      </trkpt>
      <trkpt lon="16.96043" lat="43.351889">
        <ele>101.0</ele>
        <time>2026-08-26T18:36:31+02:00</time>
      </trkpt>
      <trkpt lon="16.960625" lat="43.351771">
        <ele>101.0</ele>
        <time>2026-08-26T18:36:32+02:00</time>
      </trkpt>
      <trkpt lon="16.960812" lat="43.351653">
        <ele>101.0</ele>
        <time>2026-08-26T18:36:33+02:00</time>
      </trkpt>
      <trkpt lon="16.961" lat="43.351536">
        <ele>102.0</ele>
        <time>2026-08-26T18:36:34+02:00</time>
      </trkpt>
      <trkpt lon="16.961188" lat="43.351413">
        <ele>102.0</ele>
        <time>2026-08-26T18:36:35+02:00</time>
      </trkpt>
      <trkpt lon="16.961381" lat="43.351285">
        <ele>103.0</ele>
        <time>2026-08-26T18:36:36+02:00</time>
      </trkpt>
      <trkpt lon="16.961564" lat="43.351162">
        <ele>103.0</ele>
        <time>2026-08-26T18:36:37+02:00</time>
      </trkpt>
      <trkpt lon="16.961752" lat="43.351038">
        <ele>103.0</ele>
        <time>2026-08-26T18:36:38+02:00</time>
      </trkpt>
      <trkpt lon="16.961917" lat="43.350931">
        <ele>103.0</ele>
        <time>2026-08-26T18:36:39+02:00</time>
      </trkpt>
      <trkpt lon="16.962096" lat="43.350817">
        <ele>104.0</ele>
        <time>2026-08-26T18:36:40+02:00</time>
      </trkpt>
      <trkpt lon="16.962273" lat="43.350701">
        <ele>104.0</ele>
        <time>2026-08-26T18:36:41+02:00</time>
      </trkpt>
      <trkpt lon="16.96246" lat="43.350576">
        <ele>105.0</ele>
        <time>2026-08-26T18:36:42+02:00</time>
      </trkpt>
      <trkpt lon="16.962646" lat="43.350454">
        <ele>107.0</ele>
        <time>2026-08-26T18:36:43+02:00</time>
      </trkpt>
      <trkpt lon="16.962831" lat="43.350329">
        <ele>108.0</ele>
        <time>2026-08-26T18:36:44+02:00</time>
      </trkpt>
      <trkpt lon="16.963024" lat="43.350195">
        <ele>107.0</ele>
        <time>2026-08-26T18:36:45+02:00</time>
      </trkpt>
      <trkpt lon="16.963219" lat="43.350061">
        <ele>108.0</ele>
        <time>2026-08-26T18:36:46+02:00</time>
      </trkpt>
      <trkpt lon="16.963422" lat="43.349928">
        <ele>109.0</ele>
        <time>2026-08-26T18:36:47+02:00</time>
      </trkpt>
      <trkpt lon="16.96363" lat="43.349789">
        <ele>111.0</ele>
        <time>2026-08-26T18:36:48+02:00</time>
      </trkpt>
      <trkpt lon="16.963843" lat="43.34965">
        <ele>113.0</ele>
        <time>2026-08-26T18:36:49+02:00</time>
      </trkpt>
      <trkpt lon="16.964053" lat="43.34951">
        <ele>114.0</ele>
        <time>2026-08-26T18:36:50+02:00</time>
      </trkpt>
      <trkpt lon="16.964269" lat="43.349368">
        <ele>116.0</ele>
        <time>2026-08-26T18:36:51+02:00</time>
      </trkpt>
      <trkpt lon="16.964486" lat="43.349225">
        <ele>117.0</ele>
        <time>2026-08-26T18:36:52+02:00</time>
      </trkpt>
      <trkpt lon="16.964711" lat="43.349072">
        <ele>117.0</ele>
        <time>2026-08-26T18:36:53+02:00</time>
      </trkpt>
      <trkpt lon="16.964928" lat="43.348919">
        <ele>119.0</ele>
        <time>2026-08-26T18:36:54+02:00</time>
      </trkpt>
      <trkpt lon="16.965169" lat="43.348751">
        <ele>120.0</ele>
        <time>2026-08-26T18:36:55+02:00</time>
      </trkpt>
      <trkpt lon="16.965401" lat="43.348599">
        <ele>121.0</ele>
        <time>2026-08-26T18:36:56+02:00</time>
      </trkpt>
      <trkpt lon="16.965633" lat="43.348451">
        <ele>122.0</ele>
        <time>2026-08-26T18:36:57+02:00</time>
      </trkpt>
      <trkpt lon="16.965862" lat="43.348296">
        <ele>122.0</ele>
        <time>2026-08-26T18:36:58+02:00</time>
      </trkpt>
      <trkpt lon="16.966099" lat="43.348142">
        <ele>122.0</ele>
        <time>2026-08-26T18:36:59+02:00</time>
      </trkpt>
      <trkpt lon="16.966337" lat="43.347987">
        <ele>123.0</ele>
        <time>2026-08-26T18:37:00+02:00</time>
      </trkpt>
      <trkpt lon="16.966578" lat="43.347829">
        <ele>125.0</ele>
        <time>2026-08-26T18:37:01+02:00</time>
      </trkpt>
      <trkpt lon="16.966798" lat="43.347683">
        <ele>126.0</ele>
        <time>2026-08-26T18:37:02+02:00</time>
      </trkpt>
      <trkpt lon="16.967011" lat="43.347544">
        <ele>128.0</ele>
        <time>2026-08-26T18:37:03+02:00</time>
      </trkpt>
      <trkpt lon="16.967225" lat="43.3474">
        <ele>129.0</ele>
        <time>2026-08-26T18:37:04+02:00</time>
      </trkpt>
      <trkpt lon="16.967421" lat="43.347271">
        <ele>130.0</ele>
        <time>2026-08-26T18:37:05+02:00</time>
      </trkpt>
      <trkpt lon="16.967617" lat="43.347137">
        <ele>130.0</ele>
        <time>2026-08-26T18:37:06+02:00</time>
      </trkpt>
      <trkpt lon="16.967815" lat="43.347006">
        <ele>130.0</ele>
        <time>2026-08-26T18:37:07+02:00</time>
      </trkpt>
      <trkpt lon="16.96801" lat="43.346885">
        <ele>130.0</ele>
        <time>2026-08-26T18:37:08+02:00</time>
      </trkpt>
      <trkpt lon="16.968209" lat="43.346753">
        <ele>130.0</ele>
        <time>2026-08-26T18:37:09+02:00</time>
      </trkpt>
      <trkpt lon="16.968401" lat="43.346625">
        <ele>131.0</ele>
        <time>2026-08-26T18:37:10+02:00</time>
      </trkpt>
      <trkpt lon="16.968586" lat="43.346498">
        <ele>130.0</ele>
        <time>2026-08-26T18:37:11+02:00</time>
      </trkpt>
      <trkpt lon="16.968774" lat="43.346368">
        <ele>132.0</ele>
        <time>2026-08-26T18:37:12+02:00</time>
      </trkpt>
      <trkpt lon="16.968964" lat="43.346241">
        <ele>132.0</ele>
        <time>2026-08-26T18:37:13+02:00</time>
      </trkpt>
      <trkpt lon="16.969159" lat="43.346111">
        <ele>131.0</ele>
        <time>2026-08-26T18:37:14+02:00</time>
      </trkpt>
      <trkpt lon="16.969359" lat="43.34598">
        <ele>131.0</ele>
        <time>2026-08-26T18:37:15+02:00</time>
      </trkpt>
      <trkpt lon="16.969554" lat="43.345851">
        <ele>131.0</ele>
        <time>2026-08-26T18:37:16+02:00</time>
      </trkpt>
      <trkpt lon="16.969747" lat="43.345718">
        <ele>131.0</ele>
        <time>2026-08-26T18:37:17+02:00</time>
      </trkpt>
      <trkpt lon="16.969929" lat="43.345588">
        <ele>131.0</ele>
        <time>2026-08-26T18:37:18+02:00</time>
      </trkpt>
      <trkpt lon="16.970098" lat="43.345461">
        <ele>132.0</ele>
        <time>2026-08-26T18:37:19+02:00</time>
      </trkpt>
      <trkpt lon="16.970259" lat="43.345337">
        <ele>132.0</ele>
        <time>2026-08-26T18:37:20+02:00</time>
      </trkpt>
      <trkpt lon="16.970406" lat="43.34522">
        <ele>132.0</ele>
        <time>2026-08-26T18:37:21+02:00</time>
      </trkpt>
      <trkpt lon="16.970539" lat="43.345108">
        <ele>132.0</ele>
        <time>2026-08-26T18:37:22+02:00</time>
      </trkpt>
      <trkpt lon="16.970668" lat="43.344992">
        <ele>132.0</ele>
        <time>2026-08-26T18:37:23+02:00</time>
      </trkpt>
      <trkpt lon="16.970782" lat="43.344881">
        <ele>133.0</ele>
        <time>2026-08-26T18:37:24+02:00</time>
      </trkpt>
      <trkpt lon="16.970899" lat="43.344772">
        <ele>132.0</ele>
        <time>2026-08-26T18:37:25+02:00</time>
      </trkpt>
      <trkpt lon="16.971013" lat="43.344654">
        <ele>132.0</ele>
        <time>2026-08-26T18:37:26+02:00</time>
      </trkpt>
      <trkpt lon="16.971116" lat="43.344537">
        <ele>131.0</ele>
        <time>2026-08-26T18:37:27+02:00</time>
      </trkpt>
      <trkpt lon="16.971214" lat="43.344425">
        <ele>130.0</ele>
        <time>2026-08-26T18:37:28+02:00</time>
      </trkpt>
      <trkpt lon="16.971302" lat="43.344307">
        <ele>130.0</ele>
        <time>2026-08-26T18:37:29+02:00</time>
      </trkpt>
      <trkpt lon="16.971383" lat="43.344186">
        <ele>130.0</ele>
        <time>2026-08-26T18:37:30+02:00</time>
      </trkpt>
      <trkpt lon="16.971459" lat="43.344075">
        <ele>130.0</ele>
        <time>2026-08-26T18:37:31+02:00</time>
      </trkpt>
      <trkpt lon="16.971539" lat="43.34395">
        <ele>129.0</ele>
        <time>2026-08-26T18:37:32+02:00</time>
      </trkpt>
      <trkpt lon="16.971614" lat="43.343826">
        <ele>129.0</ele>
        <time>2026-08-26T18:37:33+02:00</time>
      </trkpt>
      <trkpt lon="16.971678" lat="43.343715">
        <ele>129.0</ele>
        <time>2026-08-26T18:37:34+02:00</time>
      </trkpt>
      <trkpt lon="16.971743" lat="43.343601">
        <ele>127.0</ele>
        <time>2026-08-26T18:37:35+02:00</time>
      </trkpt>
      <trkpt lon="16.971815" lat="43.343486">
        <ele>127.0</ele>
        <time>2026-08-26T18:37:36+02:00</time>
      </trkpt>
      <trkpt lon="16.971892" lat="43.343381">
        <ele>127.0</ele>
        <time>2026-08-26T18:37:37+02:00</time>
      </trkpt>
      <trkpt lon="16.971984" lat="43.343279">
        <ele>126.0</ele>
        <time>2026-08-26T18:37:38+02:00</time>
      </trkpt>
      <trkpt lon="16.972085" lat="43.343184">
        <ele>126.0</ele>
        <time>2026-08-26T18:37:39+02:00</time>
      </trkpt>
      <trkpt lon="16.972195" lat="43.343099">
        <ele>126.0</ele>
        <time>2026-08-26T18:37:40+02:00</time>
      </trkpt>
      <trkpt lon="16.972326" lat="43.343011">
        <ele>126.0</ele>
        <time>2026-08-26T18:37:41+02:00</time>
      </trkpt>
      <trkpt lon="16.972463" lat="43.342927">
        <ele>125.0</ele>
        <time>2026-08-26T18:37:42+02:00</time>
      </trkpt>
      <trkpt lon="16.972604" lat="43.342843">
        <ele>124.0</ele>
        <time>2026-08-26T18:37:43+02:00</time>
      </trkpt>
      <trkpt lon="16.972734" lat="43.342764">
        <ele>123.0</ele>
        <time>2026-08-26T18:37:44+02:00</time>
      </trkpt>
      <trkpt lon="16.972874" lat="43.342686">
        <ele>122.0</ele>
        <time>2026-08-26T18:37:45+02:00</time>
      </trkpt>
      <trkpt lon="16.973014" lat="43.342611">
        <ele>122.0</ele>
        <time>2026-08-26T18:37:46+02:00</time>
      </trkpt>
      <trkpt lon="16.973162" lat="43.342532">
        <ele>121.0</ele>
        <time>2026-08-26T18:37:47+02:00</time>
      </trkpt>
      <trkpt lon="16.973307" lat="43.342449">
        <ele>120.0</ele>
        <time>2026-08-26T18:37:48+02:00</time>
      </trkpt>
      <trkpt lon="16.973436" lat="43.342364">
        <ele>120.0</ele>
        <time>2026-08-26T18:37:49+02:00</time>
      </trkpt>
      <trkpt lon="16.973559" lat="43.34227">
        <ele>120.0</ele>
        <time>2026-08-26T18:37:50+02:00</time>
      </trkpt>
      <trkpt lon="16.973669" lat="43.342166">
        <ele>119.0</ele>
        <time>2026-08-26T18:37:51+02:00</time>
      </trkpt>
      <trkpt lon="16.973761" lat="43.342048">
        <ele>120.0</ele>
        <time>2026-08-26T18:37:52+02:00</time>
      </trkpt>
      <trkpt lon="16.97381" lat="43.341924">
        <ele>119.0</ele>
        <time>2026-08-26T18:37:53+02:00</time>
      </trkpt>
      <trkpt lon="16.973828" lat="43.341791">
        <ele>118.0</ele>
        <time>2026-08-26T18:37:54+02:00</time>
      </trkpt>
      <trkpt lon="16.973821" lat="43.341662">
        <ele>118.0</ele>
        <time>2026-08-26T18:37:55+02:00</time>
      </trkpt>
      <trkpt lon="16.973787" lat="43.341525">
        <ele>116.0</ele>
        <time>2026-08-26T18:37:56+02:00</time>
      </trkpt>
      <trkpt lon="16.973719" lat="43.341397">
        <ele>115.0</ele>
        <time>2026-08-26T18:37:57+02:00</time>
      </trkpt>
      <trkpt lon="16.973627" lat="43.341266">
        <ele>114.0</ele>
        <time>2026-08-26T18:37:58+02:00</time>
      </trkpt>
      <trkpt lon="16.973522" lat="43.341137">
        <ele>112.0</ele>
        <time>2026-08-26T18:37:59+02:00</time>
      </trkpt>
      <trkpt lon="16.973422" lat="43.34101">
        <ele>112.0</ele>
        <time>2026-08-26T18:38:00+02:00</time>
      </trkpt>
      <trkpt lon="16.973356" lat="43.340877">
        <ele>112.0</ele>
        <time>2026-08-26T18:38:01+02:00</time>
      </trkpt>
      <trkpt lon="16.973326" lat="43.340735">
        <ele>112.0</ele>
        <time>2026-08-26T18:38:02+02:00</time>
      </trkpt>
      <trkpt lon="16.973321" lat="43.340585">
        <ele>111.0</ele>
        <time>2026-08-26T18:38:03+02:00</time>
      </trkpt>
      <trkpt lon="16.973346" lat="43.340432">
        <ele>111.0</ele>
        <time>2026-08-26T18:38:04+02:00</time>
      </trkpt>
      <trkpt lon="16.973412" lat="43.340286">
        <ele>110.0</ele>
        <time>2026-08-26T18:38:05+02:00</time>
      </trkpt>
      <trkpt lon="16.973501" lat="43.340144">
        <ele>110.0</ele>
        <time>2026-08-26T18:38:06+02:00</time>
      </trkpt>
      <trkpt lon="16.9736" lat="43.340019">
        <ele>109.0</ele>
        <time>2026-08-26T18:38:07+02:00</time>
      </trkpt>
      <trkpt lon="16.973709" lat="43.339895">
        <ele>109.0</ele>
        <time>2026-08-26T18:38:08+02:00</time>
      </trkpt>
      <trkpt lon="16.973822" lat="43.339774">
        <ele>109.0</ele>
        <time>2026-08-26T18:38:09+02:00</time>
      </trkpt>
      <trkpt lon="16.973936" lat="43.339661">
        <ele>108.0</ele>
        <time>2026-08-26T18:38:10+02:00</time>
      </trkpt>
      <trkpt lon="16.974046" lat="43.339546">
        <ele>107.0</ele>
        <time>2026-08-26T18:38:11+02:00</time>
      </trkpt>
      <trkpt lon="16.974143" lat="43.33943">
        <ele>108.0</ele>
        <time>2026-08-26T18:38:12+02:00</time>
      </trkpt>
      <trkpt lon="16.974246" lat="43.339315">
        <ele>107.0</ele>
        <time>2026-08-26T18:38:13+02:00</time>
      </trkpt>
      <trkpt lon="16.97435" lat="43.339191">
        <ele>107.0</ele>
        <time>2026-08-26T18:38:14+02:00</time>
      </trkpt>
      <trkpt lon="16.974452" lat="43.339064">
        <ele>107.0</ele>
        <time>2026-08-26T18:38:15+02:00</time>
      </trkpt>
      <trkpt lon="16.974566" lat="43.33894">
        <ele>107.0</ele>
        <time>2026-08-26T18:38:16+02:00</time>
      </trkpt>
      <trkpt lon="16.974675" lat="43.338821">
        <ele>107.0</ele>
        <time>2026-08-26T18:38:17+02:00</time>
      </trkpt>
      <trkpt lon="16.974773" lat="43.33871">
        <ele>108.0</ele>
        <time>2026-08-26T18:38:18+02:00</time>
      </trkpt>
      <trkpt lon="16.974865" lat="43.338606">
        <ele>108.0</ele>
        <time>2026-08-26T18:38:19+02:00</time>
      </trkpt>
      <trkpt lon="16.974957" lat="43.338502">
        <ele>108.0</ele>
        <time>2026-08-26T18:38:20+02:00</time>
      </trkpt>
      <trkpt lon="16.975042" lat="43.338407">
        <ele>109.0</ele>
        <time>2026-08-26T18:38:21+02:00</time>
      </trkpt>
      <trkpt lon="16.975131" lat="43.338306">
        <ele>109.0</ele>
        <time>2026-08-26T18:38:22+02:00</time>
      </trkpt>
      <trkpt lon="16.975228" lat="43.338202">
        <ele>108.0</ele>
        <time>2026-08-26T18:38:23+02:00</time>
      </trkpt>
      <trkpt lon="16.975345" lat="43.338097">
        <ele>108.0</ele>
        <time>2026-08-26T18:38:24+02:00</time>
      </trkpt>
      <trkpt lon="16.975485" lat="43.337994">
        <ele>108.0</ele>
        <time>2026-08-26T18:38:25+02:00</time>
      </trkpt>
      <trkpt lon="16.975638" lat="43.3379">
        <ele>107.0</ele>
        <time>2026-08-26T18:38:26+02:00</time>
      </trkpt>
      <trkpt lon="16.975818" lat="43.337813">
        <ele>107.0</ele>
        <time>2026-08-26T18:38:27+02:00</time>
      </trkpt>
      <trkpt lon="16.976011" lat="43.337732">
        <ele>107.0</ele>
        <time>2026-08-26T18:38:28+02:00</time>
      </trkpt>
      <trkpt lon="16.976207" lat="43.337655">
        <ele>107.0</ele>
        <time>2026-08-26T18:38:29+02:00</time>
      </trkpt>
      <trkpt lon="16.976383" lat="43.337582">
        <ele>107.0</ele>
        <time>2026-08-26T18:38:30+02:00</time>
      </trkpt>
      <trkpt lon="16.976544" lat="43.33751">
        <ele>106.0</ele>
        <time>2026-08-26T18:38:31+02:00</time>
      </trkpt>
      <trkpt lon="16.976691" lat="43.337434">
        <ele>107.0</ele>
        <time>2026-08-26T18:38:32+02:00</time>
      </trkpt>
      <trkpt lon="16.976845" lat="43.337339">
        <ele>107.0</ele>
        <time>2026-08-26T18:38:33+02:00</time>
      </trkpt>
      <trkpt lon="16.976993" lat="43.337234">
        <ele>106.0</ele>
        <time>2026-08-26T18:38:34+02:00</time>
      </trkpt>
      <trkpt lon="16.977133" lat="43.337115">
        <ele>106.0</ele>
        <time>2026-08-26T18:38:35+02:00</time>
      </trkpt>
      <trkpt lon="16.977251" lat="43.336987">
        <ele>106.0</ele>
        <time>2026-08-26T18:38:36+02:00</time>
      </trkpt>
      <trkpt lon="16.977334" lat="43.33686">
        <ele>106.0</ele>
        <time>2026-08-26T18:38:37+02:00</time>
      </trkpt>
      <trkpt lon="16.977395" lat="43.33672">
        <ele>106.0</ele>
        <time>2026-08-26T18:38:38+02:00</time>
      </trkpt>
      <trkpt lon="16.97742" lat="43.336575">
        <ele>106.0</ele>
        <time>2026-08-26T18:38:39+02:00</time>
      </trkpt>
      <trkpt lon="16.977426" lat="43.336432">
        <ele>107.0</ele>
        <time>2026-08-26T18:38:40+02:00</time>
      </trkpt>
      <trkpt lon="16.977421" lat="43.336282">
        <ele>105.0</ele>
        <time>2026-08-26T18:38:41+02:00</time>
      </trkpt>
      <trkpt lon="16.977411" lat="43.336131">
        <ele>105.0</ele>
        <time>2026-08-26T18:38:42+02:00</time>
      </trkpt>
      <trkpt lon="16.977396" lat="43.335979">
        <ele>105.0</ele>
        <time>2026-08-26T18:38:43+02:00</time>
      </trkpt>
      <trkpt lon="16.977394" lat="43.335844">
        <ele>105.0</ele>
        <time>2026-08-26T18:38:44+02:00</time>
      </trkpt>
      <trkpt lon="16.977409" lat="43.335697">
        <ele>105.0</ele>
        <time>2026-08-26T18:38:45+02:00</time>
      </trkpt>
      <trkpt lon="16.977444" lat="43.335541">
        <ele>105.0</ele>
        <time>2026-08-26T18:38:46+02:00</time>
      </trkpt>
      <trkpt lon="16.977488" lat="43.335377">
        <ele>105.0</ele>
        <time>2026-08-26T18:38:47+02:00</time>
      </trkpt>
      <trkpt lon="16.977548" lat="43.335204">
        <ele>106.0</ele>
        <time>2026-08-26T18:38:48+02:00</time>
      </trkpt>
      <trkpt lon="16.977618" lat="43.335034">
        <ele>106.0</ele>
        <time>2026-08-26T18:38:49+02:00</time>
      </trkpt>
      <trkpt lon="16.977697" lat="43.334867">
        <ele>107.0</ele>
        <time>2026-08-26T18:38:50+02:00</time>
      </trkpt>
      <trkpt lon="16.977775" lat="43.334709">
        <ele>107.0</ele>
        <time>2026-08-26T18:38:51+02:00</time>
      </trkpt>
      <trkpt lon="16.977852" lat="43.334554">
        <ele>107.0</ele>
        <time>2026-08-26T18:38:52+02:00</time>
      </trkpt>
      <trkpt lon="16.977921" lat="43.334402">
        <ele>107.0</ele>
        <time>2026-08-26T18:38:53+02:00</time>
      </trkpt>
      <trkpt lon="16.977984" lat="43.33424">
        <ele>107.0</ele>
        <time>2026-08-26T18:38:54+02:00</time>
      </trkpt>
      <trkpt lon="16.978037" lat="43.334084">
        <ele>107.0</ele>
        <time>2026-08-26T18:38:55+02:00</time>
      </trkpt>
      <trkpt lon="16.978083" lat="43.333911">
        <ele>108.0</ele>
        <time>2026-08-26T18:38:56+02:00</time>
      </trkpt>
      <trkpt lon="16.978114" lat="43.333756">
        <ele>108.0</ele>
        <time>2026-08-26T18:38:57+02:00</time>
      </trkpt>
      <trkpt lon="16.978135" lat="43.333589">
        <ele>108.0</ele>
        <time>2026-08-26T18:38:58+02:00</time>
      </trkpt>
      <trkpt lon="16.978154" lat="43.333421">
        <ele>110.0</ele>
        <time>2026-08-26T18:38:59+02:00</time>
      </trkpt>
      <trkpt lon="16.978171" lat="43.333259">
        <ele>109.0</ele>
        <time>2026-08-26T18:39:00+02:00</time>
      </trkpt>
      <trkpt lon="16.978191" lat="43.333107">
        <ele>110.0</ele>
        <time>2026-08-26T18:39:01+02:00</time>
      </trkpt>
      <trkpt lon="16.978209" lat="43.332956">
        <ele>110.0</ele>
        <time>2026-08-26T18:39:02+02:00</time>
      </trkpt>
      <trkpt lon="16.978237" lat="43.332791">
        <ele>110.0</ele>
        <time>2026-08-26T18:39:03+02:00</time>
      </trkpt>
      <trkpt lon="16.978281" lat="43.332626">
        <ele>111.0</ele>
        <time>2026-08-26T18:39:04+02:00</time>
      </trkpt>
      <trkpt lon="16.978346" lat="43.332467">
        <ele>110.0</ele>
        <time>2026-08-26T18:39:05+02:00</time>
      </trkpt>
      <trkpt lon="16.978436" lat="43.33231">
        <ele>111.0</ele>
        <time>2026-08-26T18:39:06+02:00</time>
      </trkpt>
      <trkpt lon="16.978544" lat="43.332178">
        <ele>111.0</ele>
        <time>2026-08-26T18:39:07+02:00</time>
      </trkpt>
      <trkpt lon="16.978676" lat="43.332046">
        <ele>111.0</ele>
        <time>2026-08-26T18:39:08+02:00</time>
      </trkpt>
      <trkpt lon="16.978828" lat="43.331931">
        <ele>112.0</ele>
        <time>2026-08-26T18:39:09+02:00</time>
      </trkpt>
      <trkpt lon="16.97899" lat="43.331829">
        <ele>112.0</ele>
        <time>2026-08-26T18:39:10+02:00</time>
      </trkpt>
      <trkpt lon="16.979171" lat="43.331741">
        <ele>112.0</ele>
        <time>2026-08-26T18:39:11+02:00</time>
      </trkpt>
      <trkpt lon="16.979363" lat="43.331669">
        <ele>113.0</ele>
        <time>2026-08-26T18:39:12+02:00</time>
      </trkpt>
      <trkpt lon="16.979566" lat="43.331606">
        <ele>114.0</ele>
        <time>2026-08-26T18:39:13+02:00</time>
      </trkpt>
      <trkpt lon="16.979762" lat="43.331552">
        <ele>114.0</ele>
        <time>2026-08-26T18:39:14+02:00</time>
      </trkpt>
      <trkpt lon="16.979966" lat="43.331509">
        <ele>115.0</ele>
        <time>2026-08-26T18:39:15+02:00</time>
      </trkpt>
      <trkpt lon="16.980168" lat="43.331472">
        <ele>115.0</ele>
        <time>2026-08-26T18:39:16+02:00</time>
      </trkpt>
      <trkpt lon="16.980376" lat="43.331437">
        <ele>116.0</ele>
        <time>2026-08-26T18:39:17+02:00</time>
      </trkpt>
      <trkpt lon="16.980598" lat="43.331399">
        <ele>116.0</ele>
        <time>2026-08-26T18:39:18+02:00</time>
      </trkpt>
      <trkpt lon="16.980803" lat="43.331363">
        <ele>118.0</ele>
        <time>2026-08-26T18:39:19+02:00</time>
      </trkpt>
      <trkpt lon="16.98099" lat="43.331329">
        <ele>118.0</ele>
        <time>2026-08-26T18:39:20+02:00</time>
      </trkpt>
      <trkpt lon="16.981169" lat="43.331293">
        <ele>119.0</ele>
        <time>2026-08-26T18:39:21+02:00</time>
      </trkpt>
      <trkpt lon="16.981337" lat="43.331256">
        <ele>119.0</ele>
        <time>2026-08-26T18:39:22+02:00</time>
      </trkpt>
      <trkpt lon="16.981512" lat="43.3312">
        <ele>119.0</ele>
        <time>2026-08-26T18:39:23+02:00</time>
      </trkpt>
      <trkpt lon="16.981691" lat="43.331133">
        <ele>119.0</ele>
        <time>2026-08-26T18:39:24+02:00</time>
      </trkpt>
      <trkpt lon="16.981861" lat="43.331041">
        <ele>120.0</ele>
        <time>2026-08-26T18:39:25+02:00</time>
      </trkpt>
      <trkpt lon="16.982017" lat="43.330927">
        <ele>120.0</ele>
        <time>2026-08-26T18:39:26+02:00</time>
      </trkpt>
      <trkpt lon="16.982151" lat="43.330796">
        <ele>120.0</ele>
        <time>2026-08-26T18:39:27+02:00</time>
      </trkpt>
      <trkpt lon="16.982243" lat="43.330669">
        <ele>121.0</ele>
        <time>2026-08-26T18:39:28+02:00</time>
      </trkpt>
      <trkpt lon="16.982308" lat="43.330537">
        <ele>122.0</ele>
        <time>2026-08-26T18:39:29+02:00</time>
      </trkpt>
      <trkpt lon="16.982354" lat="43.330405">
        <ele>123.0</ele>
        <time>2026-08-26T18:39:30+02:00</time>
      </trkpt>
      <trkpt lon="16.982397" lat="43.330269">
        <ele>123.0</ele>
        <time>2026-08-26T18:39:31+02:00</time>
      </trkpt>
      <trkpt lon="16.982434" lat="43.330131">
        <ele>122.0</ele>
        <time>2026-08-26T18:39:32+02:00</time>
      </trkpt>
      <trkpt lon="16.982468" lat="43.330003">
        <ele>122.0</ele>
        <time>2026-08-26T18:39:33+02:00</time>
      </trkpt>
      <trkpt lon="16.982498" lat="43.32987">
        <ele>123.0</ele>
        <time>2026-08-26T18:39:34+02:00</time>
      </trkpt>
      <trkpt lon="16.982524" lat="43.32974">
        <ele>123.0</ele>
        <time>2026-08-26T18:39:35+02:00</time>
      </trkpt>
      <trkpt lon="16.982552" lat="43.32961">
        <ele>123.0</ele>
        <time>2026-08-26T18:39:36+02:00</time>
      </trkpt>
      <trkpt lon="16.982578" lat="43.329477">
        <ele>124.0</ele>
        <time>2026-08-26T18:39:37+02:00</time>
      </trkpt>
      <trkpt lon="16.982605" lat="43.329346">
        <ele>124.0</ele>
        <time>2026-08-26T18:39:38+02:00</time>
      </trkpt>
      <trkpt lon="16.982631" lat="43.329213">
        <ele>125.0</ele>
        <time>2026-08-26T18:39:39+02:00</time>
      </trkpt>
      <trkpt lon="16.982656" lat="43.329092">
        <ele>125.0</ele>
        <time>2026-08-26T18:39:40+02:00</time>
      </trkpt>
      <trkpt lon="16.982683" lat="43.328966">
        <ele>126.0</ele>
        <time>2026-08-26T18:39:41+02:00</time>
      </trkpt>
      <trkpt lon="16.982708" lat="43.328837">
        <ele>127.0</ele>
        <time>2026-08-26T18:39:42+02:00</time>
      </trkpt>
      <trkpt lon="16.982735" lat="43.328701">
        <ele>127.0</ele>
        <time>2026-08-26T18:39:43+02:00</time>
      </trkpt>
      <trkpt lon="16.982771" lat="43.328568">
        <ele>128.0</ele>
        <time>2026-08-26T18:39:44+02:00</time>
      </trkpt>
      <trkpt lon="16.982813" lat="43.328435">
        <ele>129.0</ele>
        <time>2026-08-26T18:39:45+02:00</time>
      </trkpt>
      <trkpt lon="16.982863" lat="43.328314">
        <ele>130.0</ele>
        <time>2026-08-26T18:39:46+02:00</time>
      </trkpt>
      <trkpt lon="16.982922" lat="43.3282">
        <ele>131.0</ele>
        <time>2026-08-26T18:39:47+02:00</time>
      </trkpt>
      <trkpt lon="16.982996" lat="43.328082">
        <ele>131.0</ele>
        <time>2026-08-26T18:39:48+02:00</time>
      </trkpt>
      <trkpt lon="16.98308" lat="43.327972">
        <ele>133.0</ele>
        <time>2026-08-26T18:39:49+02:00</time>
      </trkpt>
      <trkpt lon="16.98318" lat="43.327871">
        <ele>134.0</ele>
        <time>2026-08-26T18:39:50+02:00</time>
      </trkpt>
      <trkpt lon="16.983302" lat="43.32777">
        <ele>134.0</ele>
        <time>2026-08-26T18:39:51+02:00</time>
      </trkpt>
      <trkpt lon="16.983435" lat="43.327683">
        <ele>135.0</ele>
        <time>2026-08-26T18:39:52+02:00</time>
      </trkpt>
      <trkpt lon="16.983585" lat="43.327611">
        <ele>135.0</ele>
        <time>2026-08-26T18:39:53+02:00</time>
      </trkpt>
      <trkpt lon="16.983734" lat="43.327557">
        <ele>135.0</ele>
        <time>2026-08-26T18:39:54+02:00</time>
      </trkpt>
      <trkpt lon="16.983867" lat="43.327526">
        <ele>135.0</ele>
        <time>2026-08-26T18:39:55+02:00</time>
      </trkpt>
      <trkpt lon="16.984005" lat="43.327501">
        <ele>135.0</ele>
        <time>2026-08-26T18:39:56+02:00</time>
      </trkpt>
      <trkpt lon="16.984145" lat="43.327483">
        <ele>136.0</ele>
        <time>2026-08-26T18:39:57+02:00</time>
      </trkpt>
      <trkpt lon="16.984274" lat="43.327478">
        <ele>135.0</ele>
        <time>2026-08-26T18:39:58+02:00</time>
      </trkpt>
      <trkpt lon="16.984417" lat="43.327483">
        <ele>136.0</ele>
        <time>2026-08-26T18:39:59+02:00</time>
      </trkpt>
      <trkpt lon="16.984555" lat="43.327496">
        <ele>136.0</ele>
        <time>2026-08-26T18:40:00+02:00</time>
      </trkpt>
      <trkpt lon="16.984695" lat="43.327519">
        <ele>136.0</ele>
        <time>2026-08-26T18:40:01+02:00</time>
      </trkpt>
      <trkpt lon="16.984829" lat="43.327551">
        <ele>136.0</ele>
        <time>2026-08-26T18:40:02+02:00</time>
      </trkpt>
      <trkpt lon="16.984952" lat="43.327596">
        <ele>136.0</ele>
        <time>2026-08-26T18:40:03+02:00</time>
      </trkpt>
      <trkpt lon="16.985145" lat="43.327677">
        <ele>137.0</ele>
        <time>2026-08-26T18:40:05+02:00</time>
      </trkpt>
      <trkpt lon="16.985209" lat="43.327706">
        <ele>137.0</ele>
        <time>2026-08-26T18:40:06+02:00</time>
      </trkpt>
      <trkpt lon="16.985263" lat="43.327728">
        <ele>138.0</ele>
        <time>2026-08-26T18:40:07+02:00</time>
      </trkpt>
      <trkpt lon="16.98535" lat="43.327761">
        <ele>136.0</ele>
        <time>2026-08-26T18:40:09+02:00</time>
      </trkpt>
      <trkpt lon="16.985384" lat="43.327785">
        <ele>136.0</ele>
        <time>2026-08-26T18:40:11+02:00</time>
      </trkpt>
      <trkpt lon="16.985368" lat="43.327846">
        <ele>137.0</ele>
        <time>2026-08-26T18:40:21+02:00</time>
      </trkpt>
      <trkpt lon="16.985282" lat="43.327818">
        <ele>137.0</ele>
        <time>2026-08-26T18:40:23+02:00</time>
      </trkpt>
      <trkpt lon="16.98523" lat="43.327777">
        <ele>137.0</ele>
        <time>2026-08-26T18:40:24+02:00</time>
      </trkpt>
      <trkpt lon="16.985142" lat="43.327724">
        <ele>137.0</ele>
        <time>2026-08-26T18:40:25+02:00</time>
      </trkpt>
      <trkpt lon="16.985025" lat="43.327671">
        <ele>137.0</ele>
        <time>2026-08-26T18:40:26+02:00</time>
      </trkpt>
      <trkpt lon="16.98489" lat="43.327618">
        <ele>137.0</ele>
        <time>2026-08-26T18:40:27+02:00</time>
      </trkpt>
      <trkpt lon="16.984774" lat="43.327579">
        <ele>137.0</ele>
        <time>2026-08-26T18:40:28+02:00</time>
      </trkpt>
      <trkpt lon="16.984597" lat="43.327536">
        <ele>136.0</ele>
        <time>2026-08-26T18:40:30+02:00</time>
      </trkpt>
      <trkpt lon="16.984535" lat="43.327529">
        <ele>136.0</ele>
        <time>2026-08-26T18:40:31+02:00</time>
      </trkpt>
      <trkpt lon="16.984448" lat="43.327535">
        <ele>136.0</ele>
        <time>2026-08-26T18:40:33+02:00</time>
      </trkpt>
      <trkpt lon="16.984394" lat="43.32757">
        <ele>137.0</ele>
        <time>2026-08-26T18:40:37+02:00</time>
      </trkpt>
      <trkpt lon="16.984386" lat="43.327575">
        <ele>136.0</ele>
        <time>2026-08-26T18:40:38+02:00</time>
      </trkpt>
      <trkpt lon="16.984457" lat="43.327591">
        <ele>137.0</ele>
        <time>2026-08-26T18:41:02+02:00</time>
      </trkpt>
      <trkpt lon="16.984482" lat="43.327583">
        <ele>136.0</ele>
        <time>2026-08-26T18:41:04+02:00</time>
      </trkpt>
      <trkpt lon="16.984544" lat="43.327563">
        <ele>138.0</ele>
        <time>2026-08-26T18:41:22+02:00</time>
      </trkpt>
      <trkpt lon="16.984589" lat="43.327597">
        <ele>139.0</ele>
        <time>2026-08-26T18:41:24+02:00</time>
      </trkpt>
      <trkpt lon="16.984649" lat="43.327617">
        <ele>139.0</ele>
        <time>2026-08-26T18:41:26+02:00</time>
      </trkpt>
      <trkpt lon="16.984713" lat="43.327626">
        <ele>139.0</ele>
        <time>2026-08-26T18:41:28+02:00</time>
      </trkpt>
      <trkpt lon="16.984806" lat="43.327645">
        <ele>141.0</ele>
        <time>2026-08-26T18:41:31+02:00</time>
      </trkpt>
      <trkpt lon="16.984808" lat="43.327674">
        <ele>141.0</ele>
        <time>2026-08-26T18:41:34+02:00</time>
      </trkpt>
      <trkpt lon="16.984798" lat="43.327672">
        <ele>139.0</ele>
        <time>2026-08-26T18:41:44+02:00</time>
      </trkpt>
      <trkpt lon="16.984861" lat="43.327666">
        <ele>142.0</ele>
        <time>2026-08-26T18:43:40+02:00</time>
      </trkpt>
      <trkpt lon="16.984855" lat="43.327664">
        <ele>142.0</ele>
        <time>2026-08-26T18:43:42+02:00</time>
      </trkpt>
      <trkpt lon="16.984813" lat="43.327631">
        <ele>142.0</ele>
        <time>2026-08-26T18:43:55+02:00</time>
      </trkpt>
      <trkpt lon="16.984802" lat="43.327641">
        <ele>142.0</ele>
        <time>2026-08-26T18:43:56+02:00</time>
      </trkpt>
      <trkpt lon="16.984798" lat="43.327708">
        <ele>142.0</ele>
        <time>2026-08-26T18:43:58+02:00</time>
      </trkpt>
      <trkpt lon="16.984741" lat="43.327683">
        <ele>143.0</ele>
        <time>2026-08-26T18:44:02+02:00</time>
      </trkpt>
      <trkpt lon="16.984689" lat="43.327712">
        <ele>143.0</ele>
        <time>2026-08-26T18:44:07+02:00</time>
      </trkpt>
      <trkpt lon="16.984715" lat="43.327671">
        <ele>142.0</ele>
        <time>2026-08-26T18:44:10+02:00</time>
      </trkpt>
      <trkpt lon="16.984768" lat="43.327643">
        <ele>143.0</ele>
        <time>2026-08-26T18:44:20+02:00</time>
      </trkpt>
      <trkpt lon="16.984822" lat="43.327664">
        <ele>143.0</ele>
        <time>2026-08-26T18:45:08+02:00</time>
      </trkpt>
      <trkpt lon="16.984829" lat="43.327687">
        <ele>142.0</ele>
        <time>2026-08-26T18:45:10+02:00</time>
      </trkpt>
      <trkpt lon="16.98488" lat="43.32766">
        <ele>142.0</ele>
        <time>2026-08-26T18:45:51+02:00</time>
      </trkpt>
      <trkpt lon="16.984805" lat="43.327643">
        <ele>143.0</ele>
        <time>2026-08-26T18:46:24+02:00</time>
      </trkpt>
      <trkpt lon="16.984789" lat="43.327653">
        <ele>143.0</ele>
        <time>2026-08-26T18:46:26+02:00</time>
      </trkpt>
      <trkpt lon="16.984755" lat="43.327692">
        <ele>142.0</ele>
        <time>2026-08-26T18:46:31+02:00</time>
      </trkpt>
      <trkpt lon="16.984722" lat="43.327652">
        <ele>143.0</ele>
        <time>2026-08-26T18:46:38+02:00</time>
      </trkpt>
      <trkpt lon="16.984761" lat="43.327612">
        <ele>143.0</ele>
        <time>2026-08-26T18:46:45+02:00</time>
      </trkpt>
      <trkpt lon="16.984743" lat="43.327663">
        <ele>143.0</ele>
        <time>2026-08-26T18:47:00+02:00</time>
      </trkpt>
      <trkpt lon="16.984748" lat="43.327668">
        <ele>143.0</ele>
        <time>2026-08-26T18:47:01+02:00</time>
      </trkpt>
      <trkpt lon="16.984725" lat="43.327715">
        <ele>143.0</ele>
        <time>2026-08-26T18:47:06+02:00</time>
      </trkpt>
      <trkpt lon="16.984789" lat="43.327713">
        <ele>142.0</ele>
        <time>2026-08-26T18:47:14+02:00</time>
      </trkpt>
    </trkseg>
  </trk>
</gpx>
